spcode,sciname,comname,family,n_features,esa_code,er_code,er_score,is_v7,mdl_key,pct_marine
R00B,Abies fraseri,Fraser fir,Pinaceae,1,LC,FWS:LC,1,FALSE,rng_fws|R00B,0
Q009,Abronia alpina,Ramshaw Meadows sand-verbena,Nyctaginaceae,1,LC,FWS:LC,1,FALSE,rng_fws|Q009,0
Q24E,Abronia macrocarpa,Large-fruited sand-verbena,Nyctaginaceae,1,EN,FWS:EN,100,FALSE,rng_fws|Q24E,0
Q1SJ,Abutilon eremitopetalum,No common name,Malvaceae,1,EN,FWS:EN,100,FALSE,rng_fws|Q1SJ,4.2
Q1SK,Abutilon menziesii,Ko`oloa`ula,Malvaceae,1,EN,FWS:EN,100,FALSE,rng_fws|Q1SK,11.4
Q1SL,Abutilon sandwicense,No common name,Malvaceae,1,EN,FWS:EN,100,FALSE,rng_fws|Q1SL,1.7
Q1SM,Acaena exigua,Liliwai,Rosaceae,1,EN,FWS:EN,100,FALSE,rng_fws|Q1SM,0
Q00E,Acanthomintha ilicifolia,San Diego thornmint,Lamiaceae,1,TN,FWS:TN,50,FALSE,rng_fws|Q00E,1.1
Q24H,Acanthomintha obovata ssp. duttonii,San Mateo thornmint,Lamiaceae,1,EN,FWS:EN,100,FALSE,rng_fws|Q24H,2.8
B06Z,Accipiter striatus venator,Puerto Rican sharp-shinned hawk,Accipitridae,1,EN,FWS:EN,100,TRUE,rng_fws|B06Z,2.7
Q00G,Achyranthes mutica,No common name,Amaranthaceae,1,EN,FWS:EN,100,FALSE,rng_fws|Q00G,0.8
Q00H,Achyranthes splendens splendens,No common name,Amaranthaceae,1,LC,FWS:LC,1,FALSE,rng_fws|Q00H,14.2
Q24I,Achyranthes splendens var. rotundata,Round-leaved chaff-flower,Amaranthaceae,1,EN,FWS:EN,100,FALSE,rng_fws|Q24I,14.2
E00B,Acipenser brevirostrum,Shortnose sturgeon,Acipenseridae,1,EN,FWS:EN,100,TRUE,rng_fws|E00B,24.9
E04X,Acipenser fulvescens,Lake sturgeon,Acipenseridae,1,LC,FWS:LC,1,FALSE,rng_fws|E04X,0
E04W,Acipenser oxyrinchus (=oxyrhynchus) desotoi,Gulf sturgeon,Acipenseridae,1,TN,FWS:TN,50,TRUE,rng_fws|E04W,17
E087,Acipenser transmontanus,White sturgeon,Acipenseridae,1,EN,FWS:EN,100,FALSE,rng_fws|E087,0
Q1YO,Acmispon dendroideus var. traskiae,San Clemente Island lotus (=broom),Fabaceae,1,LC,FWS:LC,1,FALSE,rng_fws|Q1YO,3.2
Q1SN,Aconitum noveboracense,Northern wild monkshood,Ranunculaceae,1,TN,FWS:TN,50,FALSE,rng_fws|Q1SN,0
B00G,Acrocephalus familiaris kingi,Nihoa millerbird (old world warbler),Muscicapidae,1,EN,FWS:EN,100,TRUE,rng_fws|B00G,15.5
B043,Acrocephalus luscinia,Nightingale reed warbler (old world warbler),Sylviidae,1,EN,FWS:EN,100,TRUE,rng_fws|B043,25.4
C04U,Actinemys marmorata,Northwestern Pond Turtle,Emydidae,1,TN,FWS:TN,50,FALSE,rng_fws|C04U,1.5
C04V,Actinemys pallida,Southwestern pond turtle,Emydidae,1,TN,FWS:TN,50,FALSE,rng_fws|C04V,1.9
J000,Adelocosa anops,Kauai cave wolf or pe'e pe'e maka 'ole spider,Lycosidae,1,EN,FWS:EN,100,FALSE,rng_fws|J000,75.2
S00M,Adenophorus periens,Palai la`au,Polypodiaceae,1,EN,FWS:EN,100,FALSE,rng_fws|S00M,1.2
S01O,Adiantum vivesii,No common name,Adiantaceae,1,LC,FWS:LC,1,FALSE,rng_fws|S01O,0
B0GX,Aegolius acadicus,Northern Saw-whet Owl,Strigidae,1,LC,FWS:LC,1,FALSE,rng_fws|B0GX,0
B091,Aerodramus bartschi,Mariana swiftlet,Apodidae,1,EN,FWS:EN,100,TRUE,rng_fws|B091,17.5
Q24J,Aeschynomene virginica,Sensitive joint-vetch,Fabaceae,1,TN,FWS:TN,50,FALSE,rng_fws|Q24J,26.1
Q24K,Agalinis acuta,Sandplain gerardia,Scrophulariaceae,1,EN,FWS:EN,100,FALSE,rng_fws|Q24K,8.5
Q3O8,Agalinis calycina,Leoncita false-foxglove,Orobanchaceae,1,LC,FWS:LC,1,FALSE,rng_fws|Q3O8,0
I0WS,Agarodes logani,Logan's Agarodes caddisfly,Sericostomatidae,1,LC,FWS:LC,1,FALSE,rng_fws|I0WS,0
Q00O,Agave eggersiana,No common name,Agavaceae,1,EN,FWS:EN,100,FALSE,rng_fws|Q00O,82.1
B05T,Agelaius xanthomus,Yellow-shouldered blackbird,Icteridae,1,EN,FWS:EN,100,TRUE,rng_fws|B05T,23.5
F018,Alasmidonta arcula,Altamaha arc-mussel,Unionidae,1,LC,FWS:LC,1,FALSE,rng_fws|F018,0
F01K,Alasmidonta atropurpurea,Cumberland elktoe,Unionidae,1,EN,FWS:EN,100,FALSE,rng_fws|F01K,0
F029,Alasmidonta heterodon,Dwarf wedgemussel,Unionidae,1,EN,FWS:EN,100,FALSE,rng_fws|F029,0
F01J,Alasmidonta raveneliana,Appalachian elktoe,Unionidae,1,EN,FWS:EN,100,FALSE,rng_fws|F01J,0
F04N,Alasmidonta triangulata,Southern elktoe,Unionidae,1,EN,FWS:EN,100,FALSE,rng_fws|F04N,0
F03D,Alasmidonta varicosa,Brook floater,Unionidae,1,LC,FWS:LC,1,FALSE,rng_fws|F03D,0
Q1SO,Alectryon macrococcus,Mahoe,Sapindaceae,1,EN,FWS:EN,100,FALSE,rng_fws|Q1SO,2.4
Q0W6,Aliciella caespitosa,Wonderland Alice-flower,Polemoniaceae,1,LC,FWS:LC,1,FALSE,rng_fws|Q0W6,0
C000,Alligator mississippiensis,American alligator,Alligatoridae,1,TN,FWS:TN,50,FALSE,rng_fws|C000,18.1
Q2X0,Allium munzii,Munz's onion,Liliaceae,1,EN,FWS:EN,100,FALSE,rng_fws|Q2X0,0
Q01E,Alnus maritima,Seaside alder,Betulaceae,1,LC,FWS:LC,1,FALSE,rng_fws|Q01E,17.9
Q01F,Alopecurus aequalis var. sonomensis,Sonoma alopecurus,Poaceae,1,EN,FWS:EN,100,FALSE,rng_fws|Q01F,1.8
E0D7,Alosa alabamae,Alabama shad,Clupeidae,1,LC,FWS:LC,1,FALSE,rng_fws|E0D7,0
Q01G,Amaranthus brownii,No common name,Amaranthaceae,1,EN,FWS:EN,100,FALSE,rng_fws|Q01G,100
Q2MZ,Amaranthus pumilus,Seabeach amaranth,Amaranthaceae,1,TN,FWS:TN,50,FALSE,rng_fws|Q2MZ,71
B0GO,Amazona viridigenalis,Red-crowned parrot,Psittacidae,1,LC,FWS:LC,1,TRUE,rng_fws|B0GO,3.6
B00L,Amazona vittata,Puerto Rican parrot,Psittacidae,1,EN,FWS:EN,100,TRUE,rng_fws|B00L,1.5
F032,Amblema neislerii,Fat threeridge (mussel),Unionidae,1,EN,FWS:EN,100,FALSE,rng_fws|F032,0
E02J,Amblyopsis rosae,Ozark cavefish,Amblyopsidae,1,TN,FWS:TN,50,FALSE,rng_fws|E02J,0
Q1SS,Ambrosia cheiranthifolia,South Texas ambrosia,Asteraceae,1,EN,FWS:EN,100,FALSE,rng_fws|Q1SS,5.5
Q01H,Ambrosia pumila,San Diego ambrosia,Asteraceae,1,EN,FWS:EN,100,FALSE,rng_fws|Q01H,0
I023,Ambrysus amargosus,Ash Meadows naucorid,Naucoridae,1,TN,FWS:TN,50,FALSE,rng_fws|I023,0
I0T8,Ambrysus funebris,Nevares Spring naucorid bug (=Furnace Creek),Naucoridae,1,LC,FWS:LC,1,FALSE,rng_fws|I0T8,0
D042,Ambystoma bishopi,Reticulated flatwoods salamander,Ambystomatidae,1,EN,FWS:EN,100,FALSE,rng_fws|D042,4.9
D01T,Ambystoma californiense,California tiger Salamander,Ambystomatidae,3,EN,FWS:EN,100,FALSE,rng_fws|D01T,0.1
D013,Ambystoma cingulatum,Frosted Flatwoods salamander,Ambystomatidae,1,TN,FWS:TN,50,FALSE,rng_fws|D013,0
D000,Ambystoma macrodactylum croceum,Santa Cruz long-toed salamander,Ambystomatidae,1,EN,FWS:EN,100,FALSE,rng_fws|D000,2
D01H,Ambystoma mavortium stebbinsi,Sonoran tiger salamander,Ambystomatidae,1,EN,FWS:EN,100,FALSE,rng_fws|D01H,0
C01P,Ameiva polops,St. Croix ground lizard,Teiidae,1,EN,FWS:EN,100,FALSE,rng_fws|C01P,97.8
B07G,Ammodramus savannarum floridanus,Florida grasshopper sparrow,Emberizidae,1,EN,FWS:EN,100,FALSE,rng_fws|B07G,0
B0MY,Ammospiza caudacuta,Saltmarsh Sparrow,Passerellidae,1,LC,FWS:LC,1,TRUE,rng_fws|B0MY,12.1
B0NI,Ammospiza maritima macgillivraii,MacGillivray's Seaside Sparrow,Emberizidae,1,LC,FWS:LC,1,TRUE,rng_fws|B0NI,15.8
B00Q,Ammospiza maritima mirabilis,Cape Sable seaside sparrow,Emberizidae,1,EN,FWS:EN,100,TRUE,rng_fws|B00Q,41.4
Q2RI,Amorpha crenulata,Crenulate lead-plant,Fabaceae,1,EN,FWS:EN,100,FALSE,rng_fws|Q2RI,19.3
Q2YO,Amorpha georgiana georgiana,Georgia lead-plant,Fabaceae,1,LC,FWS:LC,1,FALSE,rng_fws|Q2YO,4.5
Q1ST,Amphianthus pusillus,Little amphianthus,Scrophulariaceae,1,TN,FWS:TN,50,FALSE,rng_fws|Q1ST,0
B05S,Amphispiza belli clementeae,San Clemente sage sparrow,Emberizidae,1,LC,FWS:LC,1,TRUE,rng_fws|B05S,2.9
D03Q,Amphiuma pholeter,One-toed Amphiuma,Amphiumidae,1,LC,FWS:LC,1,FALSE,rng_fws|D03Q,0
Q1SU,Amsinckia grandiflora,Large-flowered fiddleneck,Boraginaceae,1,EN,FWS:EN,100,FALSE,rng_fws|Q1SU,0
Q24Z,Amsonia kearneyana,Kearney's blue-star,Apocynaceae,1,EN,FWS:EN,100,FALSE,rng_fws|Q24Z,0
I087,Anaea troglodyta floridalis,Florida leafwing Butterfly,Nymphalidae,1,EN,FWS:EN,100,FALSE,rng_fws|I087,10.5
B006,Anas laysanensis,Laysan duck,Anatidae,1,EN,FWS:EN,100,TRUE,rng_fws|B006,70
B005,Anas wyvilliana,Hawaiian duck,Anatidae,1,EN,FWS:EN,100,TRUE,rng_fws|B005,5.6
D01R,Anaxyrus baxteri,Wyoming Toad,Bufonidae,1,EN,FWS:EN,100,FALSE,rng_fws|D01R,0
D026,Anaxyrus boreas boreas,Boreal toad,Bufonidae,1,LC,FWS:LC,1,FALSE,rng_fws|D026,0
D020,Anaxyrus californicus,Arroyo (=arroyo southwestern) toad,Bufonidae,1,EN,FWS:EN,100,FALSE,rng_fws|D020,0.1
D02K,Anaxyrus canorus,Yosemite toad,Bufonidae,1,TN,FWS:TN,50,FALSE,rng_fws|D02K,0
D04S,Anaxyrus williamsi,Dixie Valley Toad,Bufonidae,1,EN,FWS:EN,100,FALSE,rng_fws|D04S,0
D015,Aneides aeneus,Green salamander,Plethodontidae,1,LC,FWS:LC,1,FALSE,rng_fws|D015,0
G00W,Anguispira picta,Painted snake coiled forest snail,Stylommataphora,1,TN,FWS:TN,50,FALSE,rng_fws|G00W,0
F04P,Anodontoides radiatus,Rayed creekshell,Unionidae,1,LC,FWS:LC,1,FALSE,rng_fws|F04P,0
C01O,Anolis roosevelti,Culebra Island giant anole,Iguanidae,1,EN,FWS:EN,100,FALSE,rng_fws|C01O,0
B0GD,Anthus spragueii,Sprague's pipit,Motacillidae,1,LC,FWS:LC,1,TRUE,rng_fws|B0GD,1.3
B04I,Antigone canadensis pulla,Mississippi sandhill crane,Gruidae,1,EN,FWS:EN,100,FALSE,rng_fws|B04I,1.4
B0NM,Antigone canadensis ssp. pratensis,Florida sandhill crane,Gruidae,1,LC,FWS:LC,1,FALSE,rng_fws|B0NM,0
A009,Antilocapra americana sonoriensis,Sonoran pronghorn,Antilocapridae,2,EN,FWS:EN,100,FALSE,rng_fws|A009,0
G04I,Antrobia culveri,Tumbling Creek cavesnail,Hydrobiidae,1,EN,FWS:EN,100,FALSE,rng_fws|G04I,0
K008,Antrolana lira,Madison Cave isopod,Cirolanidae,1,TN,FWS:TN,50,FALSE,rng_fws|K008,0
B04J,Antrostomus noctitherus,Puerto Rican nightjar,Caprimulgidae,1,EN,FWS:EN,100,TRUE,rng_fws|B04J,5.8
B082,Aphelocoma coerulescens,Florida scrub-jay,Corvidae,1,TN,FWS:TN,50,TRUE,rng_fws|B082,1.7
Q1SW,Apios priceana,Price''s potato-bean,Fabaceae,1,TN,FWS:TN,50,FALSE,rng_fws|Q1SW,0
A0BJ,Aplodontia rufa nigra,Point Arena mountain beaver,Aplodontidae,1,EN,FWS:EN,100,FALSE,rng_fws|A0BJ,8
I00H,Apodemia mormo langei,Lange's metalmark butterfly,Lycaenidae,1,EN,FWS:EN,100,FALSE,rng_fws|I00H,0
B0DV,Aquila chrysaetos,Golden Eagle,accipitridae,1,LC,FWS:LC,1,TRUE,rng_fws|B0DV,0.4
Q02R,Arabis georgiana,Georgia rockcress,Brassicaceae,1,TN,FWS:TN,50,FALSE,rng_fws|Q02R,0
Q02U,Arabis hoffmannii,Hoffmann's rock-cress,Brassicaceae,1,EN,FWS:EN,100,FALSE,rng_fws|Q02U,21
Q1SX,Arabis mcdonaldiana,McDonald''s rock-cress,Brassicaceae,1,EN,FWS:EN,100,FALSE,rng_fws|Q1SX,0
Q031,Arabis parishii,Parish's rock-cress,Brassicaceae,1,LC,FWS:LC,1,FALSE,rng_fws|Q031,0.8
Q1SY,Arabis perstellata,Braun's rock-cress,Brassicaceae,1,EN,FWS:EN,100,FALSE,rng_fws|Q1SY,0
A0J3,Arborimus longicaudus,red tree vole,Cricetidae,1,LC,FWS:LC,1,FALSE,rng_fws|A0J3,0.9
F00U,Arcidens wheeleri,Ouachita rock pocketbook,Unionidae,1,EN,FWS:EN,100,FALSE,rng_fws|F00U,0
Q1SZ,Arctomecon humilis,Dwarf Bear-poppy,Papaveraceae,1,EN,FWS:EN,100,FALSE,rng_fws|Q1SZ,0
Q037,Arctostaphylos confertiflora,Santa Rosa Island manzanita,Ericaceae,1,EN,FWS:EN,100,FALSE,rng_fws|Q037,19.8
Q25C,Arctostaphylos franciscana,Franciscan manzanita,Ericaceae,1,EN,FWS:EN,100,FALSE,rng_fws|Q25C,35.5
Q036,Arctostaphylos glandulosa ssp. crassifolia,Del Mar manzanita,Ericaceae,1,EN,FWS:EN,100,FALSE,rng_fws|Q036,2.9
Q1T0,Arctostaphylos hookeri var. ravenii,Presidio Manzanita,Ericaceae,1,EN,FWS:EN,100,FALSE,rng_fws|Q1T0,15.9
Q259,Arctostaphylos morroensis,Morro manzanita,Ericaceae,1,TN,FWS:TN,50,FALSE,rng_fws|Q259,4.9
Q03G,Arctostaphylos myrtifolia,Ione manzanita,Ericaceae,1,TN,FWS:TN,50,FALSE,rng_fws|Q03G,0
Q03I,Arctostaphylos pallida,Pallid manzanita,Ericaceae,1,TN,FWS:TN,50,FALSE,rng_fws|Q03I,0.8
Q25F,Arenaria cumberlandensis,Cumberland sandwort,Caryophyllaceae,1,LC,FWS:LC,1,FALSE,rng_fws|Q25F,0
Q25H,Arenaria paludicola,Marsh Sandwort,Caryophyllaceae,1,EN,FWS:EN,100,FALSE,rng_fws|Q25H,11.1
Q03Z,Arenaria ursina,Bear Valley sandwort,Caryophyllaceae,1,TN,FWS:TN,50,FALSE,rng_fws|Q03Z,0
Q1T1,Argemone pleiacantha ssp. pinnatisecta,Sacramento prickly poppy,Papaveraceae,1,EN,FWS:EN,100,FALSE,rng_fws|Q1T1,0
I0ZD,Argynnis idalia idalia,Eastern regal fritillary,Nymphalidae,1,EN,FWS:EN,100,FALSE,rng_fws|I0ZD,0
I0ZN,Argynnis idalia occidentalis,Western regal fritillary,Nymphalidae (brush-footed butterflies),1,TN,FWS:TN,50,FALSE,rng_fws|I0ZN,0
Q3MM,Argyroxiphium caliginis,Eke silversword,Asteraceae,1,LC,FWS:LC,1,FALSE,rng_fws|Q3MM,0
Q1T2,Argyroxiphium kauense,Mauna Loa (=Ka'u) silversword,Asteraceae,1,EN,FWS:EN,100,FALSE,rng_fws|Q1T2,0
Q1T3,Argyroxiphium sandwicense ssp. macrocephalum,`Ahinahina,Asteraceae,1,TN,FWS:TN,50,FALSE,rng_fws|Q1T3,0
Q25I,Argyroxiphium sandwicense ssp. sandwicense,`Ahinahina,Asteraceae,1,EN,FWS:EN,100,FALSE,rng_fws|Q25I,0
Q045,Argythamnia blodgettii,Blodgett's silverbush,Euphorbiaceae,1,TN,FWS:TN,50,FALSE,rng_fws|Q045,52
Q2YY,Aristida chaseae,No common name,Poaceae,1,EN,FWS:EN,100,FALSE,rng_fws|Q2YY,9.1
Q25J,Aristida portoricensis,Pelos del diablo,Poaceae,1,EN,FWS:EN,100,FALSE,rng_fws|Q25J,0
I0W0,Arsapnia arapahoe,Arapahoe snowfly,Capniidae,1,LC,FWS:LC,1,FALSE,rng_fws|I0W0,0
B06N,Artamus leucorhynchus pelewensis,Palau white-breasted wood-swallow,Artamidae,1,LC,FWS:LC,1,FALSE,rng_fws|B06N,27.3
Q2XG,Artemisia campestris var. wormskioldii,Northern Wormwood,Asteraceae,1,LC,FWS:LC,1,FALSE,rng_fws|Q2XG,0
U00V,Arthonia kermesina,Hot dots,Arthoniaceae,1,LC,FWS:LC,1,FALSE,rng_fws|U00V,0
Q1T6,Asclepias meadii,Mead's milkweed,Asclepiadaceae,1,TN,FWS:TN,50,FALSE,rng_fws|Q1T6,0
Q25M,Asclepias welshii,Welsh's milkweed,Asclepiadaceae,1,TN,FWS:TN,50,FALSE,rng_fws|Q25M,0
Q1T7,Asimina tetramera,Four-petal pawpaw,Annonaceae,1,EN,FWS:EN,100,FALSE,rng_fws|Q1T7,8.1
B06E,Asio flammeus ponapensis,Ponape short-eared owl,Strigidae,1,LC,FWS:LC,1,FALSE,rng_fws|B06E,18.4
S00Q,Asplenium (=Diellia) dielfalcatum (=falcata),No common name,Aspleniaceae,1,EN,FWS:EN,100,FALSE,rng_fws|S00Q,0.4
S00P,Asplenium dielerectum,No common name,Aspleniaceae,1,EN,FWS:EN,100,FALSE,rng_fws|S00P,1.2
S02K,Asplenium diellaciniatum,No common name,Aspleniaceae,1,EN,FWS:EN,100,FALSE,rng_fws|S02K,1.1
S007,Asplenium dielmannii,No common name,Aspleniaceae,1,EN,FWS:EN,100,FALSE,rng_fws|S007,6.6
S022,Asplenium dielpallidum,No common name,Aspleniaceae,1,EN,FWS:EN,100,FALSE,rng_fws|S022,2.1
S00N,Asplenium peruvianum var. insulare,No common name,Aspleniaceae,1,EN,FWS:EN,100,FALSE,rng_fws|S00N,0
S00O,Asplenium scolopendrium var. americanum,American hart's-tongue fern,Aspleniaceae,1,TN,FWS:TN,50,FALSE,rng_fws|S00O,0
S01T,Asplenium unisorum,No common name,Aspleniaceae,1,EN,FWS:EN,100,FALSE,rng_fws|S01T,0
G03K,Assiminea pecos,Pecos assiminea snail,Assimineidae,1,EN,FWS:EN,100,FALSE,rng_fws|G03K,0
Q3GT,Astelia waialealae,Pa`iniu,Liliaceae,1,EN,FWS:EN,100,FALSE,rng_fws|Q3GT,0
Q2Z7,Astragalus albens,Cushenbury milk-vetch,Fabaceae,1,EN,FWS:EN,100,FALSE,rng_fws|Q2Z7,0
Q2ZA,Astragalus ampullarioides,Shivwits milk-vetch,Fabaceae,1,EN,FWS:EN,100,FALSE,rng_fws|Q2ZA,0
Q3B5,Astragalus anserinus,Goose Creek milkvetch,Fabaceae,1,LC,FWS:LC,1,FALSE,rng_fws|Q3B5,0
Q25T,Astragalus applegatei,Applegate's milk-vetch,Fabaceae,1,EN,FWS:EN,100,FALSE,rng_fws|Q25T,0
Q2Z8,Astragalus bibullatus,Guthrie's (=Pyne's) ground-plum,Fabaceae,1,EN,FWS:EN,100,FALSE,rng_fws|Q2Z8,0
Q05E,Astragalus brauntonii,Braunton's milk-vetch,Fabaceae,1,EN,FWS:EN,100,FALSE,rng_fws|Q05E,1.7
Q05J,Astragalus clarianus,Clara Hunt's milk-vetch,Fabaceae,1,EN,FWS:EN,100,FALSE,rng_fws|Q05J,0
Q05K,Astragalus columbianus,Columbia milk-vetch,Fabaceae,1,LC,FWS:LC,1,FALSE,rng_fws|Q05K,0
Q1T8,Astragalus cremnophylax var. cremnophylax,Sentry milk-vetch,Fabaceae,1,EN,FWS:EN,100,FALSE,rng_fws|Q1T8,0
Q3N8,Astragalus cusickii var. packardiae,Packard's milkvetch,Fabaceae,1,LC,FWS:LC,1,FALSE,rng_fws|Q3N8,0
Q05R,Astragalus desereticus,Deseret milkvetch,Fabaceae,1,LC,FWS:LC,1,FALSE,rng_fws|Q05R,0
Q2NB,Astragalus equisolensis,Horseshoe milk-vetch,Fabaceae,1,LC,FWS:LC,1,FALSE,rng_fws|Q2NB,0
Q2NC,Astragalus holmgreniorum,Holmgren milk-vetch,Fabaceae,1,EN,FWS:EN,100,FALSE,rng_fws|Q2NC,0
Q1T9,Astragalus humillimus,Mancos milk-vetch,Fabaceae,1,EN,FWS:EN,100,FALSE,rng_fws|Q1T9,0
Q064,Astragalus jaegerianus,Lane Mountain milk-vetch,Fabaceae,1,EN,FWS:EN,100,FALSE,rng_fws|Q064,0
Q25Y,Astragalus lentiginosus var. coachellae,Coachella Valley milk-vetch,Fabaceae,1,EN,FWS:EN,100,FALSE,rng_fws|Q25Y,0
Q25Z,Astragalus lentiginosus var. piscinensis,Fish Slough milk-vetch,Fabaceae,1,TN,FWS:TN,50,FALSE,rng_fws|Q25Z,0
Q2ND,Astragalus magdalenae var. peirsonii,Peirson's milk-vetch,Fabaceae,1,TN,FWS:TN,50,FALSE,rng_fws|Q2ND,0
Q06J,Astragalus microcymbus,Skiff milkvetch,Fabaceae,1,LC,FWS:LC,1,FALSE,rng_fws|Q06J,0
Q260,Astragalus montii,Heliotrope milk-vetch,Fabaceae,1,TN,FWS:TN,50,FALSE,rng_fws|Q260,0
Q1TA,Astragalus osterhoutii,Osterhout milkvetch,Fabaceae,1,EN,FWS:EN,100,FALSE,rng_fws|Q1TA,0
Q1TB,Astragalus phoenix,Ash meadows milk-vetch,Fabaceae,1,TN,FWS:TN,50,FALSE,rng_fws|Q1TB,0
Q3BI,Astragalus pulsiferae suksdorfii,No common name,Fabaceae,1,LC,FWS:LC,1,FALSE,rng_fws|Q3BI,0
Q076,Astragalus pycnostachyus var. lanosissimus,Ventura Marsh Milk-vetch,Fabaceae,1,EN,FWS:EN,100,FALSE,rng_fws|Q076,6.2
Q1TC,Astragalus robbinsii var. jesupii,Jesup's milk-vetch,Fabaceae,1,EN,FWS:EN,100,FALSE,rng_fws|Q1TC,0
Q07C,Astragalus schmolliae,Chapin Mesa milkvetch,Fabaceae,1,LC,FWS:LC,1,FALSE,rng_fws|Q07C,0
Q07E,Astragalus sinuatus,Whited milk-vetch,Fabaceae,1,LC,FWS:LC,1,FALSE,rng_fws|Q07E,0
Q07J,Astragalus tener var. titi,Coastal dunes milk-vetch,Fabaceae,1,EN,FWS:EN,100,FALSE,rng_fws|Q07J,12
Q3GU,Astragalus tortipes,Sleeping Ute milkvetch,Fabaceae,1,LC,FWS:LC,1,FALSE,rng_fws|Q3GU,0
Q2ZO,Astragalus tricarinatus,Triple-ribbed milk-vetch,Fabaceae,1,EN,FWS:EN,100,FALSE,rng_fws|Q2ZO,0
Q07V,Astrophytum asterias,Star cactus,Cactaceae,1,EN,FWS:EN,100,FALSE,rng_fws|Q07V,0
G016,Athearnia anthonyi,Anthony's riversnail,Pleuroceridae,3,EN,FWS:EN,100,FALSE,rng_fws|G016,0
B0AR,Athene cunicularia hypugaea,Western Burrowing Owl,Strigidae,1,LC,FWS:LC,1,FALSE,rng_fws|B0AR,0
I0VK,Atlantea tulita,Puerto Rican harlequin butterfly,Nymphalidae,1,TN,FWS:TN,50,FALSE,rng_fws|I0VK,0.8
Q2ZR,Atriplex coronata var. notatior,San Jacinto Valley crownscale,Chenopodiaceae,1,EN,FWS:EN,100,FALSE,rng_fws|Q2ZR,0
Q2ZU,Auerodendron pauciflorum,No common name,Rhamnaceae,1,EN,FWS:EN,100,FALSE,rng_fws|Q2ZU,44.4
Q2XW,Ayenia limitaris,Texas ayenia,Sterculiaceae,1,EN,FWS:EN,100,FALSE,rng_fws|Q2XW,4.4
Q264,Baccharis vanessae,Encinitas baccharis,Asteraceae,1,TN,FWS:TN,50,FALSE,rng_fws|Q264,0.8
Q085,Balduina atropurpurea,Purpledisk honeycombhead,Asteraceae,1,LC,FWS:LC,1,FALSE,rng_fws|Q085,0.5
Q266,Banara vanderbiltii,Palo de ramon,Flacourtiaceae,1,EN,FWS:EN,100,FALSE,rng_fws|Q266,0
Q1TD,Baptisia arachnifera,Hairy rattleweed,Fabaceae,1,EN,FWS:EN,100,FALSE,rng_fws|Q1TD,0
Q089,Baptisia megacarpa,Apalachicola wild indigo,Fabaceae,1,LC,FWS:LC,1,FALSE,rng_fws|Q089,0
Q08A,Bartonia texana,Texas screwstem,Gentianaceae,1,LC,FWS:LC,1,FALSE,rng_fws|Q08A,0
D005,Batrachoseps aridus,Desert slender salamander,Plethodontidae,1,EN,FWS:EN,100,FALSE,rng_fws|D005,0
D02V,Batrachoseps relictus,Relictual slender salamander,Plethodontidae,1,EN,FWS:EN,100,FALSE,rng_fws|D02V,0
D01A,Batrachoseps simatus,Kern Canyon slender salamander,Plethodontidae,1,TN,FWS:TN,50,FALSE,rng_fws|D01A,0
I0I9,Batrisodes texanus,Coffin Cave mold beetle,Pselaphidaeae,1,EN,FWS:EN,100,FALSE,rng_fws|I0I9,0
I0PT,Batrisodes venyivi,Helotes mold beetle,Pselaphidae,1,EN,FWS:EN,100,FALSE,rng_fws|I0PT,0
Q08G,Berberis nevinii,Nevin's barberry,Berberidaceae,1,EN,FWS:EN,100,FALSE,rng_fws|Q08G,1.3
Q08H,Berberis pinnata ssp. insularis,Island Barberry,Berberidaceae,1,EN,FWS:EN,100,FALSE,rng_fws|Q08H,30.9
Q1TG,Betula uber,Virginia round-leaf birch,Betulaceae,1,TN,FWS:TN,50,FALSE,rng_fws|Q1TG,0
Q3HE,Bidens amplectens,Ko`oko`olau,Asteraceae,1,EN,FWS:EN,100,FALSE,rng_fws|Q3HE,3.7
Q2S3,Bidens campylotheca ssp. pentamera,Ko`oko`olau,Asteraceae,1,EN,FWS:EN,100,FALSE,rng_fws|Q2S3,4.9
Q269,Bidens campylotheca ssp. waihoiensis,Ko`oko`olau,Asteraceae,1,EN,FWS:EN,100,FALSE,rng_fws|Q269,4.9
Q08M,Bidens conjuncta,Ko`oko`olau,Asteraceae,1,EN,FWS:EN,100,FALSE,rng_fws|Q08M,0
Q3OA,Bidens hillebrandiana ssp. hillebrandiana,kookoolau,Asteraceae,1,EN,FWS:EN,100,FALSE,rng_fws|Q3OA,58.3
Q2XY,Bidens micrantha ssp. ctenophylla,Ko`oko`olau,Asteraceae,1,EN,FWS:EN,100,FALSE,rng_fws|Q2XY,2.9
Q1TK,Bidens micrantha ssp. kalealaha,Ko`oko`olau,Asteraceae,1,EN,FWS:EN,100,FALSE,rng_fws|Q1TK,8.7
Q1TN,Bidens wiebkei,Ko`oko`olau,Asteraceae,1,EN,FWS:EN,100,FALSE,rng_fws|Q1TN,11.1
A00R,Bison bison athabascae,Wood Bison,Bovidae,1,TN,FWS:TN,50,FALSE,rng_fws|A00R,0.2
Q1TO,Blennosperma bakeri,Sonoma sunshine,Asteraceae,1,EN,FWS:EN,100,FALSE,rng_fws|Q1TO,0.7
Q2N2,Boechera pusilla,Fremont County rockcress,Brassicaceae,1,LC,FWS:LC,1,FALSE,rng_fws|Q2N2,0
Q2XA,Boechera serotina,Shale barren rock cress,Brassicaceae,1,EN,FWS:EN,100,FALSE,rng_fws|Q2XA,0
I01Q,Boloria acrocnema,Uncompahgre fritillary butterfly,Nymphalidae,1,EN,FWS:EN,100,FALSE,rng_fws|I01Q,0
Q26A,Boltonia decurrens,Decurrent false aster,Asteraceae,1,TN,FWS:TN,50,FALSE,rng_fws|Q26A,0
I0WI,Bombus affinis,Rusty patched bumble bee,Apidae,1,EN,FWS:EN,100,FALSE,rng_fws|I0WI,0
I0IR,Bombus franklini,Franklin's bumble bee,Apidae,1,EN,FWS:EN,100,FALSE,rng_fws|I0IR,0
I0Z2,Bombus suckleyi,Suckley's cuckoo bumble bee,Apidae,1,EN,FWS:EN,100,FALSE,rng_fws|I0Z2,0.1
Q26B,Bonamia grandiflora,Florida bonamia,Convolvulaceae,1,TN,FWS:TN,50,FALSE,rng_fws|Q26B,0
Q1TQ,Bonamia menziesii,No common name,Convolvulaceae,1,EN,FWS:EN,100,FALSE,rng_fws|Q1TQ,3.9
S024,Botrychium lineare,Slender Moonwort,Ophioglossaceae,1,LC,FWS:LC,1,FALSE,rng_fws|S024,0
A0GG,Brachylagus idahoensis,Pygmy Rabbit,Leporidae,1,EN,FWS:EN,100,FALSE,rng_fws|A0GG,0
B0AP,Brachyramphus brevirostris,Kittlitz's murrelet,Alcidae,1,LC,FWS:LC,1,TRUE,rng_fws|B0AP,0.3
B08C,Brachyramphus marmoratus,Marbled Murrelet,Alcidae,1,TN,FWS:TN,50,TRUE,rng_fws|B08C,58.1
K03D,Branchinecta conservatio,Conservancy fairy shrimp,Branchinectidae,1,EN,FWS:EN,100,FALSE,rng_fws|K03D,0.1
K03E,Branchinecta longiantenna,Longhorn fairy shrimp,Branchinectidae,1,EN,FWS:EN,100,FALSE,rng_fws|K03E,0
K03G,Branchinecta lynchi,Vernal pool fairy shrimp,Branchinectidae,1,TN,FWS:TN,50,FALSE,rng_fws|K03G,0.2
K049,Branchinecta sandiegonensis,San Diego fairy shrimp,Branchinectidae,1,EN,FWS:EN,100,FALSE,rng_fws|K049,2.6
B00C,Branta (=Nesochen) sandvicensis,Hawaiian goose,Anatidae,1,TN,FWS:TN,50,TRUE,rng_fws|B00C,4.9
Q09E,Brickellia mosieri,Florida brickell-bush,Asteraceae,1,EN,FWS:EN,100,FALSE,rng_fws|Q09E,19.3
Q1TR,Brighamia insignis,Olulu,Campanulaceae,1,EN,FWS:EN,100,FALSE,rng_fws|Q1TR,14.9
Q1TS,Brighamia rockii,Pua `ala,Campanulaceae,1,EN,FWS:EN,100,FALSE,rng_fws|Q1TS,30.9
Q09H,Brodiaea filifolia,Thread-leaved brodiaea,Liliaceae,1,TN,FWS:TN,50,FALSE,rng_fws|Q09H,1.6
Q09J,Brodiaea pallida,Chinese Camp brodiaea,Liliaceae,1,TN,FWS:TN,50,FALSE,rng_fws|Q09J,0
I02B,Brychius hungerfordi,Hungerford's crawling water Beetle,Halipilidae,1,EN,FWS:EN,100,FALSE,rng_fws|I02B,0
Q09N,Buckleya distichophylla,Piratebush,Santalaceae,1,LC,FWS:LC,1,FALSE,rng_fws|Q09N,0
D004,Bufo houstonensis,Houston toad,Bufonidae,1,EN,FWS:EN,100,FALSE,rng_fws|D004,0
Q3OU,Bulbophyllum guamense,Cebello halumtano,Orchidaceae,1,TN,FWS:TN,50,FALSE,rng_fws|Q3OU,22.2
B06Y,Buteo platypterus brunnescens,Puerto Rican broad-winged hawk,Accipitridae,1,EN,FWS:EN,100,TRUE,rng_fws|B06Y,2.4
B06X,Buteo regalis,Ferruginous Hawk,Accipitridae,1,LC,FWS:LC,1,FALSE,rng_fws|B06X,0
B00D,Buteo solitarius,Hawaiian (='lo) Hawk,Accipitridae,1,LC,FWS:LC,1,TRUE,rng_fws|B00D,20.7
B070,Buteo swainsoni,Swainson's hawk,Accipitridae,1,LC,FWS:LC,1,FALSE,rng_fws|B070,0
Q26G,Buxus vahlii,Vahl's boxwood,Buxaceae,1,EN,FWS:EN,100,FALSE,rng_fws|Q26G,12.7
K04K,Caecidotea carolinensis,Bennets Mill Cave water slater,Asellidae,1,LC,FWS:LC,1,FALSE,rng_fws|K04K,0
Q09X,Calamagrostis cainii,Cain's reedgrass,Poaceae,1,LC,FWS:LC,1,FALSE,rng_fws|Q09X,0
Q306,Calamagrostis expansa,Maui reedgrass,Poaceae,1,EN,FWS:EN,100,FALSE,rng_fws|Q306,0
Q3HF,Calamagrostis hillebrandii,Hillebrand's reedgrass,Poaceae,1,EN,FWS:EN,100,FALSE,rng_fws|Q3HF,0
B0DM,Calidris canutus rufa,rufa red knot,Scolopacidae,1,TN,FWS:TN,50,TRUE,rng_fws|B0DM,3.8
Q26J,Callicarpa ampla,Capa rosa,Verbenaceae,1,EN,FWS:EN,100,FALSE,rng_fws|Q26J,0
Q1TT,Callirhoe scabriuscula,Texas poppy-mallow,Malvaceae,1,EN,FWS:EN,100,FALSE,rng_fws|Q1TT,0
I0W3,"Callophrys irus irus, C. i. hadros, C. i. arsace",Frosted Elfin,Lycaenidae,1,LC,FWS:LC,1,FALSE,rng_fws|I0W3,6.5
I00Q,Callophrys mossii bayensis,San Bruno elfin butterfly,Lycaenidae,1,EN,FWS:EN,100,FALSE,rng_fws|I00Q,8.5
Q0AG,Calochortus longebarbatus longebarbatus,Long-haired star-tulip,Liliaceae,1,LC,FWS:LC,1,FALSE,rng_fws|Q0AG,0
Q0AL,Calochortus persistens,Siskiyou Mariposa lily,Liliaceae,1,LC,FWS:LC,1,FALSE,rng_fws|Q0AL,0
Q1TU,Calochortus tiburonensis,Tiburon mariposa lily,Liliaceae,1,TN,FWS:TN,50,FALSE,rng_fws|Q1TU,71.3
Q26L,Calyptranthes thomasiana,No common name,Myrtaceae,1,EN,FWS:EN,100,FALSE,rng_fws|Q26L,32
Q0AS,Calyptridium pulchellum,Mariposa pussypaws,Portulacaceae,1,TN,FWS:TN,50,FALSE,rng_fws|Q0AS,0
Q26M,Calyptronoma rivalis,Palma de manaca,Arecaceae,1,TN,FWS:TN,50,FALSE,rng_fws|Q26M,0
Q0AU,Calystegia stebbinsii,Stebbins' morning-glory,Convolvulaceae,1,EN,FWS:EN,100,FALSE,rng_fws|Q0AU,0
K066,Cambarellus blacki,Cypress crayfish,Cambaridae,1,LC,FWS:LC,1,FALSE,rng_fws|K066,0
K02J,Cambarus aculabrum,Benton County cave crayfish,Cambaridae,1,EN,FWS:EN,100,FALSE,rng_fws|K02J,0
K03K,Cambarus callainus,Big Sandy crayfish,Cambaridae,1,TN,FWS:TN,50,FALSE,rng_fws|K03K,0
K06A,Cambarus coosawattae,Coosawattae crayfish,Cambaridae,1,LC,FWS:LC,1,FALSE,rng_fws|K06A,0
K06B,Cambarus cracens,Slenderclaw crayfish,Cambaridae,1,EN,FWS:EN,100,FALSE,rng_fws|K06B,0
K065,Cambarus cryptodytes,Dougherty Plain Cave crayfish,Cambaridae,1,LC,FWS:LC,1,FALSE,rng_fws|K065,0
K06C,Cambarus cymatilis,Conasauga Blue burrower,Cambaridae,1,LC,FWS:LC,1,FALSE,rng_fws|K06C,0
K03J,Cambarus englishi,Tallapoosa River crayfish,Cambaridae,1,LC,FWS:LC,1,FALSE,rng_fws|K03J,0
K01P,Cambarus extraneus,Chickamauga crayfish,Cambaridae,1,LC,FWS:LC,1,FALSE,rng_fws|K01P,0
K06F,Cambarus fasciatus,Etowah crayfish,Cambaridae,1,LC,FWS:LC,1,FALSE,rng_fws|K06F,0
K03T,Cambarus georgiae,Little Tennessee crayfish,Cambaridae,1,LC,FWS:LC,1,FALSE,rng_fws|K03T,0
K06G,Cambarus harti,Piedmont Blue burrower,Cambaridae,1,LC,FWS:LC,1,FALSE,rng_fws|K06G,0
K03U,Cambarus parrishi,Parrish crayfish,Cambaridae,1,LC,FWS:LC,1,FALSE,rng_fws|K03U,0
K03Q,Cambarus reburrus,French Broad crayfish,Cambaridae,1,LC,FWS:LC,1,FALSE,rng_fws|K03Q,0
K06M,Cambarus speciosus,Beautiful crayfish,Cambaridae,1,LC,FWS:LC,1,FALSE,rng_fws|K06M,0
K02X,Cambarus spicatus,Little River crayfish,Cambaridae,1,LC,FWS:LC,1,FALSE,rng_fws|K02X,0
K06N,Cambarus strigosus,Lean crayfish,Cambaridae,1,LC,FWS:LC,1,FALSE,rng_fws|K06N,0
K08X,Cambarus veteranus,Guyandotte River crayfish,Cambaridae,1,EN,FWS:EN,100,FALSE,rng_fws|K08X,0
K02H,Cambarus zophonastes,Hell Creek Cave crayfish,Cambaridae,1,EN,FWS:EN,100,FALSE,rng_fws|K02H,0
Q26O,Camissonia benitensis,San Benito evening-primrose,Onagraceae,1,LC,FWS:LC,1,FALSE,rng_fws|Q26O,0
Q1TV,Campanula robinsiae,Brooksville bellflower,Campanulaceae,1,EN,FWS:EN,100,FALSE,rng_fws|Q1TV,0
G098,Campeloma decampi,Slender campeloma,Viviparidae,1,EN,FWS:EN,100,FALSE,rng_fws|G098,0
B03Q,Campephilus principalis,Ivory-billed woodpecker,Picidae,1,EN,FWS:EN,100,FALSE,rng_fws|B03Q,0
Q1TX,Canavalia molokaiensis,`Awikiwiki,Fabaceae,1,EN,FWS:EN,100,FALSE,rng_fws|Q1TX,21.7
Q1TY,Canavalia napaliensis,`Awikiwiki,Fabaceae,1,EN,FWS:EN,100,FALSE,rng_fws|Q1TY,12.8
Q0BB,Canavalia pubescens,`Awikiwiki,Fabaceae,1,EN,FWS:EN,100,FALSE,rng_fws|Q0BB,13.1
A00D,Canis lupus,Gray wolf,Canidae,4,EN,FWS:EN,100,FALSE,rng_fws|A00D,0
A00E,Canis lupus baileyi,Mexican wolf,Canidae,2,EN,FWS:EN,100,FALSE,rng_fws|A00E,0
A00F,Canis rufus,Red wolf,Canidae,2,EN,FWS:EN,100,FALSE,rng_fws|A00F,46
I0VV,Capnia lineata,Straight snowfly,Capniidae,1,LC,FWS:LC,1,FALSE,rng_fws|I0VV,0
I0VW,Capnia zukeli,Idaho snowfly,Capniidae,1,LC,FWS:LC,1,FALSE,rng_fws|I0VW,0
B06Q,Caracara plancus audubonii,Crested caracara (Audubon's) [FL DPS],Falconidae,1,TN,FWS:TN,50,TRUE,rng_fws|B06Q,1
Q1U0,Cardamine micranthera,Small-anthered bittercress,Brassicaceae,1,EN,FWS:EN,100,FALSE,rng_fws|Q1U0,0
C00U,Caretta caretta,Loggerhead sea turtle,Cheloniidae,1,TN,FWS:TN,50,TRUE,rng_fws|C00U,78.4
Q0BL,Carex albida,White sedge,Cyperaceae,1,EN,FWS:EN,100,FALSE,rng_fws|Q0BL,0
Q30I,Carex impressinervia,Ravine sedge,Cyperaceae,1,LC,FWS:LC,1,FALSE,rng_fws|Q30I,0
Q3HD,Carex lutea,Golden sedge,Cyperaceae,1,EN,FWS:EN,100,FALSE,rng_fws|Q3HD,1.8
Q3NH,Carex radfordii,Radford's sedge,Cyperaceae,1,LC,FWS:LC,1,FALSE,rng_fws|Q3NH,0
Q1U1,Carex specuicola,Navajo sedge,Cyperaceae,1,TN,FWS:TN,50,FALSE,rng_fws|Q1U1,0
Q26R,Castilleja affinis ssp. neglecta,Tiburon paintbrush,Scrophulariaceae,1,EN,FWS:EN,100,FALSE,rng_fws|Q26R,5.6
Q0CG,Castilleja campestris ssp. succulenta,Fleshy owl's-clover,Scrophulariaceae,1,TN,FWS:TN,50,FALSE,rng_fws|Q0CG,0
Q0CI,Castilleja christii,Christ's paintbrush,Scrophulariaceae,1,LC,FWS:LC,1,FALSE,rng_fws|Q0CI,0
Q0CL,Castilleja cinerea,Ash-grey paintbrush,Scrophulariaceae,1,TN,FWS:TN,50,FALSE,rng_fws|Q0CL,0
Q0CM,Castilleja cryptantha,Obscure Indian paintbrush,Scrophulariaceae,1,LC,FWS:LC,1,FALSE,rng_fws|Q0CM,0
Q1U2,Castilleja grisea,San Clemente Island Paintbrush,Scrophulariaceae,1,LC,FWS:LC,1,FALSE,rng_fws|Q1U2,3.2
Q26U,Castilleja levisecta,golden paintbrush,Orobanchaceae,1,LC,FWS:LC,1,FALSE,rng_fws|Q26U,4.3
Q0D1,Castilleja mollis,Soft-leaved paintbrush,Scrophulariaceae,1,EN,FWS:EN,100,FALSE,rng_fws|Q0D1,100
Q3PX,Castilleja ornata,swale paintbrush,Orobanchaceae,1,EN,FWS:EN,100,FALSE,rng_fws|Q3PX,0
Q30M,Catesbaea melanocarpa,No common name,Rubiaceae,1,EN,FWS:EN,100,FALSE,rng_fws|Q30M,4.7
E063,Catostomus discobolus yarrowi,Zuni bluehead Sucker,Catostomidae,1,EN,FWS:EN,100,FALSE,rng_fws|E063,0
E053,Catostomus microps,Modoc Sucker,Catostomidae,1,LC,FWS:LC,1,FALSE,rng_fws|E053,0
E07W,Catostomus santaanae,Santa Ana sucker,Catostomidae,1,TN,FWS:TN,50,FALSE,rng_fws|E07W,0
E057,Catostomus warnerensis,Warner sucker,Catostomidae,1,TN,FWS:TN,50,FALSE,rng_fws|E057,0
Q2Y8,Caulanthus californicus,California jewelflower,Brassicaceae,1,EN,FWS:EN,100,FALSE,rng_fws|Q2Y8,0.5
Q1U3,Ceanothus ferrisae,Coyote ceanothus,Rhamnaceae,1,EN,FWS:EN,100,FALSE,rng_fws|Q1U3,0
Q3AH,Ceanothus ophiochilus,Vail Lake ceanothus,Rhamnaceae,1,TN,FWS:TN,50,FALSE,rng_fws|Q3AH,0
Q0DK,Ceanothus roderickii,Pine Hill ceanothus,Rhamnaceae,1,EN,FWS:EN,100,FALSE,rng_fws|Q0DK,0
Q1U4,Cenchrus agrimonioides,Kamanomano,Poaceae,1,EN,FWS:EN,100,FALSE,rng_fws|Q1U4,8.7
Q1U5,Centaurium namophilum,Spring-loving centaury,Gentianaceae,1,TN,FWS:TN,50,FALSE,rng_fws|Q1U5,0
B0B0,Centrocercus minimus,Gunnison Sage-grouse,Phasianidae,1,TN,FWS:TN,50,FALSE,rng_fws|B0B0,0
B06W,Centrocercus urophasianus,Greater sage-grouse,Phasianidae,2,TN,FWS:TN,50,FALSE,rng_fws|B06W,0
Q30R,Cephaloziella obtusilobula,Roundleaf Liverwort,Cephaloziellaceae,1,LC,FWS:LC,1,FALSE,rng_fws|Q30R,0
Q0DQ,Cercocarpus traskiae,Catalina Island mountain-mahogany,Rosaceae,1,EN,FWS:EN,100,FALSE,rng_fws|Q0DQ,2
Q1U6,Cereus eriophorus var. fragrans,Fragrant prickly-apple,Cactaceae,1,EN,FWS:EN,100,FALSE,rng_fws|Q1U6,13.1
Q26W,Chamaecrista glandulosa var. mirabilis,No common name,Fabaceae,1,EN,FWS:EN,100,FALSE,rng_fws|Q26W,4.2
Q0E3,Chamaecrista lineata keyensis,Big Pine partridge pea,Fabaceae,1,EN,FWS:EN,100,FALSE,rng_fws|Q0E3,73.3
Q3HI,Chamaesyce deltoidea pinetorum,Pineland sandmat,Euphorbiaceae,1,TN,FWS:TN,50,FALSE,rng_fws|Q3HI,19.3
Q0E7,Chamaesyce deltoidea serpyllum,Wedge spurge,Euphorbiaceae,1,EN,FWS:EN,100,FALSE,rng_fws|Q0E7,73.3
Q26X,Chamaesyce deltoidea ssp. deltoidea,Deltoid spurge,Euphorbiaceae,1,EN,FWS:EN,100,FALSE,rng_fws|Q26X,19.3
Q1U9,Chamaesyce garberi,Garber's spurge,Euphorbiaceae,1,TN,FWS:TN,50,FALSE,rng_fws|Q1U9,44.5
Q0E9,Chamaesyce hooveri,Hoover's spurge,Euphorbiaceae,1,TN,FWS:TN,50,FALSE,rng_fws|Q0E9,0
B079,Charadrius melodus,Piping Plover,Charadriidae,2,EN,FWS:EN,100,TRUE,rng_fws|B079,5
B078,Charadrius montanus,Mountain Plover,Charadriidae,1,LC,FWS:LC,1,FALSE,rng_fws|B078,0
B07C,Charadrius nivosus nivosus,Western Snowy Plover,Charadriidae,1,TN,FWS:TN,50,TRUE,rng_fws|B07C,10.5
Q0EF,Charpentiera densiflora,Papala,Amaranthaceae,1,EN,FWS:EN,100,FALSE,rng_fws|Q0EF,3.4
B0AL,Chasiempis ibidis,Oahu elepaio,Monarchidae,1,EN,FWS:EN,100,FALSE,rng_fws|B0AL,0
E055,Chasmistes brevirostris,Shortnose Sucker,Catostomidae,1,EN,FWS:EN,100,FALSE,rng_fws|E055,0
E001,Chasmistes cujus,Cui-ui,Catostomidae,1,EN,FWS:EN,100,FALSE,rng_fws|E001,0
E050,Chasmistes liorus,June sucker,Catostomidae,1,TN,FWS:TN,50,FALSE,rng_fws|E050,0
C00S,Chelonia mydas,Green sea turtle,Cheloniidae,4,EN,FWS:EN,100,TRUE,rng_fws|C00S,68.9
C02E,Chilabothrus granti,Virgin Islands tree boa,Boidae,1,EN,FWS:EN,100,FALSE,rng_fws|C02E,47.5
C00P,Chilabothrus inornatus,Puerto Rican boa,Boidae,1,EN,FWS:EN,100,FALSE,rng_fws|C00P,3.6
C06D,Chionactis occipitalis klauberi,Tucson shovel-nosed Snake,Colubridae,1,LC,FWS:LC,1,FALSE,rng_fws|C06D,0
Q26Y,Chionanthus pygmaeus,Pygmy fringe-tree,Oleaceae,1,EN,FWS:EN,100,FALSE,rng_fws|Q26Y,4.8
Q0ET,Chlorogalum purpureum,Purple amole,Agavaceae,1,TN,FWS:TN,50,FALSE,rng_fws|Q0ET,0
Q270,Chorizanthe howellii,Howell's spineflower,Polygonaceae,1,EN,FWS:EN,100,FALSE,rng_fws|Q270,12
Q0EY,Chorizanthe orcuttiana,Orcutt's spineflower,Polygonaceae,1,EN,FWS:EN,100,FALSE,rng_fws|Q0EY,5
Q0EZ,Chorizanthe parryi var. fernandina,San Fernando Valley Spineflower,Polygonaceae,1,LC,FWS:LC,1,FALSE,rng_fws|Q0EZ,0
Q30Y,Chorizanthe pungens var. hartwegiana,Ben Lomond spineflower,Polygonaceae,1,EN,FWS:EN,100,FALSE,rng_fws|Q30Y,0.7
Q271,Chorizanthe pungens var. pungens,Monterey spineflower,Polygonaceae,1,TN,FWS:TN,50,FALSE,rng_fws|Q271,2.3
Q3IB,Chorizanthe robusta var. hartwegii,Scotts Valley spineflower,Polygonaceae,1,EN,FWS:EN,100,FALSE,rng_fws|Q3IB,1.2
Q3O7,Chorizanthe robusta var. robusta,Robust spineflower,Polygonaceae,1,EN,FWS:EN,100,FALSE,rng_fws|Q3O7,2.4
Q1UF,Chorizanthe valida,Sonoma spineflower,Polygonaceae,1,EN,FWS:EN,100,FALSE,rng_fws|Q1UF,2.8
Q3HJ,Chromolaena frustrata,Cape Sable Thoroughwort,Asteraceae,1,EN,FWS:EN,100,FALSE,rng_fws|Q3HJ,52
E0AR,Chrosomus saylori,Laurel dace,Cyprinidae,1,EN,FWS:EN,100,FALSE,rng_fws|E0AR,0
Q272,Chrysopsis floridana,Florida golden aster,Asteraceae,1,LC,FWS:LC,1,FALSE,rng_fws|Q272,20
I0EW,Cicindela albissima,Coral Pink Sand Dunes tiger beetle,Cicindelidae,1,LC,FWS:LC,1,FALSE,rng_fws|I0EW,0
I0EX,Cicindela marginipennis,Cobblestone tiger beetle,Cicindelidae,1,LC,FWS:LC,1,FALSE,rng_fws|I0EX,0.8
I0QR,Cicindela nevadica lincolniana,Salt Creek Tiger beetle,Cicindelidae,1,EN,FWS:EN,100,FALSE,rng_fws|I0QR,0
I0OW,Cicindela ohlone,Ohlone tiger beetle,Cicindelidae,1,EN,FWS:EN,100,FALSE,rng_fws|I0OW,1.8
I0XA,Cicindelidia floridana,Miami tiger beetle,Carabidae,1,EN,FWS:EN,100,FALSE,rng_fws|I0XA,3.1
J01A,Cicurina baronia,Robber Baron Cave Meshweaver,Dictynidae,1,EN,FWS:EN,100,FALSE,rng_fws|J01A,0
J019,Cicurina madla,Madla Cave Meshweaver,Dictynidae,1,EN,FWS:EN,100,FALSE,rng_fws|J019,0
J01D,Cicurina venii,Braken Bat Cave meshweaver,Dictynidae,1,LC,FWS:LC,1,FALSE,rng_fws|J01D,0
J01B,Cicurina vespera,Government Canyon Bat Cave meshweaver,Dictynidae,1,EN,FWS:EN,100,FALSE,rng_fws|J01B,0
J01C,Cicurina wartoni,Warton cave meshweaver,Dictynidae,1,LC,FWS:LC,1,FALSE,rng_fws|J01C,0
Q1UH,Cirsium fontinale var. fontinale,Fountain thistle,Asteraceae,1,EN,FWS:EN,100,FALSE,rng_fws|Q1UH,2.4
Q1UG,Cirsium fontinale var. obispoense,Chorro Creek bog thistle,Asteraceae,1,EN,FWS:EN,100,FALSE,rng_fws|Q1UG,1.8
Q0FC,Cirsium hydrophilum var. hydrophilum,Suisun thistle,Asteraceae,1,EN,FWS:EN,100,FALSE,rng_fws|Q0FC,0
Q0FE,Cirsium loncholepis,La Graciosa thistle,Asteraceae,1,EN,FWS:EN,100,FALSE,rng_fws|Q0FE,2.1
Q276,Cirsium pitcheri,Pitcher's thistle,Asteraceae,1,TN,FWS:TN,50,FALSE,rng_fws|Q276,0
Q277,Cirsium vinaceum,Sacramento Mountains thistle,Asteraceae,1,TN,FWS:TN,50,FALSE,rng_fws|Q277,0
Q3N3,Cirsium wrightii,Wright's marsh thistle,Asteraceae,1,TN,FWS:TN,50,FALSE,rng_fws|Q3N3,0
U000,Cladonia perforata,Florida perforate cladonia,Cladoniaceae,1,EN,FWS:EN,100,FALSE,rng_fws|U000,5.4
U003,Cladonia psoromica,Bluff Mountain Reindeer Lichen,Cladoniaceae,1,LC,FWS:LC,1,FALSE,rng_fws|U003,0
Q1UI,Clarkia franciscana,Presidio clarkia,Onagraceae,1,EN,FWS:EN,100,FALSE,rng_fws|Q1UI,11.3
Q0FO,Clarkia imbricata,Vine Hill clarkia,Onagraceae,1,EN,FWS:EN,100,FALSE,rng_fws|Q0FO,0
Q1UJ,Clarkia speciosa ssp. immaculata,Pismo clarkia,Onagraceae,1,EN,FWS:EN,100,FALSE,rng_fws|Q1UJ,1.5
Q2O6,Clarkia springvillensis,Springville clarkia,Onagraceae,1,TN,FWS:TN,50,FALSE,rng_fws|Q2O6,0
Q0FX,Clematis addisonii,Addison's virgin's bower,Ranunculaceae,1,LC,FWS:LC,1,FALSE,rng_fws|Q0FX,0
Q315,Clematis morefieldii,Morefield''s Leather Flower,Ranunculaceae,1,EN,FWS:EN,100,FALSE,rng_fws|Q315,0
Q2SM,Clematis socialis,Alabama Leather Flower,Ranunculaceae,1,EN,FWS:EN,100,FALSE,rng_fws|Q2SM,0
Q0G2,Clematis viticaulis,Millboro leatherflower,Ranunculaceae,1,LC,FWS:LC,1,FALSE,rng_fws|Q0G2,0
C07A,Clemmys guttata,Spotted turtle,Emydidae,1,LC,FWS:LC,1,FALSE,rng_fws|C07A,4.1
Q0G6,Clermontia drepanomorpha,`Oha wai,Campanulaceae,1,EN,FWS:EN,100,FALSE,rng_fws|Q0G6,0
Q1UL,Clermontia lindseyana,`Oha wai,Campanulaceae,1,EN,FWS:EN,100,FALSE,rng_fws|Q1UL,0
Q317,Clermontia oblongifolia ssp. brevipes,`Oha wai,Campanulaceae,1,EN,FWS:EN,100,FALSE,rng_fws|Q317,12.4
Q318,Clermontia oblongifolia ssp. mauiensis,`Oha wai,Campanulaceae,1,EN,FWS:EN,100,FALSE,rng_fws|Q318,1.2
Q1UM,Clermontia peleana,`Oha wai,Campanulaceae,1,EN,FWS:EN,100,FALSE,rng_fws|Q1UM,0.2
Q1UN,Clermontia pyrularia,`Oha wai,Campanulaceae,1,EN,FWS:EN,100,FALSE,rng_fws|Q1UN,0
Q3H1,Clermontia samuelii,`Oha wai,Campanulaceae,1,EN,FWS:EN,100,FALSE,rng_fws|Q3H1,0.6
Q27C,Clitoria fragrans,Pigeon wings,Fabaceae,1,TN,FWS:TN,50,FALSE,rng_fws|Q27C,0
B06R,Coccyzus americanus,Yellow-billed Cuckoo,Cuculidae,1,TN,FWS:TN,50,TRUE,rng_fws|B06R,0.2
B0FV,Coccyzus americanus ssp. occidentalis,No Common Name,Coccyzidae,1,LC,FWS:LC,1,TRUE,rng_fws|B0FV,0.3
B00Z,Colinus virginianus ridgwayi,Masked bobwhite (quail),Phasianidae,1,EN,FWS:EN,100,FALSE,rng_fws|B00Z,0
Q1UO,Colubrina oppositifolia,Kauila,Rhamnaceae,1,EN,FWS:EN,100,FALSE,rng_fws|Q1UO,1.5
A0EF,Conepatus mesoleucus figginsi,Colorado hog-nosed skunk,Mustelidae,1,LC,FWS:LC,1,FALSE,rng_fws|A0EF,0
Q1UP,Conradina brevifolia,Short-leaved rosemary,Lamiaceae,1,EN,FWS:EN,100,FALSE,rng_fws|Q1UP,0
Q3AG,Conradina etonia,Etonia rosemary,Lamiaceae,1,EN,FWS:EN,100,FALSE,rng_fws|Q3AG,0
Q1UQ,Conradina glabra,Apalachicola rosemary,Lamiaceae,1,EN,FWS:EN,100,FALSE,rng_fws|Q1UQ,0
Q1UR,Conradina verticillata,Cumberland rosemary,Lamiaceae,1,TN,FWS:TN,50,FALSE,rng_fws|Q1UR,0
Q3HT,Consolea corallicola,Florida semaphore Cactus,Cactaceae,1,EN,FWS:EN,100,FALSE,rng_fws|Q3HT,52
B0AN,Contopus cooperi,Olive-sided Flycatcher,Tyrannidae,1,LC,FWS:LC,1,FALSE,rng_fws|B0AN,0
I0VR,Copablepharon fuscum,Sand-verbena moth,Noctuidae,1,LC,FWS:LC,1,FALSE,rng_fws|I0VR,34.3
Q27F,Cordia bellonis,No common name,Boraginaceae,1,EN,FWS:EN,100,FALSE,rng_fws|Q27F,0
I0E6,Cordulegaster sayi,Say's spiketail,Cordulegastridae,1,LC,FWS:LC,1,FALSE,rng_fws|I0E6,3.4
Q1US,Cordylanthus maritimus ssp. maritimus,Salt marsh bird's-beak,Scrophulariaceae,1,EN,FWS:EN,100,FALSE,rng_fws|Q1US,4.9
Q0GT,Cordylanthus mollis ssp. mollis,Soft bird's-beak,Scrophulariaceae,1,EN,FWS:EN,100,FALSE,rng_fws|Q0GT,0
Q1UT,Cordylanthus palmatus,Palmate-bracted bird's beak,Scrophulariaceae,1,EN,FWS:EN,100,FALSE,rng_fws|Q1UT,0
Q2O8,Cordylanthus tenuis ssp. capillaris,Pennell's bird's-beak,Scrophulariaceae,1,EN,FWS:EN,100,FALSE,rng_fws|Q2O8,0
Q3P7,Coreopsis integrifolia,Ciliate-leaf tickseed,Asteraceae,1,LC,FWS:LC,1,FALSE,rng_fws|Q3P7,10.6
Q27I,Cornutia obovata,Palo de nigua,Verbenaceae,1,EN,FWS:EN,100,FALSE,rng_fws|Q27I,0
B05X,Corvus kubaryi,Mariana (=aga) Crow,Corvidae,1,EN,FWS:EN,100,TRUE,rng_fws|B05X,26.4
A075,Corynorhinus (=Plecotus) townsendii ingens,Ozark big-eared bat,Vespertilionidae,1,EN,FWS:EN,100,FALSE,rng_fws|A075,0
A080,Corynorhinus (=Plecotus) townsendii virginianus,Virginia big-eared bat,Vespertilionidae,1,EN,FWS:EN,100,FALSE,rng_fws|A080,0
Q1UV,Coryphantha ramillosa,Bunched cory cactus,Cactaceae,1,TN,FWS:TN,50,FALSE,rng_fws|Q1UV,0
Q27L,Coryphantha robbinsorum,Cochise pincushion cactus,Cactaceae,1,TN,FWS:TN,50,FALSE,rng_fws|Q27L,0
Q27M,Coryphantha scheeri var. robustispina,Pima pineapple cactus,Cactaceae,1,EN,FWS:EN,100,FALSE,rng_fws|Q27M,0
Q1UW,Coryphantha sneedii var. leei,Lee pincushion cactus,Cactaceae,1,TN,FWS:TN,50,FALSE,rng_fws|Q1UW,0
Q1UX,Coryphantha sneedii var. sneedii,Sneed pincushion cactus,Cactaceae,1,EN,FWS:EN,100,FALSE,rng_fws|Q1UX,0
E09F,Cottus marginatus,Margined sculpin,Cottidae,1,LC,FWS:LC,1,FALSE,rng_fws|E09F,0
E01L,Cottus paulus (=pygmaeus),Pygmy Sculpin,Cottidae,1,TN,FWS:TN,50,FALSE,rng_fws|E01L,0
E06P,Cottus sp.,Bluestone sculpin,Cottidae,1,LC,FWS:LC,1,FALSE,rng_fws|E06P,0
E0AC,Cottus specus,Grotto Sculpin,Cottidae,1,EN,FWS:EN,100,FALSE,rng_fws|E0AC,0
K01N,Crangonyx grandimanus,Florida cave amphipod,Crangonyctidae,1,LC,FWS:LC,1,FALSE,rng_fws|K01N,1.8
K00T,Crangonyx hobbsi,Hobb's cave amphipod,Crangonyctidae,1,LC,FWS:LC,1,FALSE,rng_fws|K00T,1.7
Q3A8,Cranichis ricartii,No common name,Orchidaceae,1,EN,FWS:EN,100,FALSE,rng_fws|Q3A8,0
Q3SL,Crataegus oreophila,Balsam Mountain Hawthorn,Rosaceae,1,LC,FWS:LC,1,FALSE,rng_fws|Q3SL,0
E04U,Crenichthys baileyi baileyi,White River springfish,Cyprinodontidae,1,EN,FWS:EN,100,FALSE,rng_fws|E04U,0
E04Q,Crenichthys baileyi grandis,Hiko White River springfish,Cyprinodontidae,1,EN,FWS:EN,100,FALSE,rng_fws|E04Q,0
E04T,Crenichthys nevadae,Railroad Valley springfish,Cyprinodontidae,1,TN,FWS:TN,50,FALSE,rng_fws|E04T,0
Q27R,Crescentia portoricensis,Higuero de sierra,Bignoniaceae,1,EN,FWS:EN,100,FALSE,rng_fws|Q27R,0
C02J,Crocodylus acutus,American crocodile,Crocodylidae,1,TN,FWS:TN,50,TRUE,rng_fws|C02J,45.4
Q31F,Crotalaria avonensis,Avon Park harebells,Fabaceae,1,EN,FWS:EN,100,FALSE,rng_fws|Q31F,0
C077,Crotalus adamanteus,Eastern diamondback rattlesnake,Viperidae,1,LC,FWS:LC,1,FALSE,rng_fws|C077,9.8
C06C,Crotalus horridus,Timber rattlesnake,Viperidae,1,LC,FWS:LC,1,FALSE,rng_fws|C06C,0
C01S,Crotalus willardi obscurus,New Mexican ridge-nosed rattlesnake,Crotalidae,1,TN,FWS:TN,50,FALSE,rng_fws|C01S,0
Q0HK,Croton elliottii,Elliotts croton,Euphorbiaceae,1,LC,FWS:LC,1,FALSE,rng_fws|Q0HK,0
Q27U,Cryptantha crassipes,Terlingua Creek cat's-eye,Boraginaceae,1,EN,FWS:EN,100,FALSE,rng_fws|Q27U,0
D043,Cryptobranchus alleganiensis alleganiensis,Eastern Hellbender,Cryptobranchidae,2,EN,FWS:EN,100,FALSE,rng_fws|D043,0
D032,Cryptobranchus alleganiensis bishopi,Ozark Hellbender,Cryptobranchidae,1,EN,FWS:EN,100,FALSE,rng_fws|D032,0
G0CF,Cryptomastix devia,Puget oregonian,polgyridae,1,LC,FWS:LC,1,FALSE,rng_fws|G0CF,2.8
G0EC,Cryptomastix hendersoni,Columbia Oregonian,Polygyridae,1,LC,FWS:LC,1,FALSE,rng_fws|G0EC,0
E014,Crystallaria cincotta,diamond Darter,Percidae,1,EN,FWS:EN,100,FALSE,rng_fws|E014,0
S01I,Ctenitis squamigera,Pauoa,Aspleniaceae,1,EN,FWS:EN,100,FALSE,rng_fws|S01I,4.3
Q280,Cucurbita okeechobeensis ssp. okeechobeensis,Okeechobee gourd,Cucurbitaceae,1,EN,FWS:EN,100,FALSE,rng_fws|Q280,0
F00X,Cumberlandia monodonta,Spectaclecase (mussel),Margaritiferidae,1,EN,FWS:EN,100,FALSE,rng_fws|F00X,0
R005,Cupressus abramsiana,Santa Cruz cypress,Cupressaceae,1,TN,FWS:TN,50,FALSE,rng_fws|R005,3.1
R00A,Cupressus goveniana ssp. goveniana,Gowen cypress,Cupressaceae,1,TN,FWS:TN,50,FALSE,rng_fws|R00A,10.3
Q3GJ,Cyanea acuminata,Haha,Campanulaceae,1,EN,FWS:EN,100,FALSE,rng_fws|Q3GJ,0.1
Q31J,Cyanea asarifolia,Haha,Campanulaceae,1,EN,FWS:EN,100,FALSE,rng_fws|Q31J,0.3
Q1V0,Cyanea asplenifolia,Haha,Campanulaceae,1,EN,FWS:EN,100,FALSE,rng_fws|Q1V0,1.2
Q1LP,Cyanea calycina,Haha,Campanulaceae,1,EN,FWS:EN,100,FALSE,rng_fws|Q1LP,0.2
Q31K,Cyanea copelandii ssp. copelandii,Haha,Campanulaceae,1,EN,FWS:EN,100,FALSE,rng_fws|Q31K,0
Q3GV,Cyanea copelandii ssp. haleakalaensis,Haha,Campanulaceae,1,EN,FWS:EN,100,FALSE,rng_fws|Q3GV,0.2
Q1V1,Cyanea crispa,haha,Campanulaceae,1,EN,FWS:EN,100,FALSE,rng_fws|Q1V1,0.4
Q3MS,Cyanea dolichopoda,Haha,Campanulaceae,1,EN,FWS:EN,100,FALSE,rng_fws|Q3MS,2.1
Q31L,Cyanea dunbariae,haha,Campanulaceae,1,EN,FWS:EN,100,FALSE,rng_fws|Q31L,16.2
Q3NS,Cyanea duvalliorum,haha,Campanulaceae,1,EN,FWS:EN,100,FALSE,rng_fws|Q3NS,0.3
Q3HA,Cyanea eleeleensis,Haha,Campanulaceae,1,EN,FWS:EN,100,FALSE,rng_fws|Q3HA,7.7
Q2SU,Cyanea gibsonii,haha,Campanulaceae,1,EN,FWS:EN,100,FALSE,rng_fws|Q2SU,0
Q31M,Cyanea glabra,Haha,Campanulaceae,1,EN,FWS:EN,100,FALSE,rng_fws|Q31M,0
Q1V2,Cyanea grimesiana ssp. grimesiana,Haha,Campanulaceae,1,EN,FWS:EN,100,FALSE,rng_fws|Q1V2,5.3
Q2SR,Cyanea grimesiana ssp. obatae,Haha,Campanulaceae,1,EN,FWS:EN,100,FALSE,rng_fws|Q2SR,0
Q2SS,Cyanea hamatiflora ssp. carlsonii,Haha,Campanulaceae,1,EN,FWS:EN,100,FALSE,rng_fws|Q2SS,0
Q3GW,Cyanea hamatiflora ssp. hamatiflora,Haha,Campanulaceae,1,EN,FWS:EN,100,FALSE,rng_fws|Q3GW,0.1
Q3NT,Cyanea horrida,haha nui,Campanulaceae,1,EN,FWS:EN,100,FALSE,rng_fws|Q3NT,0
Q0IN,Cyanea humboldtiana,Haha,Campanulaceae,1,EN,FWS:EN,100,FALSE,rng_fws|Q0IN,0
Q3OI,Cyanea kauaulaensis,No common name,Campanulaceae,1,EN,FWS:EN,100,FALSE,rng_fws|Q3OI,0
Q3MT,Cyanea kolekoleensis,Haha,Campanulaceae,1,EN,FWS:EN,100,FALSE,rng_fws|Q3MT,0
Q3GP,Cyanea koolauensis,Haha,Campanulaceae,1,EN,FWS:EN,100,FALSE,rng_fws|Q3GP,0
Q3H2,Cyanea kuhihewa,Haha,Campanulaceae,1,EN,FWS:EN,100,FALSE,rng_fws|Q3H2,1
Q0IO,Cyanea kunthiana,Haha,Campanulaceae,1,EN,FWS:EN,100,FALSE,rng_fws|Q0IO,0
Q0IP,Cyanea lanceolata,Haha,Campanulaceae,1,EN,FWS:EN,100,FALSE,rng_fws|Q0IP,0.1
Q2ST,Cyanea lobata,Haha,Campanulaceae,1,EN,FWS:EN,100,FALSE,rng_fws|Q2ST,0.9
Q3GQ,Cyanea longiflora,Haha,Campanulaceae,1,EN,FWS:EN,100,FALSE,rng_fws|Q3GQ,0.3
Q3NU,Cyanea magnicalyx,haha,Campanulaceae,1,EN,FWS:EN,100,FALSE,rng_fws|Q3NU,1.6
Q31P,Cyanea mannii,Haha,Campanulaceae,1,EN,FWS:EN,100,FALSE,rng_fws|Q31P,3
Q3NV,Cyanea maritae,haha,Campanulaceae,1,EN,FWS:EN,100,FALSE,rng_fws|Q3NV,6.9
Q0IS,Cyanea marksii,Haha,Campanulaceae,1,EN,FWS:EN,100,FALSE,rng_fws|Q0IS,0
Q3NW,Cyanea mauiensis,haha,Campanulaceae,1,EN,FWS:EN,100,FALSE,rng_fws|Q3NW,3.3
Q1V3,Cyanea mceldowneyi,Haha,Campanulaceae,1,EN,FWS:EN,100,FALSE,rng_fws|Q1V3,0
Q3NX,Cyanea munroi,haha,Campanulaceae,1,EN,FWS:EN,100,FALSE,rng_fws|Q3NX,15.6
Q31Q,Cyanea obtusa,Haha,Campanulaceae,1,EN,FWS:EN,100,FALSE,rng_fws|Q31Q,0
Q284,Cyanea pinnatifida,Haha,Campanulaceae,1,EN,FWS:EN,100,FALSE,rng_fws|Q284,0
Q285,Cyanea platyphylla,`aku`aku,Campanulaceae,1,EN,FWS:EN,100,FALSE,rng_fws|Q285,0.6
Q31S,Cyanea procera,Haha,Campanulaceae,1,EN,FWS:EN,100,FALSE,rng_fws|Q31S,14.5
Q31T,Cyanea profuga,Haha,Campanlaceae,1,EN,FWS:EN,100,FALSE,rng_fws|Q31T,13.1
Q1LR,Cyanea purpurellifolia,Haha,Campanulaceae,1,EN,FWS:EN,100,FALSE,rng_fws|Q1LR,0
Q31V,Cyanea recta,Haha,Campanulaceae,1,TN,FWS:TN,50,FALSE,rng_fws|Q31V,0.2
Q3GK,Cyanea remyi,Haha,Campanulaceae,1,EN,FWS:EN,100,FALSE,rng_fws|Q3GK,0.3
Q0LV,Cyanea rivularis,Haha,Campanulaceae,1,EN,FWS:EN,100,FALSE,rng_fws|Q0LV,0
Q1V4,Cyanea shipmanii,Haha,Campanulaceae,1,EN,FWS:EN,100,FALSE,rng_fws|Q1V4,0
Q0IV,Cyanea solanacea,Popolo,Campanulaceae,1,EN,FWS:EN,100,FALSE,rng_fws|Q0IV,8.2
Q1V5,Cyanea st.-johnii,Haha,Campanulaceae,1,EN,FWS:EN,100,FALSE,rng_fws|Q1V5,0
Q286,Cyanea stictophylla,Haha,Campanulaceae,1,EN,FWS:EN,100,FALSE,rng_fws|Q286,0
Q1V6,Cyanea superba,Haha,Campanulaceae,1,EN,FWS:EN,100,FALSE,rng_fws|Q1V6,0.1
Q0IX,Cyanea tritomantha,`aku,Campanulaceae,1,EN,FWS:EN,100,FALSE,rng_fws|Q0IX,0
Q31W,Cyanea truncata,Haha,Campanulaceae,1,EN,FWS:EN,100,FALSE,rng_fws|Q31W,0.7
Q31X,Cyanea undulata,Haha,Campanulaceae,1,EN,FWS:EN,100,FALSE,rng_fws|Q31X,2.5
S01J,Cyathea dryopteroides,Elfin tree fern,Cyatheaceae,1,EN,FWS:EN,100,FALSE,rng_fws|S01J,2.7
R00P,Cycas micronesica,Fadang,Cycadaceae,1,TN,FWS:TN,50,FALSE,rng_fws|R00P,24
Q1V7,Cycladenia humilis var. jonesii,Jones Cycladenia,Apocynaceae,1,TN,FWS:TN,50,FALSE,rng_fws|Q1V7,0
I02Q,Cyclargus thomasi bethunebakeri,Miami Blue Butterfly,Lycaenidae,1,EN,FWS:EN,100,FALSE,rng_fws|I02Q,40.1
E060,Cycleptus elongatus,Blue sucker,Catostomidae,1,LC,FWS:LC,1,FALSE,rng_fws|E060,0
F04G,Cyclonaias houstonensis,Smooth pimpleback,Unionidae,1,LC,FWS:LC,1,FALSE,rng_fws|F04G,3.4
F05A,Cyclonaias necki,Guadalupe Orb,Unionidae,1,EN,FWS:EN,100,FALSE,rng_fws|F05A,0
F04F,Cyclonaias petrina,Texas pimpleback,Unionidae,1,EN,FWS:EN,100,FALSE,rng_fws|F04F,0
C01R,Cyclura stejnegeri,Mona ground Iguana,Iguanidae,1,TN,FWS:TN,50,FALSE,rng_fws|C01R,31.8
A0IB,Cynomys gunnisoni,Gunnison's prairie dog,Sciuridae,1,LC,FWS:LC,1,FALSE,rng_fws|A0IB,0
A0HI,Cynomys ludovicianus,Black-tailed prairie dog,Sciuridae,1,LC,FWS:LC,1,FALSE,rng_fws|A0HI,0
A04A,Cynomys parvidens,Utah prairie dog,Sciuridae,1,TN,FWS:TN,50,FALSE,rng_fws|A04A,0
Q35R,Cyperus fauriei,No common name,Cyperaceae,1,EN,FWS:EN,100,FALSE,rng_fws|Q35R,1
Q35S,Cyperus neokunthianus,No common name,Cyperaceae,1,EN,FWS:EN,100,FALSE,rng_fws|Q35S,0.3
Q2Q0,Cyperus pennatiformis,No common name,Cyperaceae,1,EN,FWS:EN,100,FALSE,rng_fws|Q2Q0,8.7
Q321,Cyperus trachysanthos,Pu`uka`a,Cyperaceae,1,EN,FWS:EN,100,FALSE,rng_fws|Q321,24.5
E05Y,Cyprinella caerulea,Blue shiner,Cyprinidae,1,TN,FWS:TN,50,FALSE,rng_fws|E05Y,0
E04B,Cyprinella formosa,Beautiful shiner,Cyprinidae,1,TN,FWS:TN,50,FALSE,rng_fws|E04B,0
E023,Cyprinodon bovinus,Leon Springs pupfish,Cyprinodontidae,1,EN,FWS:EN,100,FALSE,rng_fws|E023,0
E009,Cyprinodon diabolis,Devils Hole pupfish,Cyprinodontidae,1,EN,FWS:EN,100,FALSE,rng_fws|E009,0
E008,Cyprinodon elegans,Comanche Springs pupfish,Cyprinodontidae,1,EN,FWS:EN,100,FALSE,rng_fws|E008,0
E044,Cyprinodon macularius,Desert pupfish,Cyprinodontidae,1,EN,FWS:EN,100,FALSE,rng_fws|E044,0
E042,Cyprinodon nevadensis mionectes,Ash Meadows Amargosa pupfish,Cyprinodontidae,1,EN,FWS:EN,100,FALSE,rng_fws|E042,0
E00W,Cyprinodon nevadensis pectoralis,Warm Springs pupfish,Cyprinodontidae,1,EN,FWS:EN,100,FALSE,rng_fws|E00W,0
E046,Cyprinodon pecosensis,Pecos pupfish,Cyprinodontidae,1,TN,FWS:TN,50,FALSE,rng_fws|E046,0
E00A,Cyprinodon radiosus,Owens pupfish,Cyprinodontidae,1,EN,FWS:EN,100,FALSE,rng_fws|E00A,0
E048,Cyprinodon tularosa,White Sands pupfish,Cyprinodontidae,1,LC,FWS:LC,1,FALSE,rng_fws|E048,0
Q3CM,Cypripedium fasciculatum,Clustered lady's-slipper,Orchidaceae,1,LC,FWS:LC,1,FALSE,rng_fws|Q3CM,0
F01L,Cyprogenia aberti,Western fanshell,Unionidae,1,TN,FWS:TN,50,FALSE,rng_fws|F01L,0
F02H,Cyprogenia stegaria,Fanshell,Unionidae,2,EN,FWS:EN,100,FALSE,rng_fws|F02H,0
Q28B,Cyrtandra crenata,Ha`iwale,Gesneriaceae,1,EN,FWS:EN,100,FALSE,rng_fws|Q28B,0
Q322,Cyrtandra cyaneoides,Mapele,Gesneriaceae,1,EN,FWS:EN,100,FALSE,rng_fws|Q322,0.2
Q0JV,Cyrtandra dentata,Ha`iwale,Gesneriaceae,1,EN,FWS:EN,100,FALSE,rng_fws|Q0JV,0.2
Q3NY,Cyrtandra ferripilosa,haiwale,Gesneriaceae,1,EN,FWS:EN,100,FALSE,rng_fws|Q3NY,0
Q2SY,Cyrtandra filipes,Ha`iwale,Gesneriaceae,1,EN,FWS:EN,100,FALSE,rng_fws|Q2SY,10
Q28C,Cyrtandra giffardii,Ha`iwale,Gesneriaceae,1,EN,FWS:EN,100,FALSE,rng_fws|Q28C,0
Q28D,Cyrtandra gracilis,Haiwale,Gesneriaceae,1,EN,FWS:EN,100,FALSE,rng_fws|Q28D,0
Q323,Cyrtandra hematos,Ha`iwale,Gesneriaceae,1,EN,FWS:EN,100,FALSE,rng_fws|Q323,4.4
Q0KJ,Cyrtandra kaulantha,Ha`iwale,Gesneriaceae,1,EN,FWS:EN,100,FALSE,rng_fws|Q0KJ,1
Q324,Cyrtandra kealiae,Ha`iwale,Gesneriaceae,1,LC,FWS:LC,1,FALSE,rng_fws|Q324,2.2
Q326,Cyrtandra limahuliensis,Ha`iwale,Gesneriaceae,1,TN,FWS:TN,50,FALSE,rng_fws|Q326,2.2
Q28I,Cyrtandra munroi,Ha`iwale,Gesneriaceae,1,EN,FWS:EN,100,FALSE,rng_fws|Q28I,1.9
Q3OB,Cyrtandra nanawaleensis,haiwale,Gesneriaceae,1,EN,FWS:EN,100,FALSE,rng_fws|Q3OB,11.6
Q0KX,Cyrtandra oenobarba,Ha`iwale,Gesneriaceae,1,EN,FWS:EN,100,FALSE,rng_fws|Q0KX,1.5
Q32A,Cyrtandra oxybapha,Ha`iwale,Gesneriaceae,1,EN,FWS:EN,100,FALSE,rng_fws|Q32A,0
Q3MU,Cyrtandra paliku,Haiwale,Gesneriaceae,1,EN,FWS:EN,100,FALSE,rng_fws|Q3MU,0
Q1V8,Cyrtandra polyantha,Ha`iwale,Gesneriaceae,1,EN,FWS:EN,100,FALSE,rng_fws|Q1V8,0.1
Q32B,Cyrtandra sessilis,Ha`iwale,Gesneriaceae,1,EN,FWS:EN,100,FALSE,rng_fws|Q32B,0
Q1V9,Cyrtandra subumbellata,Ha`iwale,Gesneriaceae,1,EN,FWS:EN,100,FALSE,rng_fws|Q1V9,0
Q32C,Cyrtandra tintinnabula,Ha`iwale,Gesneriaceae,1,EN,FWS:EN,100,FALSE,rng_fws|Q32C,0.1
Q32D,Cyrtandra viridiflora,Ha`iwale,Gesneriaceae,1,EN,FWS:EN,100,FALSE,rng_fws|Q32D,0
Q3OC,Cyrtandra wagneri,haiwale,Gesneriaceae,1,EN,FWS:EN,100,FALSE,rng_fws|Q3OC,0
Q0LK,Cyrtandra waiolani,Haiwale,Gesneriaceae,1,EN,FWS:EN,100,FALSE,rng_fws|Q0LK,0
K03Y,Dactylocythere peedeensis,Pee Dee crayfish ostracod,Entocytheridae,1,LC,FWS:LC,1,FALSE,rng_fws|K03Y,0
Q3HL,Dalea carthagenensis floridana,Florida prairie-clover,Fabaceae,1,EN,FWS:EN,100,FALSE,rng_fws|Q3HL,33.7
Q28M,Dalea foliosa,Leafy prairie-clover,Fabaceae,1,EN,FWS:EN,100,FALSE,rng_fws|Q28M,0
Q0LN,Dalea reverchonii,Comanche-peak prairie-clover,Fabaceae,1,LC,FWS:LC,1,FALSE,rng_fws|Q0LN,0
I0WJ,Danaus plexippus,Monarch butterfly,Nymphalidae,1,TN,FWS:TN,50,FALSE,rng_fws|I0WJ,1.5
Q28N,Daphnopsis helleriana,No common name,Thymelaeaceae,1,EN,FWS:EN,100,FALSE,rng_fws|Q28N,0
Q28O,Deeringothamnus pulchellus,Beautiful pawpaw,Annonaceae,1,EN,FWS:EN,100,FALSE,rng_fws|Q28O,18.4
Q28P,Deeringothamnus rugelii,Rugel's pawpaw,Annonaceae,1,EN,FWS:EN,100,FALSE,rng_fws|Q28P,0
Q0YQ,Deinandra (=Hemizonia) conjugens,Otay tarplant,Asteraceae,1,TN,FWS:TN,50,FALSE,rng_fws|Q0YQ,0.8
Q340,Deinandra increscens ssp. villosa,Gaviota Tarplant,Asteraceae,1,EN,FWS:EN,100,FALSE,rng_fws|Q340,3
C07U,Deirochelys reticularia ssp. miaria,Western Chicken turtle,Emydidae,1,LC,FWS:LC,1,FALSE,rng_fws|C07U,1.6
Q1VA,Delissea rhytidosperma,No common name,Campanulaceae,1,EN,FWS:EN,100,FALSE,rng_fws|Q1VA,2.9
Q1VB,Delissea subcordata,Oha,Campanulaceae,1,EN,FWS:EN,100,FALSE,rng_fws|Q1VB,1
Q0LX,Delissea undulata,No common name,Campanulaceae,1,EN,FWS:EN,100,FALSE,rng_fws|Q0LX,0
Q0LZ,Delphinium bakeri,Baker's larkspur,Ranunculaceae,1,EN,FWS:EN,100,FALSE,rng_fws|Q0LZ,1.6
Q0M2,Delphinium luteum,Yellow larkspur,Ranunculaceae,1,EN,FWS:EN,100,FALSE,rng_fws|Q0M2,1.3
Q1VC,Delphinium variegatum ssp. kinkiense,San Clemente Island larkspur,Ranunculaceae,1,LC,FWS:LC,1,FALSE,rng_fws|Q1VC,3.2
Q0M8,Delphinium viridescens,Wenatchee larkspur,Ranunculaceae,1,LC,FWS:LC,1,FALSE,rng_fws|Q0M8,0
E052,Deltistes luxatus,Lost River sucker,Catostomidae,1,EN,FWS:EN,100,FALSE,rng_fws|E052,0
Q3OV,Dendrobium guamense,No common name,Orchidaceae,1,TN,FWS:TN,50,FALSE,rng_fws|Q3OV,24
Q3T0,Dendrophylax lindenii,Ghost orchid,Orchidaceae,1,EN,FWS:EN,100,FALSE,rng_fws|Q3T0,1.9
S02L,Deparia kaalaana,No common name,Woodsiaceae,1,EN,FWS:EN,100,FALSE,rng_fws|S02L,3.4
C00F,Dermochelys coriacea,Leatherback sea turtle,Dermochelyidae,1,EN,FWS:EN,100,TRUE,rng_fws|C00F,78.1
I01L,Desmocerus californicus dimorphus,Valley elderberry longhorn beetle,Cesambycidae,1,TN,FWS:TN,50,FALSE,rng_fws|I01L,0
D02W,Desmognathus aeneus,Seepage salamander,Plethodontidae,1,LC,FWS:LC,1,FALSE,rng_fws|D02W,0
C040,Diadophis punctatus acricus,Key ring-necked snake,Colubridae,1,EN,FWS:EN,100,FALSE,rng_fws|C040,89.7
G03J,Diastole matafaoi,Mt. Matafao different snail,Helicarionidae,1,LC,FWS:LC,1,FALSE,rng_fws|G03J,20.8
G099,Diastole schmeltziana,[Unnamed] snail,Helicarionidae,1,LC,FWS:LC,1,FALSE,rng_fws|G099,20.8
Q2RL,Dicerandra christmanii,Garrett's mint,Lamiaceae,1,EN,FWS:EN,100,FALSE,rng_fws|Q2RL,0
Q2OH,Dicerandra cornutissima,Longspurred mint,Lamiaceae,1,EN,FWS:EN,100,FALSE,rng_fws|Q2OH,0
Q1VE,Dicerandra frutescens,Scrub mint,Lamiaceae,1,EN,FWS:EN,100,FALSE,rng_fws|Q1VE,0
Q1VF,Dicerandra immaculata,Lakela's mint,Lamiaceae,1,EN,FWS:EN,100,FALSE,rng_fws|Q1VF,11.5
Q1BG,Dichanthelium (=Panicum) hirstii,Hirst Brothers' Panic grass,Poaceae,1,LC,FWS:LC,1,FALSE,rng_fws|Q1BG,12.9
Q1VG,Digitaria pauciflora,Florida pineland crabgrass,Poaceae,1,TN,FWS:TN,50,FALSE,rng_fws|Q1VG,52
I0TG,Dinacoma caseyi,Casey's June Beetle,Scarabaeidae,1,EN,FWS:EN,100,FALSE,rng_fws|I0TG,0
E03V,Dionda diaboli,Devils River minnow,Cyprinidae,1,TN,FWS:TN,50,FALSE,rng_fws|E03V,0
Q3NC,Diplacus vandenbergensis,Vandenberg monkeyflower,Phrymaceae,1,EN,FWS:EN,100,FALSE,rng_fws|Q3NC,0.9
S00R,Diplazium molokaiense,No common name,Woosiaceae,1,EN,FWS:EN,100,FALSE,rng_fws|S00R,1.7
A08R,Dipodomys elator,Texas kangaroo rat,Heteromyidae,1,EN,FWS:EN,100,FALSE,rng_fws|A08R,0
A03X,Dipodomys heermanni morroensis,Morro Bay kangaroo rat,Heteromyidae,1,EN,FWS:EN,100,FALSE,rng_fws|A03X,17.5
A08P,Dipodomys ingens,Giant kangaroo rat,Heteromyidae,1,EN,FWS:EN,100,FALSE,rng_fws|A08P,0.2
A0G8,Dipodomys merriami parvus,San Bernardino Merriam's kangaroo rat,Heteromyidae,1,EN,FWS:EN,100,FALSE,rng_fws|A0G8,0.7
A08O,Dipodomys nitratoides exilis,Fresno kangaroo rat,Heteromyidae,1,EN,FWS:EN,100,FALSE,rng_fws|A08O,0
A08S,Dipodomys nitratoides nitratoides,Tipton kangaroo rat,Heteromyidae,1,EN,FWS:EN,100,FALSE,rng_fws|A08S,0
A08Q,Dipodomys stephensi (incl. D. cascus),Stephens' kangaroo rat,Heteromyidae,1,TN,FWS:TN,50,FALSE,rng_fws|A08Q,0.2
G00T,Discus macclintocki,Iowa Pleistocene snail,Discidae,1,EN,FWS:EN,100,FALSE,rng_fws|G00T,0
K06Q,Distocambarus carlsoni,Mimic crayfish,Cambaridae,1,LC,FWS:LC,1,FALSE,rng_fws|K06Q,0
K06R,Distocambarus devexus,Broad River Burrowing crayfish,Cambaridae,1,LC,FWS:LC,1,FALSE,rng_fws|K06R,0
K030,Distocambarus youngineri,Saluda crayfish,Cambaridae,1,LC,FWS:LC,1,FALSE,rng_fws|K030,0
Q2T6,Dodecahema leptoceras,Slender-horned spineflower,Polygonaceae,1,EN,FWS:EN,100,FALSE,rng_fws|Q2T6,0
S02H,Doryopteris angelica,No common name,Pteridaceae,1,EN,FWS:EN,100,FALSE,rng_fws|S02H,2.9
S028,Doryopteris takeuchii,No common name,Pteridaceae,1,EN,FWS:EN,100,FALSE,rng_fws|S028,0
Q3HU,Dracaena fernaldii,Hala pepe,Agavaceae,1,EN,FWS:EN,100,FALSE,rng_fws|Q3HU,1.3
Q2GJ,Dracaena forbesii,Hala pepe,Agavaceae,1,EN,FWS:EN,100,FALSE,rng_fws|Q2GJ,1.7
Q37X,Dracaena konaensis,Hala pepe,Asparagaceae,1,EN,FWS:EN,100,FALSE,rng_fws|Q37X,2.5
B0GU,Drepanis coccinea,`I`iwi,Fringillidae,1,TN,FWS:TN,50,TRUE,rng_fws|B0GU,0
F00K,Dromus dromas,Dromedary pearlymussel,Unionidae,3,EN,FWS:EN,100,FALSE,rng_fws|F00K,0
I0QW,Drosophila aglaia,Hawaiian picture-wing fly,Drosophilidae,1,EN,FWS:EN,100,FALSE,rng_fws|I0QW,0
I0RE,Drosophila differens,Hawaiian picture-wing fly,Drosophilidae,1,EN,FWS:EN,100,FALSE,rng_fws|I0RE,0
I0QY,Drosophila digressa,Hawaiian picture-wing fly,Drosophilidae,1,EN,FWS:EN,100,FALSE,rng_fws|I0QY,0
I0RC,Drosophila hemipeza,Hawaiian picture-wing fly,Drosophilidae,1,EN,FWS:EN,100,FALSE,rng_fws|I0RC,0
I0QZ,Drosophila heteroneura,Hawaiian picture-wing fly,Drosophilidae,1,EN,FWS:EN,100,FALSE,rng_fws|I0QZ,0
I0R0,Drosophila montgomeryi,Hawaiian picture-wing fly,Drosophilidae,1,EN,FWS:EN,100,FALSE,rng_fws|I0R0,0
I0R1,Drosophila mulli,Hawaiian picture-wing fly,Drosophilidae,1,TN,FWS:TN,50,FALSE,rng_fws|I0R1,0
I0R2,Drosophila musaphilia,Hawaiian picture-wing fly,Drosophilidae,1,EN,FWS:EN,100,FALSE,rng_fws|I0R2,0
I0R3,Drosophila neoclavisetae,Hawaiian picture-wing fly,Drosophilidae,1,EN,FWS:EN,100,FALSE,rng_fws|I0R3,0
I0R4,Drosophila obatai,Hawaiian picture-wing fly,Drosophilidae,1,EN,FWS:EN,100,FALSE,rng_fws|I0R4,0
I0RD,Drosophila ochrobasis,Hawaiian picture-wing fly,Drosophilidae,1,EN,FWS:EN,100,FALSE,rng_fws|I0RD,0
I0QX,Drosophila sharpi,Hawaiian picture-wing fly,Drosophilidae,1,EN,FWS:EN,100,FALSE,rng_fws|I0QX,0
I0R5,Drosophila substenoptera,Hawaiian picture-wing fly,Drosophilidae,1,EN,FWS:EN,100,FALSE,rng_fws|I0R5,0
I0R6,Drosophila tarphytrichia,Hawaiian picture-wing fly,Drosophilidae,1,EN,FWS:EN,100,FALSE,rng_fws|I0R6,0
C026,Drymarchon couperi,Eastern indigo snake,Colubridae,1,TN,FWS:TN,50,FALSE,rng_fws|C026,1.3
B04F,Dryobates borealis,Red-cockaded woodpecker,Picidae,1,TN,FWS:TN,50,TRUE,rng_fws|B04F,5.8
S02I,Dryopteris crinalis var. podosorus,Palapalai aumakua,Dryopteridaceae,1,EN,FWS:EN,100,FALSE,rng_fws|S02I,0.2
S029,Dryopteris glabra var. pusilla,Hohiu,Dryopteridaceae,1,EN,FWS:EN,100,FALSE,rng_fws|S029,0.5
Q2T8,Dubautia herbstobatae,Na`ena`e,Asteraceae,1,EN,FWS:EN,100,FALSE,rng_fws|Q2T8,0.1
Q32N,Dubautia imbricata ssp. imbricata,Na`ena`e,Asteraceae,1,EN,FWS:EN,100,FALSE,rng_fws|Q32N,0
Q3MV,Dubautia kalalauensis,Naenae,Asteraceae,1,EN,FWS:EN,100,FALSE,rng_fws|Q3MV,1
Q3MW,Dubautia kenwoodii,Naenae,Asteraceae,1,EN,FWS:EN,100,FALSE,rng_fws|Q3MW,21.4
Q1VK,Dubautia latifolia,Koholapehu,Asteraceae,1,EN,FWS:EN,100,FALSE,rng_fws|Q1VK,2.2
Q32P,Dubautia pauciflorula,Na`ena`e,Asteraceae,1,EN,FWS:EN,100,FALSE,rng_fws|Q32P,0
Q32Q,Dubautia plantaginea ssp. humilis,Na`ena`e,Asteraceae,1,EN,FWS:EN,100,FALSE,rng_fws|Q32Q,2
Q3H3,Dubautia plantaginea ssp. magnifolia,Na`ena`e,Asteraceae,1,EN,FWS:EN,100,FALSE,rng_fws|Q3H3,1.6
Q0O6,Dubautia waialealae,Na`ena`e,Asteraceae,1,EN,FWS:EN,100,FALSE,rng_fws|Q0O6,0
B0DH,Ducula oceanica ratakensis,Radak Micronesian pigeon,Columbidae,1,LC,FWS:LC,1,FALSE,rng_fws|B0DH,100
B0DI,Ducula oceanica teraoki,Truk Micronesian pigeon,Columbidae,1,LC,FWS:LC,1,FALSE,rng_fws|B0DI,18.4
Q0O7,Dudleya abramsii ssp. parva,Conejo dudleya,Crassulaceae,1,TN,FWS:TN,50,FALSE,rng_fws|Q0O7,0
Q0OC,Dudleya cymosa ssp. marcescens,Marcescent dudleya,Crassulaceae,1,TN,FWS:TN,50,FALSE,rng_fws|Q0OC,6
Q3AK,Dudleya cymosa ssp. ovatifolia,Santa Monica Mountains dudleyea,Crassulaceae,1,TN,FWS:TN,50,FALSE,rng_fws|Q3AK,3.1
Q0OF,Dudleya nesiotica,Santa Cruz Island dudleya,Crassulaceae,1,LC,FWS:LC,1,FALSE,rng_fws|Q0OF,99.9
Q32V,Dudleya setchellii,Santa Clara Valley dudleya,Crassulaceae,1,EN,FWS:EN,100,FALSE,rng_fws|Q32V,0
Q0OH,Dudleya stolonifera,Laguna Beach liveforever,Crassulaceae,1,TN,FWS:TN,50,FALSE,rng_fws|Q0OH,13.8
Q1VT,Dudleya traskiae,Santa Barbara Island liveforever,Crassulaceae,1,EN,FWS:EN,100,FALSE,rng_fws|Q1VT,100
Q2OM,Dudleya verityi,Verity's dudleya,Crassulaceae,1,TN,FWS:TN,50,FALSE,rng_fws|Q2OM,1.8
Q293,Echinacea laevigata,Smooth coneflower,Asteraceae,1,TN,FWS:TN,50,FALSE,rng_fws|Q293,0
Q1VU,Echinacea tennesseensis,Tennessee purple coneflower,Asteraceae,1,LC,FWS:LC,1,FALSE,rng_fws|Q1VU,0
Q1VV,Echinocactus horizonthalonius var. nicholii,Nichol's Turk's head cactus,Cactaceae,1,EN,FWS:EN,100,FALSE,rng_fws|Q1VV,0
Q1VZ,Echinocereus arizonicus ssp. arizonicus,Arizona hedgehog cactus,Cactaceae,1,EN,FWS:EN,100,FALSE,rng_fws|Q1VZ,0
Q294,Echinocereus chisoensis var. chisoensis,Chisos Mountain hedgehog Cactus,Cactaceae,1,TN,FWS:TN,50,FALSE,rng_fws|Q294,0
Q1VW,Echinocereus fendleri var. kuenzleri,Kuenzler hedgehog cactus,Cactaceae,1,TN,FWS:TN,50,FALSE,rng_fws|Q1VW,0
Q1VY,Echinocereus reichenbachii var. albertii,Black lace cactus,Cactaceae,1,EN,FWS:EN,100,FALSE,rng_fws|Q1VY,0
Q1W0,Echinocereus viridiflorus var. davisii,Davis' green pitaya,Cactaceae,1,EN,FWS:EN,100,FALSE,rng_fws|Q1W0,0
Q0OU,Echinomastus erectocentrus var. acunensis,Acuña Cactus,Cactaceae,1,EN,FWS:EN,100,FALSE,rng_fws|Q0OU,0
S01U,Elaphoglossum serpens,No common name,Lomariopsidaceae,1,EN,FWS:EN,100,FALSE,rng_fws|S01U,3.8
I01G,Elaphrus viridis,Delta green ground beetle,Carabidae,1,TN,FWS:TN,50,FALSE,rng_fws|I01G,0
E05B,Elassoma alabamae,Spring pygmy sunfish,Elassomatidae,1,TN,FWS:TN,50,FALSE,rng_fws|E05B,0
E05A,Elassoma boehlkei,Carolina pygmy sunfish,Centrarchidae,1,LC,FWS:LC,1,FALSE,rng_fws|E05A,6.3
D00X,Eleutherodactylus cooki,Guajon,Leptodactylidae,1,TN,FWS:TN,50,FALSE,rng_fws|D00X,5.6
D00D,Eleutherodactylus jasperi,Golden coqui,Leptodactylidae,1,TN,FWS:TN,50,FALSE,rng_fws|D00D,0
D03V,Eleutherodactylus juanariveroi,Llanero Coqui,Leptodactylidae,1,EN,FWS:EN,100,FALSE,rng_fws|D03V,0
G063,Elimia crenatella,Lacy elimia (snail),Pleuroceridae,1,TN,FWS:TN,50,FALSE,rng_fws|G063,0
G0C7,Elimia melanoides,Black mudalia,Pleuroceridae,1,LC,FWS:LC,1,FALSE,rng_fws|G0C7,0
I02D,Ellipsoptera puritana,Puritan tiger beetle,Cicindelidae,1,TN,FWS:TN,50,FALSE,rng_fws|I02D,30
F04Q,Elliptio ahenea,Southern lance,Unionidae,1,LC,FWS:LC,1,FALSE,rng_fws|F04Q,0
F04R,Elliptio arca,Alabama spike,Unionidae,1,LC,FWS:LC,1,FALSE,rng_fws|F04R,0
F04S,Elliptio arctata,Delicate spike,Unionidae,1,LC,FWS:LC,1,FALSE,rng_fws|F04S,0
F03O,Elliptio chipolaensis,Chipola slabshell,Unionidae,1,TN,FWS:TN,50,FALSE,rng_fws|F03O,0
F04T,Elliptio fraterna,Brother spike,Unionidae,1,LC,FWS:LC,1,FALSE,rng_fws|F04T,0
F03I,Elliptio lanceolata,Yellow lance,Unionidae,1,TN,FWS:TN,50,FALSE,rng_fws|F03I,0
F03P,Elliptio monroensis,St. Johns elephantear,Unionidae,1,LC,FWS:LC,1,FALSE,rng_fws|F03P,0
F02A,Elliptio nigella,Winged spike,Unionidae,1,LC,FWS:LC,1,FALSE,rng_fws|F02A,0
F04U,Elliptio purpurella,Inflated spike,Unionidae,1,LC,FWS:LC,1,FALSE,rng_fws|F04U,0
F026,Elliptio spinosa,Altamaha Spinymussel,Unionidae,1,EN,FWS:EN,100,FALSE,rng_fws|F026,0
F023,Elliptio waccamawensis,Waccamaw spike,Unionidae,1,LC,FWS:LC,1,FALSE,rng_fws|F023,0
F02E,Elliptoideus sloatianus,Purple bankclimber (mussel),Unionidae,1,TN,FWS:TN,50,FALSE,rng_fws|F02E,0
A0I9,Emballonura semicaudata rotensis,Pacific sheath-tailed Bat,Emballonuridae,1,EN,FWS:EN,100,FALSE,rng_fws|A0I9,100
A0FO,Emballonura semicaudata semicaudata,Pacific sheath-tailed Bat,Emballonuridae,1,EN,FWS:EN,100,FALSE,rng_fws|A0FO,39.8
A0IA,Emballonura semicaudata semicaudata,Sheath-tailed Bat,Emballonuridae,1,LC,FWS:LC,1,FALSE,rng_fws|A0IA,21.7
C07T,Emoia slevini,Slevin's skink,Scincidae,1,EN,FWS:EN,100,FALSE,rng_fws|C07T,20.6
E007,Empetrichthys latos,Pahrump poolfish,Cyprinodontidae,1,EN,FWS:EN,100,FALSE,rng_fws|E007,0
B094,Empidonax traillii extimus,Southwestern willow flycatcher,Tyrannidae,1,EN,FWS:EN,100,TRUE,rng_fws|B094,0.1
Q297,Enceliopsis nudicaulis var. corrugata,Ash Meadows sunray,Asteraceae,1,TN,FWS:TN,50,FALSE,rng_fws|Q297,0
A0HK,Enhydra lutris kenyoni,Northern Sea Otter,Mustelidae,3,TN,FWS:TN,50,TRUE,rng_fws|A0HK,91.3
A0A7,Enhydra lutris nereis,Southern sea otter,Mustelidae,1,TN,FWS:TN,50,TRUE,rng_fws|A0A7,84
C01Q,Epicrates monensis monensis,Mona boa,Boidae,1,TN,FWS:TN,50,FALSE,rng_fws|C01Q,31.8
F01F,Epioblasma brevidens,Cumberlandian combshell,Unionidae,3,EN,FWS:EN,100,FALSE,rng_fws|F01F,0
F01T,Epioblasma capsaeformis,Oyster mussel,Unionidae,3,EN,FWS:EN,100,FALSE,rng_fws|F01T,0
F00J,Epioblasma curtisii,Curtis Pearlymussel,Unionidae,1,EN,FWS:EN,100,FALSE,rng_fws|F00J,0
F005,Epioblasma florentina florentina,Yellow blossom (pearlymussel),Unionidae,1,LC,FWS:LC,1,FALSE,rng_fws|F005,0
F010,Epioblasma florentina walkeri (=E. walkeri),Tan riffleshell,Unionidae,1,EN,FWS:EN,100,FALSE,rng_fws|F010,0
F006,Epioblasma obliquata,Purple Cat's paw (=Purple Cat's paw pearlymussel),Unionidae,2,EN,FWS:EN,100,FALSE,rng_fws|F006,0
F012,Epioblasma penita,Southern combshell,Unionidae,1,EN,FWS:EN,100,FALSE,rng_fws|F012,0
F007,Epioblasma perobliqua,White catspaw (pearlymussel),Unionidae,1,EN,FWS:EN,100,FALSE,rng_fws|F007,0
F02Z,Epioblasma rangiana,Northern riffleshell,Unionidae,1,EN,FWS:EN,100,FALSE,rng_fws|F02Z,0
F003,Epioblasma torulosa torulosa,Tubercled blossom (pearlymussel),Unionidae,1,LC,FWS:LC,1,FALSE,rng_fws|F003,0
F03J,Epioblasma triquetra,Snuffbox mussel,Unionidae,1,EN,FWS:EN,100,FALSE,rng_fws|F03J,0
F004,Epioblasma turgidula,Turgid blossom (pearlymussel),Unionidae,1,LC,FWS:LC,1,FALSE,rng_fws|F004,0
Q0PH,Eragrostis fosbergii,Fosberg's love grass,Poaceae,1,EN,FWS:EN,100,FALSE,rng_fws|Q0PH,0
Q2TD,Eremalche kernensis,Kern mallow,Malvaceae,1,EN,FWS:EN,100,FALSE,rng_fws|Q2TD,0
E03C,Eremichthys acros,Desert dace,Cyprinidae,1,TN,FWS:TN,50,FALSE,rng_fws|E03C,0
B0B3,Eremophila alpestris strigata,Streaked Horned lark,Alaudidae,1,TN,FWS:TN,50,TRUE,rng_fws|B0B3,3.2
C00E,Eretmochelys imbricata,Hawksbill sea turtle,Cheloniidae,1,EN,FWS:EN,100,TRUE,rng_fws|C00E,29.4
Q29A,Eriastrum densifolium ssp. sanctorum,Santa Ana River woolly-star,Polemoniaceae,1,EN,FWS:EN,100,FALSE,rng_fws|Q29A,0
Q2TF,Erigeron decumbens,Willamette daisy,Asteraceae,1,EN,FWS:EN,100,FALSE,rng_fws|Q2TF,0
Q0QA,Erigeron lemmonii,Lemmon fleabane,Asteraceae,1,LC,FWS:LC,1,FALSE,rng_fws|Q0QA,0
Q1W3,Erigeron maguirei,Maguire daisy,Asteraceae,1,LC,FWS:LC,1,FALSE,rng_fws|Q1W3,0
Q29D,Erigeron parishii,Parish's daisy,Asteraceae,1,TN,FWS:TN,50,FALSE,rng_fws|Q29D,0
Q1W4,Erigeron rhizomatus,Zuni fleabane,Asteraceae,1,TN,FWS:TN,50,FALSE,rng_fws|Q1W4,0
E012,Erimonax monachus,Spotfin Chub,Cyprinidae,4,EN,FWS:EN,100,FALSE,rng_fws|E012,0
E01X,Erimystax cahni,Slender chub,Cyprinidae,2,EN,FWS:EN,100,FALSE,rng_fws|E01X,0
G0C0,Erinna newcombi,Newcomb's snail,Lymnaeidae,1,TN,FWS:TN,50,FALSE,rng_fws|G0C0,3.1
Q0QP,Eriocaulon kornickianum,Small-headed pipewort,Eriocaulaceae,1,LC,FWS:LC,1,FALSE,rng_fws|Q0QP,0
Q3MK,Eriocaulon nigrobracteatum,Blackbract pipewort,Eriocaulaceae,1,LC,FWS:LC,1,FALSE,rng_fws|Q3MK,22.8
Q1W5,Eriodictyon altissimum,Indian Knob mountainbalm,Namaceae,1,EN,FWS:EN,100,FALSE,rng_fws|Q1W5,7.2
Q0QR,Eriodictyon capitatum,Lompoc yerba santa,Hydrophyllaceae,1,EN,FWS:EN,100,FALSE,rng_fws|Q0QR,1
Q0QW,Eriogonum apricum (incl. var. prostratum),Ione (incl. Irish Hill) buckwheat,Polygonaceae,1,EN,FWS:EN,100,FALSE,rng_fws|Q0QW,0
Q3HN,Eriogonum codium,Umtanum desert buckwheat,Polygonaceae,1,TN,FWS:TN,50,FALSE,rng_fws|Q3HN,0
Q3MG,Eriogonum corymbosum var. nilesii,Las Vegas buckwheat,Polygonaceae,1,LC,FWS:LC,1,FALSE,rng_fws|Q3MG,0
Q3IP,Eriogonum diatomaceum,Churchill Narrows buckwheat,Polygonaceae,1,LC,FWS:LC,1,FALSE,rng_fws|Q3IP,0
Q1W7,Eriogonum gypsophilum,Gypsum wild-buckwheat,Polygonaceae,1,TN,FWS:TN,50,FALSE,rng_fws|Q1W7,0
Q0S6,Eriogonum kelloggii,Red Mountain buckwheat,Polygonaceae,1,LC,FWS:LC,1,FALSE,rng_fws|Q0S6,0.9
Q0S7,Eriogonum kennedyi var. austromontanum,Southern mountain wild-buckwheat,Polygonaceae,1,TN,FWS:TN,50,FALSE,rng_fws|Q0S7,0
Q29N,Eriogonum longifolium var. gnaphalifolium,Scrub buckwheat,Polygonaceae,1,TN,FWS:TN,50,FALSE,rng_fws|Q29N,0
Q1W8,Eriogonum ovalifolium var. vineum,Cushenbury buckwheat,Polygonaceae,1,EN,FWS:EN,100,FALSE,rng_fws|Q1W8,0
Q2OR,Eriogonum ovalifolium var. williamsiae,Steamboat buckwheat,Polygonaceae,1,EN,FWS:EN,100,FALSE,rng_fws|Q2OR,0
Q29P,Eriogonum pelinophilum,Clay-Loving wild buckwheat,Polygonaceae,1,EN,FWS:EN,100,FALSE,rng_fws|Q29P,0
Q2OT,Eriogonum soredium,Frisco buckwheat,Polygonaceae,1,LC,FWS:LC,1,FALSE,rng_fws|Q2OT,0
Q2TK,Eriophyllum latilobum,San Mateo woolly sunflower,Asteraceae,1,EN,FWS:EN,100,FALSE,rng_fws|Q2TK,3.9
Q1W9,Eryngium aristulatum var. parishii,San Diego button-celery,Apiaceae,1,EN,FWS:EN,100,FALSE,rng_fws|Q1W9,2.1
Q29S,Eryngium constancei,Loch Lomond coyote thistle,Apiaceae,1,EN,FWS:EN,100,FALSE,rng_fws|Q29S,0
Q29T,Eryngium cuneifolium,Snakeroot,Apiaceae,1,EN,FWS:EN,100,FALSE,rng_fws|Q29T,0
Q3ST,Eryngium sparganophyllum,Arizona eryngo,Apiaceae,1,EN,FWS:EN,100,FALSE,rng_fws|Q3ST,0
Q1WA,Erysimum capitatum var. angustatum,Contra Costa wallflower,Brassicaceae,1,EN,FWS:EN,100,FALSE,rng_fws|Q1WA,0
Q29W,Erysimum menziesii,Menzies' wallflower,Brassicaceae,1,EN,FWS:EN,100,FALSE,rng_fws|Q29W,49.4
Q29X,Erysimum teretifolium,Ben Lomond wallflower,Brassicaceae,1,EN,FWS:EN,100,FALSE,rng_fws|Q29X,0.7
Q2A1,Erythronium propullans,Minnesota dwarf trout lily,Liliaceae,1,EN,FWS:EN,100,FALSE,rng_fws|Q2A1,0
Q1UU,Escobaria minima,Nellie''s cory cactus,Cactaceae,1,EN,FWS:EN,100,FALSE,rng_fws|Q1UU,0
E01A,Etheostoma acuticeps,Sharphead darter,Percidae,1,LC,FWS:LC,1,FALSE,rng_fws|E01A,0
E076,Etheostoma akatulo,bluemask darter,Percidae,1,EN,FWS:EN,100,FALSE,rng_fws|E076,0
E01B,Etheostoma boschungi,Slackwater darter,Percidae,1,TN,FWS:TN,50,FALSE,rng_fws|E01B,0
E095,Etheostoma brevirostrum,Holiday darter,Percidae,1,LC,FWS:LC,1,FALSE,rng_fws|E095,0
E098,Etheostoma chermocki,Vermilion darter,Percidae,1,EN,FWS:EN,100,FALSE,rng_fws|E098,0
E086,Etheostoma chienense,Relict darter,Percidae,1,TN,FWS:TN,50,FALSE,rng_fws|E086,0
E0AQ,Etheostoma chuckwachatte,lipstick darter,Percidae,1,LC,FWS:LC,1,FALSE,rng_fws|E0AQ,0
E06H,Etheostoma cragini,Arkansas darter,Percidae,1,LC,FWS:LC,1,FALSE,rng_fws|E06H,0
E013,Etheostoma ditrema,Coldwater darter,Percidae,1,LC,FWS:LC,1,FALSE,rng_fws|E013,0
E089,Etheostoma etowahae,Etowah darter,Percidae,1,EN,FWS:EN,100,FALSE,rng_fws|E089,0
E00T,Etheostoma fonticola,Fountain darter,Percidae,1,EN,FWS:EN,100,FALSE,rng_fws|E00T,0
E096,Etheostoma maculatum,Spotted darter,Percidae,1,LC,FWS:LC,1,FALSE,rng_fws|E096,0
E01E,Etheostoma moorei,Yellowcheek Darter,Percidae,1,EN,FWS:EN,100,FALSE,rng_fws|E01E,0
E02B,Etheostoma nianguae,Niangua darter,Percidae,1,TN,FWS:TN,50,FALSE,rng_fws|E02B,0
E00U,Etheostoma nuchale,Watercress darter,Percidae,1,EN,FWS:EN,100,FALSE,rng_fws|E00U,0
E00H,Etheostoma okaloosae,Okaloosa darter,Percidae,1,LC,FWS:LC,1,FALSE,rng_fws|E00H,1.4
E03K,Etheostoma osburni,Candy darter,Percidae,1,EN,FWS:EN,100,FALSE,rng_fws|E03K,0
E078,Etheostoma percnurum,Duskytail darter,Percidae,3,EN,FWS:EN,100,FALSE,rng_fws|E078,0
E01D,Etheostoma perlongum,Waccamaw darter,Percidae,1,LC,FWS:LC,1,FALSE,rng_fws|E01D,0
E0AB,Etheostoma phytophilum,Rush Darter,Percidae,1,EN,FWS:EN,100,FALSE,rng_fws|E0AB,0
E01S,Etheostoma rubrum,Bayou darter,Percidae,1,TN,FWS:TN,50,FALSE,rng_fws|E01S,0
E0BT,Etheostoma sagitta,Cumberland arrow darter,Percidae,1,LC,FWS:LC,1,FALSE,rng_fws|E0BT,0
E03J,Etheostoma scotti,Cherokee darter,Percidae,1,TN,FWS:TN,50,FALSE,rng_fws|E03J,0
E003,Etheostoma sellare,Maryland darter,Percidae,1,EN,FWS:EN,100,FALSE,rng_fws|E003,0.4
E0BF,Etheostoma spilotum,Kentucky arrow darter,Percidae,1,TN,FWS:TN,50,FALSE,rng_fws|E0BF,0
E05R,Etheostoma susanae,Cumberland darter,Percidae,1,EN,FWS:EN,100,FALSE,rng_fws|E05R,0
E05G,Etheostoma trisella,Trispot darter,Percidae,1,TN,FWS:TN,50,FALSE,rng_fws|E05G,0
E0BH,Etheostoma vulneratum,wounded darter,Percidae,1,LC,FWS:LC,1,FALSE,rng_fws|E0BH,0
E05P,Etheostoma wapiti,Boulder darter,Percidae,2,EN,FWS:EN,100,FALSE,rng_fws|E05P,0
G0BJ,Eua zebrina,Snail [no common name],Partulidae,1,EN,FWS:EN,100,FALSE,rng_fws|G0BJ,41.9
I0NC,Euchlaena milnei,[Unnamed] looper moth,Geometridae,1,LC,FWS:LC,1,FALSE,rng_fws|I0NC,0
I0T7,Euchloe ausonides insulanus,Island marble Butterfly,Pieridae,1,EN,FWS:EN,100,FALSE,rng_fws|I0T7,31.2
E071,Eucyclogobius newberryi,Tidewater goby,Gobiidae,1,EN,FWS:EN,100,TRUE,rng_fws|E071,6.4
Q3OW,Eugenia bryanii,No common name,Myrtaceae,1,EN,FWS:EN,100,FALSE,rng_fws|Q3OW,24.1
Q2A2,Eugenia haematocarpa,Uvillo,Myrtaceae,1,EN,FWS:EN,100,FALSE,rng_fws|Q2A2,7.1
Q33F,Eugenia koolauensis,Nioi,Myrtaceae,1,EN,FWS:EN,100,FALSE,rng_fws|Q33F,2.9
Q3D7,Eugenia woodburyana,No common name,Myrtaceae,1,TN,FWS:TN,50,FALSE,rng_fws|Q3D7,5.8
C03T,Eumeces egregius lividus,blue-tailed mole skink,Scincidae,1,TN,FWS:TN,50,FALSE,rng_fws|C03T,0
A0JB,Eumops floridanus,Florida bonneted bat,Molossidae,1,EN,FWS:EN,100,FALSE,rng_fws|A0JB,1.8
Q3PA,Eupatorium paludicola,Swamp justiceweed,Asteraceae,1,LC,FWS:LC,1,FALSE,rng_fws|Q3PA,0
I00C,Euphilotes battoides allyni,El Segundo blue butterfly,Lycaenidae,1,EN,FWS:EN,100,FALSE,rng_fws|I00C,37.1
I00R,Euphilotes enoptes smithi,Smith's blue butterfly,Lycaenidae,1,EN,FWS:EN,100,FALSE,rng_fws|I00R,11.5
Q1U7,Euphorbia celastroides var. kaenana,`Akoko,Euphorbiaceae,1,EN,FWS:EN,100,FALSE,rng_fws|Q1U7,11.3
Q1U8,Euphorbia deppeana,`Akoko,Euphorbiaceae,1,EN,FWS:EN,100,FALSE,rng_fws|Q1U8,2.4
Q3HH,Euphorbia eleanoriae,`Akoko,Euphorbiaceae,1,EN,FWS:EN,100,FALSE,rng_fws|Q3HH,5.7
Q0UD,Euphorbia haeleeleana,`Akoko,Euphorbiaceae,1,EN,FWS:EN,100,FALSE,rng_fws|Q0UD,2.7
Q1UA,Euphorbia halemanui,'Akoko,Euphorbiaceae,1,EN,FWS:EN,100,FALSE,rng_fws|Q1UA,3.4
Q3GN,Euphorbia herbstii,`Akoko,Euphorbiaceae,1,EN,FWS:EN,100,FALSE,rng_fws|Q3GN,0
Q30T,Euphorbia kuwaleana,`Akoko,Euphorbiaceae,1,EN,FWS:EN,100,FALSE,rng_fws|Q30T,7.1
Q1UC,Euphorbia remyi var. kauaiensis,`Akoko,Euphorbiaceae,1,EN,FWS:EN,100,FALSE,rng_fws|Q1UC,1.7
Q1UD,Euphorbia remyi var. remyi,`Akoko,Euphorbiaceae,1,EN,FWS:EN,100,FALSE,rng_fws|Q1UD,1.7
Q3GO,Euphorbia rockii,`Akoko,Euphorbiaceae,1,EN,FWS:EN,100,FALSE,rng_fws|Q3GO,0
Q1UE,Euphorbia skottsbergii var. skottsbergii,`Akoko,Euphorbiaceae,1,EN,FWS:EN,100,FALSE,rng_fws|Q1UE,24.7
Q2A5,Euphorbia telephioides,Telephus spurge,Euphorbiaceae,1,TN,FWS:TN,50,FALSE,rng_fws|Q2A5,11.1
I0RK,Euphydryas anicia cloudcrofti,Sacramento Mountains checkerspot Butterfly,Nymphalidae,1,EN,FWS:EN,100,FALSE,rng_fws|I0RK,0
I021,Euphydryas editha bayensis,Bay checkerspot butterfly,Nymphalidae,1,TN,FWS:TN,50,FALSE,rng_fws|I021,0.9
I00P,Euphydryas editha quino (=E. e. wrighti),Quino checkerspot butterfly,Nymphalidae,1,EN,FWS:EN,100,FALSE,rng_fws|I00P,0.2
I0T6,Euphydryas editha taylori,Taylor's (=whulge) Checkerspot,Nymphalidae,1,EN,FWS:EN,100,FALSE,rng_fws|I0T6,4.7
I0ND,Euphyes bayensis,Bay skipper,Hesperiidae,1,LC,FWS:LC,1,FALSE,rng_fws|I0ND,17.9
I01C,Euproserpinus euterpe,Kern primrose sphinx moth,Sphingidae,1,TN,FWS:TN,50,FALSE,rng_fws|I01C,0
Q3KR,Eurybia mirabilis,Piedmont Aster,Asteraceae,1,LC,FWS:LC,1,FALSE,rng_fws|Q3KR,0
D04P,Eurycea chamberlaini,Chamberlain's Dwarf salamander,Plethodontidae,1,LC,FWS:LC,1,FALSE,rng_fws|D04P,0.9
D02X,Eurycea chisholmensis,Salado Salamander,Plethodontidae,1,TN,FWS:TN,50,FALSE,rng_fws|D02X,0
D00I,Eurycea nana,San Marcos salamander,Plethodontidae,1,TN,FWS:TN,50,FALSE,rng_fws|D00I,0
D02S,Eurycea naufragia,Georgetown Salamander,Plethodontidae,1,TN,FWS:TN,50,FALSE,rng_fws|D02S,0
D001,Eurycea rathbuni,Texas blind salamander,Plethodontidae,1,EN,FWS:EN,100,FALSE,rng_fws|D001,0
D010,Eurycea sosorum,Barton Springs salamander,Plethodontidae,1,EN,FWS:EN,100,FALSE,rng_fws|D010,0
D02T,Eurycea tonkawae,Jollyville Plateau Salamander,Plethodontidae,1,TN,FWS:TN,50,FALSE,rng_fws|D02T,0
D016,Eurycea wallacei,Georgia blind salamander,Plethodontidae,1,LC,FWS:LC,1,FALSE,rng_fws|D016,0
D033,Eurycea waterlooensis,Austin blind Salamander,Plethodontidae,1,EN,FWS:EN,100,FALSE,rng_fws|D033,0
Q1WG,Eutrema penlandii,Penland alpine fen mustard,Brassicaceae,1,TN,FWS:TN,50,FALSE,rng_fws|Q1WG,0
Q2A6,Exocarpos luteolus,Heau,Santalaceae,1,EN,FWS:EN,100,FALSE,rng_fws|Q2A6,1.5
Q3OJ,Exocarpos menziesii,Heau,Santalaceae,1,EN,FWS:EN,100,FALSE,rng_fws|Q3OJ,0
B06V,Falco femoralis septentrionalis,Northern Aplomado Falcon,Falconidae,2,EN,FWS:EN,100,TRUE,rng_fws|B06V,3.3
B01H,Falco peregrinus anatum,American peregrine falcon,Falconidae,1,LC,FWS:LC,1,FALSE,rng_fws|B01H,0
I0VT,Fallceon eatoni,Mayfly,Baetidae,1,LC,FWS:LC,1,FALSE,rng_fws|I0VT,0
K072,Faxonius maletae,Kisatchie painted crayfish,Cambaridae,1,LC,FWS:LC,1,FALSE,rng_fws|K072,0
K090,Faxonius peruncus,Big Creek Crayfish,Cambaridae,1,TN,FWS:TN,50,FALSE,rng_fws|K090,0
K091,Faxonius quadruncus,St. Francis River Crayfish,Cambaridae,1,TN,FWS:TN,50,FALSE,rng_fws|K091,0
Q33I,Festuca hawaiiensis,No common name,Poaceae,1,EN,FWS:EN,100,FALSE,rng_fws|Q33I,0
Q0UM,Festuca ligulata,Guadalupe fescue,Poaceae,1,EN,FWS:EN,100,FALSE,rng_fws|Q0UM,0
Q3O5,Festuca molokaiensis,No common name,Poaceae,1,EN,FWS:EN,100,FALSE,rng_fws|Q3O5,0
Q0UO,Fimbristylis perpusilla,Harper's fimbristylis,Cyperaceae,1,LC,FWS:LC,1,FALSE,rng_fws|Q0UO,9.3
S02T,Fissidens appalachensis,Appalachian Fissidens moss,Fissidentaceae,1,LC,FWS:LC,1,FALSE,rng_fws|S02T,0
Q33K,Flueggea neowawraea,Mehamehame,Phyllanthaceae,1,EN,FWS:EN,100,FALSE,rng_fws|Q33K,2.3
G0EX,Fluminicola seminalis,Nugget pebblesnail,Hydrobiidae,1,LC,FWS:LC,1,FALSE,rng_fws|G0EX,0
G0EL,Fluminicola sp,Diminuitive Pebblesnail,Hydrobiidae,1,LC,FWS:LC,1,FALSE,rng_fws|G0EL,0
G0EK,Fluminicola spk,Tall pebblesnail,Hydrobiidae,1,LC,FWS:LC,1,FALSE,rng_fws|G0EK,0
Q3PB,Forestiera godfreyi,Godfry's privet,Oleaceae,1,LC,FWS:LC,1,FALSE,rng_fws|Q3PB,27.1
Q1WH,Frankenia johnstonii,Johnston's frankenia,Frankeniaceae,1,LC,FWS:LC,1,FALSE,rng_fws|Q1WH,0
Q0V1,Fremontodendron californicum ssp. decumbens,Pine Hill flannelbush,Sterculiaceae,1,EN,FWS:EN,100,FALSE,rng_fws|Q0V1,0
Q2OZ,Fremontodendron mexicanum,Mexican flannelbush,Sterculiaceae,1,EN,FWS:EN,100,FALSE,rng_fws|Q2OZ,0
Q0V6,Fritillaria gentneri,Gentner's Fritillary,Liliaceae,1,EN,FWS:EN,100,FALSE,rng_fws|Q0V6,0
B04G,Fulica alai,Hawaiian coot (alae ke`oke`o),Rallidae,1,EN,FWS:EN,100,TRUE,rng_fws|B04G,5.9
J048,Fumontana deprehendor,No common name,Triaenonychidae,1,LC,FWS:LC,1,FALSE,rng_fws|J048,0
E0BO,Fundulus jenkinsi,Saltmarsh topminnow,Fundulidae,1,LC,FWS:LC,1,TRUE,rng_fws|E0BO,32.2
E05C,Fundulus julisia,Barrens topminnow,Cyprinodontidae,1,EN,FWS:EN,100,FALSE,rng_fws|E05C,0
E01F,Fundulus waccamensis,Waccamaw killifish,Cyprinodontidae,1,LC,FWS:LC,1,FALSE,rng_fws|E01F,0
F03W,Fusconaia burkei,Tapered pigtoe,Unionidae,1,TN,FWS:TN,50,FALSE,rng_fws|F03W,0
F00Q,Fusconaia cor,Shiny pigtoe,Unionidae,3,EN,FWS:EN,100,FALSE,rng_fws|F00Q,0
F00O,Fusconaia cuneolus,Finerayed pigtoe,Unionidae,3,EN,FWS:EN,100,FALSE,rng_fws|F00O,0
F02T,Fusconaia escambia,Narrow pigtoe,Unionidae,1,TN,FWS:TN,50,FALSE,rng_fws|F02T,0
F05D,Fusconaia iheringi,Balcones spike,Unionidae,1,EN,FWS:EN,100,FALSE,rng_fws|F05D,0
F03K,Fusconaia masoni,Atlantic pigtoe,Unionidae,1,TN,FWS:TN,50,FALSE,rng_fws|F03K,0
F031,Fusconaia mitchelli,false spike,Unionidae,1,EN,FWS:EN,100,FALSE,rng_fws|F031,0
F04V,Fusconaia subrotunda,Longsolid,Unionidae,1,TN,FWS:TN,50,FALSE,rng_fws|F04V,0
Q1WI,Gahnia lanaiensis,No common name,Cyperaceae,1,LC,FWS:LC,1,FALSE,rng_fws|Q1WI,0
Q2RJ,Galactia smallii,Small's milkpea,Fabaceae,1,EN,FWS:EN,100,FALSE,rng_fws|Q2RJ,19.3
Q0VF,Galium buxifolium,Island bedstraw,Rubiaceae,1,LC,FWS:LC,1,FALSE,rng_fws|Q0VF,28.6
Q0VG,Galium californicum ssp. sierrae,El Dorado bedstraw,Rubiaceae,1,EN,FWS:EN,100,FALSE,rng_fws|Q0VG,0
B0AJ,Gallicolumba stairi,Friendly Ground-Dove,Columbidae,1,EN,FWS:EN,100,FALSE,rng_fws|B0AJ,0
B062,Gallinula chloropus guami,Mariana common moorhen (pulattat),Rallidae,1,EN,FWS:EN,100,TRUE,rng_fws|B062,9.7
B00H,Gallinula galeata sandvicensis,Hawaiian common gallinule,Rallidae,1,EN,FWS:EN,100,TRUE,rng_fws|B00H,9.2
B063,Gallirallus owstoni,Guam rail,Rallidae,2,EN,FWS:EN,100,TRUE,rng_fws|B063,26.7
C001,Gambelia silus,Blunt-nosed leopard lizard,Crotaphytidae,1,EN,FWS:EN,100,FALSE,rng_fws|C001,0
E004,Gambusia gaigei,Big Bend gambusia,Poeciliidae,1,EN,FWS:EN,100,FALSE,rng_fws|E004,0
E005,Gambusia heterochir,Clear Creek gambusia,Poeciliidae,1,EN,FWS:EN,100,FALSE,rng_fws|E005,0
E00V,Gambusia nobilis,Pecos gambusia,Poeciliidae,1,EN,FWS:EN,100,FALSE,rng_fws|E00V,0
K021,Gammarus acherondytes,Illinois cave amphipod,Gammaridae,1,EN,FWS:EN,100,FALSE,rng_fws|K021,0
K023,Gammarus desperatus,Noel's Amphipod,Gammaridae,1,EN,FWS:EN,100,FALSE,rng_fws|K023,0
K020,Gammarus hyalleloides,Diminutive Amphipod,Gammaridae,1,EN,FWS:EN,100,FALSE,rng_fws|K020,0
K024,Gammarus pecos,Pecos amphipod,Gammaridae,1,EN,FWS:EN,100,FALSE,rng_fws|K024,0
Q1WJ,Gardenia brighamii,Hawaiian gardenia,Rubiaceae,1,EN,FWS:EN,100,FALSE,rng_fws|Q1WJ,2.8
Q3GR,Gardenia mannii,Nanu,Rubiaceae,1,EN,FWS:EN,100,FALSE,rng_fws|Q3GR,0.5
Q33N,Gardenia remyi,Nanu,Rubiaceae,1,EN,FWS:EN,100,FALSE,rng_fws|Q33N,3.7
E00X,Gasterosteus aculeatus williamsoni,Unarmored threespine stickleback,Gasterosteidae,1,EN,FWS:EN,100,TRUE,rng_fws|E00X,0
Q0VV,Gaura neomexicana var. coloradensis,Colorado Butterfly plant,Onagraceae,1,LC,FWS:LC,1,FALSE,rng_fws|Q0VV,0
Q3SM,Gentiana latidens,Balsam Mountain Gentian,Gentianaceae,1,LC,FWS:LC,1,FALSE,rng_fws|Q3SM,0
Q1WK,Geocarpon minimum,No common name,Caryophyllaceae,1,TN,FWS:TN,50,FALSE,rng_fws|Q1WK,0
Q1WL,Geranium arboreum,Nohoanu,Geraniaceae,1,EN,FWS:EN,100,FALSE,rng_fws|Q1WL,0
Q3HM,Geranium hanaense,Nohoanu,Geraniaceae,1,EN,FWS:EN,100,FALSE,rng_fws|Q3HM,0
Q3DB,Geranium hillebrandii,Nohoanu,Geraniaceae,1,EN,FWS:EN,100,FALSE,rng_fws|Q3DB,0
Q33O,Geranium kauaiense,Nohoanu,Geraniaceae,1,EN,FWS:EN,100,FALSE,rng_fws|Q33O,0
Q2AI,Geranium multiflorum,Nohoanu,Geraniaceae,1,EN,FWS:EN,100,FALSE,rng_fws|Q2AI,0
Q2TT,Gesneria pauciflora,No common name,Gesneriaceae,1,TN,FWS:TN,50,FALSE,rng_fws|Q2TT,0
Q0W4,Geum geniculatum,Bent avens,Rosaceae,1,LC,FWS:LC,1,FALSE,rng_fws|Q0W4,0
Q3SI,Geum lobatum,Lobed Barren Strawberry,Rosaceae,1,LC,FWS:LC,1,FALSE,rng_fws|Q3SI,0
Q1WM,Geum radiatum,Spreading avens,Rosaceae,1,EN,FWS:EN,100,FALSE,rng_fws|Q1WM,0
E02S,Gila bicolor ssp.,Hutton tui chub,Cyprinidae,1,TN,FWS:TN,50,FALSE,rng_fws|E02S,0
E00Q,Gila bicolor ssp. mohavensis,Mohave tui chub,Cyprinidae,1,EN,FWS:EN,100,FALSE,rng_fws|E00Q,0
E02W,Gila bicolor ssp. snyderi,Owens Tui Chub,Cyprinidae,1,EN,FWS:EN,100,FALSE,rng_fws|E02W,0
E027,Gila boraxobius,Borax Lake chub,Cyprinidae,1,LC,FWS:LC,1,FALSE,rng_fws|E027,0
E000,Gila cypha,Humpback chub,Cyprinidae,1,TN,FWS:TN,50,FALSE,rng_fws|E000,0
E029,Gila ditaenia,Sonora chub,Cyprinidae,1,TN,FWS:TN,50,FALSE,rng_fws|E029,0
E020,Gila elegans,Bonytail,Cyprinidae,1,EN,FWS:EN,100,FALSE,rng_fws|E020,0
E02P,Gila intermedia,Gila chub,Cyprinidae,1,EN,FWS:EN,100,FALSE,rng_fws|E02P,0
E028,Gila nigrescens,Chihuahua chub,Cyprinidae,1,TN,FWS:TN,50,FALSE,rng_fws|E028,0
E034,Gila purpurea,Yaqui chub,Cyprinidae,1,EN,FWS:EN,100,FALSE,rng_fws|E034,0
E02Z,Gila robusta,Roundtail chub,Cyprinidae,1,LC,FWS:LC,1,FALSE,rng_fws|E02Z,0
E00R,Gila robusta jordani,Pahranagat roundtail chub,Cyprinidae,1,EN,FWS:EN,100,FALSE,rng_fws|E00R,0
E02A,Gila seminuda (=robusta),Virgin River Chub,Cyprinidae,1,EN,FWS:EN,100,FALSE,rng_fws|E02A,0
Q2AJ,Gilia tenuiflora ssp. arenaria,Monterey gilia,Polemoniaceae,1,EN,FWS:EN,100,FALSE,rng_fws|Q2AJ,6.4
Q0WC,Gilia tenuiflora ssp. hoffmannii,Hoffmann's slender-flowered gilia,Polemoniaceae,1,EN,FWS:EN,100,FALSE,rng_fws|Q0WC,72
B08N,Glaucidium brasilianum cactorum,Cactus ferruginous pygmy-owl,Strigidae,1,TN,FWS:TN,50,TRUE,rng_fws|B08N,0.9
A09M,Glaucomys sabrinus coloratus,Carolina northern flying squirrel,Sciuridae,1,EN,FWS:EN,100,FALSE,rng_fws|A09M,0
A09R,Glaucomys sabrinus fuscus,Virginia northern flying Squirrel,Sciuridae,1,LC,FWS:LC,1,FALSE,rng_fws|A09R,0
I01B,Glaucopsyche lygdamus palosverdesensis,Palos Verdes blue butterfly,Lycaenidae,1,EN,FWS:EN,100,FALSE,rng_fws|I01B,22.2
Q0WG,Glyceria nubigena,Smoky Mountains manna grass,Poaceae,1,LC,FWS:LC,1,FALSE,rng_fws|Q0WG,0
I0RI,Glyphopsyche sequatchie,Sequatchie caddisfly,Limnephilidae,1,LC,FWS:LC,1,FALSE,rng_fws|I0RI,0
G04K,Glyphyalinia raderi,Maryland glyph,Zonitidae,1,LC,FWS:LC,1,FALSE,rng_fws|G04K,0
C048,Glyptemys muhlenbergii,bog turtle,Emydidae,2,TN,FWS:TN,50,FALSE,rng_fws|C048,0.1
Q2AL,Goetzea elegans,Beautiful goetzea,Solanaceae,1,EN,FWS:EN,100,FALSE,rng_fws|Q2AL,10.6
I056,Gomphus consanguis,Cherokee clubtail,Gomphidae,1,LC,FWS:LC,1,FALSE,rng_fws|I056,0
I058,Gomphus septima,Septima's clubtail,Gomphidae,1,LC,FWS:LC,1,FALSE,rng_fws|I058,0
I0N8,Gomphus westfalli,Westfall's clubtail,Gomphidae,1,LC,FWS:LC,1,FALSE,rng_fws|I0N8,14.5
Q2TV,Gonocalyx concolor,No common name,Ericaceae,1,EN,FWS:EN,100,FALSE,rng_fws|Q2TV,0
C04L,Gopherus agassizii,Desert tortoise,Testudinidae,2,TN,FWS:TN,50,FALSE,rng_fws|C04L,0
C07G,Gopherus morafkai,Sonoran desert tortoise,Testudinidae,1,LC,FWS:LC,1,FALSE,rng_fws|C07G,0
C044,Gopherus polyphemus,Gopher tortoise,Testudinidae,2,TN,FWS:TN,50,FALSE,rng_fws|C044,7.8
Q1WP,Gouania hillebrandii,No common name,Rhamnaceae,1,EN,FWS:EN,100,FALSE,rng_fws|Q1WP,4.8
Q1WQ,Gouania meyenii,No common name,Rhamnaceae,1,EN,FWS:EN,100,FALSE,rng_fws|Q1WQ,2.1
Q1WR,Gouania vitifolia,No common name,Rhamnaceae,1,EN,FWS:EN,100,FALSE,rng_fws|Q1WR,0.9
U00Y,Graphis sterlingiana,Sterlings lips,Graphidaceae,1,LC,FWS:LC,1,FALSE,rng_fws|U00Y,0
C047,Graptemys barbouri,Barbour's map turtle,Emydidae,1,TN,FWS:TN,50,FALSE,rng_fws|C047,0
C025,Graptemys flavimaculata,Yellow-blotched map turtle,Emydidae,1,TN,FWS:TN,50,FALSE,rng_fws|C025,4.1
C022,Graptemys oculifera,Ringed map turtle,Emydidae,1,TN,FWS:TN,50,FALSE,rng_fws|C022,0
C07W,Graptemys pulchra,Alabama Map turtle,Emydidae,1,TN,FWS:TN,50,FALSE,rng_fws|C07W,0
Q0WW,Graptopetalum bartramii,Bartram's stonecrop,Crassulaceae,1,TN,FWS:TN,50,FALSE,rng_fws|Q0WW,0
Q2AM,Grindelia fraxinipratensis,Ash Meadows gumplant,Asteraceae,1,TN,FWS:TN,50,FALSE,rng_fws|Q2AM,0
B003,Grus americana,Whooping crane,Gruidae,3,EN,FWS:EN,100,TRUE,rng_fws|B003,3.6
A0FA,Gulo gulo luscus,North American wolverine,Mustelidae,1,TN,FWS:TN,50,FALSE,rng_fws|A0FA,0
U001,Gymnoderma lineare,Rock gnome lichen,Cladoniaceae,1,EN,FWS:EN,100,FALSE,rng_fws|U001,0
B002,Gymnogyps californianus,California condor,Cathartidae,3,EN,FWS:EN,100,TRUE,rng_fws|B002,1.4
B0L8,Gymnomyza samoensis,Mao (= maomao) (honeyeater),Meliphagidae,1,EN,FWS:EN,100,TRUE,rng_fws|B0L8,44.9
D03B,Gyrinophilus gulolineatus,Berry Cave salamander,Plethodontidae,1,LC,FWS:LC,1,FALSE,rng_fws|D03B,0
D01L,Gyrinophilus palleucus,Tennessee cave salamander,Plethodontidae,1,LC,FWS:LC,1,FALSE,rng_fws|D01L,0
I02C,Habroscelimorpha dorsalis dorsalis,Northeastern beach tiger beetle,Cicindelidae,1,TN,FWS:TN,50,FALSE,rng_fws|I02C,68.2
Q0XA,Hackelia venusta,Showy stickseed,Boraginaceae,1,EN,FWS:EN,100,FALSE,rng_fws|Q0XA,0
B008,Haliaeetus leucocephalus,Bald Eagle,Accipitridae,3,LC,FWS:LC,1,TRUE,rng_fws|B008,0.6
F02X,Hamiota altilis,Finelined pocketbook,Unionidae,1,TN,FWS:TN,50,FALSE,rng_fws|F02X,0
F030,Hamiota australis,Southern Sandshell,Unionidae,1,TN,FWS:TN,50,FALSE,rng_fws|F030,0
F01S,Hamiota perovalis,Orangenacre mucket,Unionidae,1,TN,FWS:TN,50,FALSE,rng_fws|F01S,0
F02Y,Hamiota subangulata,Shinyrayed pocketbook,Unionidae,1,EN,FWS:EN,100,FALSE,rng_fws|F02Y,0
Q1WW,Haplostachys haplostachya,Honohono,Lamiaceae,1,EN,FWS:EN,100,FALSE,rng_fws|Q1WW,1.2
Q1WX,Harperocallis flava,Harper's beauty,Liliaceae,1,EN,FWS:EN,100,FALSE,rng_fws|Q1WX,0
Q0DR,Harrisia (=Cereus) aboriginum (=gracilis),Aboriginal Prickly-apple,Cactaceae,1,EN,FWS:EN,100,FALSE,rng_fws|Q0DR,25.6
Q2AX,Harrisia portoricensis,Higo Chumbo,Cactaceae,1,TN,FWS:TN,50,FALSE,rng_fws|Q2AX,35.2
Q0XP,Hartwrightia floridana,Florida hartwrightia,Asteraceae,1,LC,FWS:LC,1,FALSE,rng_fws|Q0XP,0
Q2P8,Hazardia orcuttii,Orcutt's hazardia,Asteraceae,1,LC,FWS:LC,1,FALSE,rng_fws|Q2P8,0.4
Q24C,Hedeoma todsenii,Todsen's pennyroyal,Lamiaceae,1,EN,FWS:EN,100,FALSE,rng_fws|Q24C,0
Q3OX,Hedyotis megalantha,Paudedo,Rubiaceae,1,EN,FWS:EN,100,FALSE,rng_fws|Q3OX,3.3
Q2B3,Hedyotis purpurea var. montana,Roan Mountain bluet,Rubiaceae,1,EN,FWS:EN,100,FALSE,rng_fws|Q2B3,0
Q2P9,Helenium virginicum,Virginia sneezeweed,Asteraceae,1,TN,FWS:TN,50,FALSE,rng_fws|Q2P9,0
Q0YA,Helianthemum greenei,Island rush-rose,Cistaceae,1,TN,FWS:TN,50,FALSE,rng_fws|Q0YA,26.8
Q2B4,Helianthus eggertii,Eggert's sunflower,Asteraceae,1,LC,FWS:LC,1,FALSE,rng_fws|Q2B4,0
Q0YJ,Helianthus paradoxus,"Pecos (=puzzle, =paradox) sunflower",Asteraceae,1,TN,FWS:TN,50,FALSE,rng_fws|Q0YJ,0
Q2B7,Helianthus schweinitzii,Schweinitz's sunflower,Asteraceae,1,EN,FWS:EN,100,FALSE,rng_fws|Q2B7,0
Q3HO,Helianthus verticillatus,Whorled Sunflower,Asteraceae,1,EN,FWS:EN,100,FALSE,rng_fws|Q3HO,0
G01P,Helicodiscus diadema,Shaggy coil,Helicodiscidae,1,LC,FWS:LC,1,FALSE,rng_fws|G01P,0
G00D,Helminthoglypta walkeriana,Morro shoulderband (=Banded dune) snail,Helminthoglyptida,1,TN,FWS:TN,50,FALSE,rng_fws|G00D,5.3
Q2B8,Helonias bullata,Swamp pink,Liliaceae,1,TN,FWS:TN,50,FALSE,rng_fws|Q2B8,2
B001,Hemignathus wilsoni,akiapolaau,Drepanidinae,1,EN,FWS:EN,100,FALSE,rng_fws|B001,0
I0NM,Hemileuca maia menyanthevora (=H. iroquois),bog buck moth,Saturniidae,1,EN,FWS:EN,100,FALSE,rng_fws|I0NM,0
F01X,Hemistena lata,Cracking pearlymussel,Unionidae,3,EN,FWS:EN,100,FALSE,rng_fws|F01X,0
G0E7,Hemphillia burringtoni,Burrington jumping-slug,Arionidae,1,LC,FWS:LC,1,FALSE,rng_fws|G0E7,0.8
I016,Heraclides aristodemus ponceanus,Schaus swallowtail butterfly,Papilionidae,1,EN,FWS:EN,100,FALSE,rng_fws|I016,76.3
Q2PA,Heritiera longipetiolata,Ufa-halomtano,Sterculiaceae,1,EN,FWS:EN,100,FALSE,rng_fws|Q2PA,22.4
I0Z0,Hesperapis oraria,Gulf Coast solitary bee,Melittidae,1,LC,FWS:LC,1,FALSE,rng_fws|I0Z0,22.4
I011,Hesperia dacotae,Dakota Skipper,Hesperiidae,1,TN,FWS:TN,50,FALSE,rng_fws|I011,0
I01E,Hesperia leonardus montana,Pawnee montane skipper,Hesperiidae,1,TN,FWS:TN,50,FALSE,rng_fws|I01E,0
I0VO,Hesperia uncas fulvapalla,Railroad Valley skipper,Hesperiidae,1,LC,FWS:LC,1,FALSE,rng_fws|I0VO,0
I0OF,Hesperia uncas giulianii,Mono Basin skipper,Hesperiidae,1,LC,FWS:LC,1,FALSE,rng_fws|I0OF,0
I0VP,Hesperia uncas reeseorum,Railroad Valley Skipper,Hesperiidae,1,LC,FWS:LC,1,FALSE,rng_fws|I0VP,0
Q1X6,Hesperolinon congestum,Marin dwarf-flax,Linaceae,1,TN,FWS:TN,50,FALSE,rng_fws|Q1X6,6.4
Q1X7,Hesperomannia arborescens,No common name,Asteraceae,1,EN,FWS:EN,100,FALSE,rng_fws|Q1X7,2.8
Q1X8,Hesperomannia arbuscula,No common name,Asteraceae,1,EN,FWS:EN,100,FALSE,rng_fws|Q1X8,1.1
Q1X9,Hesperomannia lydgatei,No common name,Asteraceae,1,EN,FWS:EN,100,FALSE,rng_fws|Q1X9,0.3
I0MH,Heterelmis comalensis,Comal Springs riffle beetle,Elmidae,1,EN,FWS:EN,100,FALSE,rng_fws|I0MH,0
I0CB,Heterelmis stephani,Stephan's Riffle beetle,Elmidae,1,LC,FWS:LC,1,FALSE,rng_fws|I0CB,0
C05J,Heterodon simus,Southern hognose snake,Colubridae,1,LC,FWS:LC,1,FALSE,rng_fws|C05J,3.3
Q3NB,Hexalectris colemanii,Colemans coralroot,Orchidaceae,1,LC,FWS:LC,1,FALSE,rng_fws|Q3NB,0
Q1XA,Hexastylis naniflora,Dwarf-flowered heartleaf,Aristolochiaceae,1,LC,FWS:LC,1,FALSE,rng_fws|Q1XA,0
Q342,Hexastylis rhombiformis,French Broad heartleaf,Aristolochiaceae,1,LC,FWS:LC,1,FALSE,rng_fws|Q342,0
Q1XB,Hibiscadelphus distans,Kauai hau kuahiwi,Malvaceae,1,EN,FWS:EN,100,FALSE,rng_fws|Q1XB,2.2
Q0ZE,Hibiscadelphus giffardianus,Hau kuahiwi,Malvaceae,1,EN,FWS:EN,100,FALSE,rng_fws|Q0ZE,2.2
Q0ZF,Hibiscadelphus hualalaiensis,Hau kuahiwi,Malvaceae,1,EN,FWS:EN,100,FALSE,rng_fws|Q0ZF,0
Q3GL,Hibiscadelphus woodii,Hau kuahiwi,Malvaceae,1,EN,FWS:EN,100,FALSE,rng_fws|Q3GL,4
Q2BC,Hibiscus arnottianus ssp. immaculatus,Koki`o ke`oke`o,Malvaceae,1,EN,FWS:EN,100,FALSE,rng_fws|Q2BC,18.1
Q1XE,Hibiscus brackenridgei,(=Native yellow hibiscus) ma`o hau hele,Malvaceae,1,EN,FWS:EN,100,FALSE,rng_fws|Q1XE,4.9
Q1XF,Hibiscus clayi,Clay's hibiscus,Malvaceae,1,EN,FWS:EN,100,FALSE,rng_fws|Q1XF,4.5
Q0ZH,Hibiscus dasycalyx,Neches River rose-mallow,Malvaceae,1,TN,FWS:TN,50,FALSE,rng_fws|Q0ZH,0
Q1XG,Hibiscus waimeae ssp. hannerae,Koki`o ke`oke`o,Malvaceae,1,EN,FWS:EN,100,FALSE,rng_fws|Q1XG,2.7
B04C,Himantopus mexicanus knudseni,Hawaiian stilt,Recurvirostridae,1,EN,FWS:EN,100,TRUE,rng_fws|B04C,5.9
Q1XI,Hoffmannseggia tenella,Slender rush-pea,Fabaceae,1,EN,FWS:EN,100,FALSE,rng_fws|Q1XI,6.1
Q0ZL,Holocarpha macradenia,Santa Cruz tarplant,Asteraceae,1,TN,FWS:TN,50,FALSE,rng_fws|Q0ZL,1.2
Q2RM,Howellia aquatilis,Water howellia,Campanulaceae,1,LC,FWS:LC,1,FALSE,rng_fws|Q2RM,0.1
Q2U5,Hudsonia montana,Mountain golden heather,Cistaceae,1,TN,FWS:TN,50,FALSE,rng_fws|Q2U5,0
E07I,Hybognathus amarus,Rio Grande Silvery Minnow,Cyprinidae,1,EN,FWS:EN,100,FALSE,rng_fws|E07I,0
I0AB,Hydraena maureenae,Maureen's hydraenan minute moss beetle,Hydraenidae,1,LC,FWS:LC,1,FALSE,rng_fws|I0AB,0
B08V,Hydrobates castro,Band-rumped Storm-petrel,Hydrobatidae,1,EN,FWS:EN,100,TRUE,rng_fws|B08V,99.6
I0WT,Hydroptila sykorai,Sykora's Hydroptila caddisfly,Hydroptilidae,1,LC,FWS:LC,1,FALSE,rng_fws|I0WT,0
D03S,Hyla wrightorum,Arizona Treefrog,Hylidae,1,LC,FWS:LC,1,FALSE,rng_fws|D03S,0
I0GP,Hylaeus anthracinus,Anthricinan yellow-faced bee,Hylaeidae,1,EN,FWS:EN,100,FALSE,rng_fws|I0GP,28.6
I0GQ,Hylaeus assimulans,Assimulans yellow-faced bee,Hylaeidae,1,EN,FWS:EN,100,FALSE,rng_fws|I0GQ,18.2
I0GY,Hylaeus facilis,Easy yellow-faced bee,Hylaeidae,1,EN,FWS:EN,100,FALSE,rng_fws|I0GY,40
I0HT,Hylaeus hilaris,Hilaris yellow-faced bee,Hylaeidae,1,EN,FWS:EN,100,FALSE,rng_fws|I0HT,100
I0VM,Hylaeus kuakea,Hawaiian yellow-faced bee,Colletidae,1,EN,FWS:EN,100,FALSE,rng_fws|I0VM,0
I0HC,Hylaeus longiceps,Hawaiian yellow-faced bee,Hylaeidae,1,EN,FWS:EN,100,FALSE,rng_fws|I0HC,45.5
I0VL,Hylaeus mana,Hawaiian yellow-faced bee,Colletidae,1,EN,FWS:EN,100,FALSE,rng_fws|I0VL,0
S02J,Hymenophyllum tayloriae,gorge filmy fern,Hymenophyllaceae,1,LC,FWS:LC,1,FALSE,rng_fws|S02J,0
Q2U6,Hymenoxys herbacea,Lakeside daisy,Asteraceae,1,TN,FWS:TN,50,FALSE,rng_fws|Q2U6,0
Q2RK,Hymenoxys texana,Texas prairie dawn-flower,Asteraceae,1,EN,FWS:EN,100,FALSE,rng_fws|Q2RK,0
Q1XJ,Hypericum cumulicola,Highlands scrub hypericum,Hypericaceae,1,EN,FWS:EN,100,FALSE,rng_fws|Q1XJ,0
Q3SK,Hypericum radfordiorum,Radford's St. John's Wort,Clusiaceae,1,LC,FWS:LC,1,FALSE,rng_fws|Q3SK,0
S02Q,Hypolepis hawaiiensis var. mauiensis,olua,Dennstaedtiaceae,1,EN,FWS:EN,100,FALSE,rng_fws|S02Q,0.4
I0R7,Hypolimnas octocula marianensis,Mariana eight-spot butterfly,Nymphalidae,1,EN,FWS:EN,100,FALSE,rng_fws|I0R7,21.2
E070,Hypomesus transpacificus,Delta smelt,Osmeridae,1,TN,FWS:TN,50,FALSE,rng_fws|E070,0
U00Z,Hypotrachyna virginica,Flaky square britches,Parmeliaceae,1,LC,FWS:LC,1,FALSE,rng_fws|U00Z,0
I0TX,Icaricia (Plebejus) shasta charlestonensis,Mount Charleston blue butterfly,Lycaenidae,1,EN,FWS:EN,100,FALSE,rng_fws|I0TX,0
I0IS,Icaricia icarioides fenderi,Fender's blue butterfly,Lycaenidae,1,TN,FWS:TN,50,FALSE,rng_fws|I0IS,0
I00J,Icaricia icarioides missionensis,Mission blue butterfly,Lycaenidae,1,EN,FWS:EN,100,FALSE,rng_fws|I00J,4
E02H,Ictalurus pricei,Yaqui catfish,Ictaluridae,1,TN,FWS:TN,50,FALSE,rng_fws|E02H,0
G05Q,Idaholanx fresti,Banbury Springs limpet,Lymnaeidae,1,EN,FWS:EN,100,FALSE,rng_fws|G05Q,0
Q2BO,Ilex cookii,Cook's holly,Aquifoliaceae,1,EN,FWS:EN,100,FALSE,rng_fws|Q2BO,2.6
Q3AB,Ilex sintenisii,No common name,Aquifoliaceae,1,EN,FWS:EN,100,FALSE,rng_fws|Q3AB,0
Q2BP,Iliamna corei,Peter's Mountain mallow,Malvaceae,1,EN,FWS:EN,100,FALSE,rng_fws|Q2BP,0
Q100,Illicium parviflorum,Yellow anisetree,Illiciaceae,1,LC,FWS:LC,1,FALSE,rng_fws|Q100,11.2
G00K,Inflectarius magazinensis,Magazine Mountain shagreen,Polygyridae,1,LC,FWS:LC,1,FALSE,rng_fws|G00K,0
G017,Io fluvialis,Spiny riversnail,Pleuroceridae,1,LC,FWS:LC,1,FALSE,rng_fws|G017,0
E02U,Iotichthys phlegethontis,Least chub,Cyprinidae,1,LC,FWS:LC,1,FALSE,rng_fws|E02U,0
Q2U7,Ipomopsis polyantha,Pagosa skyrocket,Polemoniaceae,1,EN,FWS:EN,100,FALSE,rng_fws|Q2U7,0
Q34D,Ipomopsis sancti-spiritus,Holy Ghost ipomopsis,Polemoniaceae,1,EN,FWS:EN,100,FALSE,rng_fws|Q34D,0
Q2BS,Iris lacustris,Dwarf lake iris,Iridaceae,1,TN,FWS:TN,50,FALSE,rng_fws|Q2BS,0
Q2BT,Ischaemum byrone,Hilo ischaemum,Poaceae,1,EN,FWS:EN,100,FALSE,rng_fws|Q2BT,55.4
I0U8,Ischnura luta,Rota blue damselfly,coenagrionidae,1,EN,FWS:EN,100,FALSE,rng_fws|I0U8,30.4
Q2BU,Isodendrion hosakae,Aupaka,Violaceae,1,EN,FWS:EN,100,FALSE,rng_fws|Q2BU,0
Q108,Isodendrion laurifolium,Aupaka,Violaceae,1,EN,FWS:EN,100,FALSE,rng_fws|Q108,2.2
Q109,Isodendrion longifolium,Aupaka,Violaceae,1,TN,FWS:TN,50,FALSE,rng_fws|Q109,1.7
Q1XK,Isodendrion pyrifolium,wahine noho Kula,Violaceae,1,EN,FWS:EN,100,FALSE,rng_fws|Q1XK,3.2
S02R,Isoetes hyemalis,Winter quillwort,Isoetaceae,1,LC,FWS:LC,1,FALSE,rng_fws|S02R,0
S00T,Isoetes louisianensis,Louisiana quillwort,Isoetaceae,1,EN,FWS:EN,100,FALSE,rng_fws|S00T,0.5
S015,Isoetes melanospora,Black spored quillwort,Isoetaceae,1,EN,FWS:EN,100,FALSE,rng_fws|S015,0
S019,Isoetes tegetiformans,Mat-forming quillwort,Isoetaceae,1,EN,FWS:EN,100,FALSE,rng_fws|S019,0
S00B,Isoetes virginica,Virginia quillwort,Isoetaceae,1,LC,FWS:LC,1,FALSE,rng_fws|S00B,0
I0VS,Isoperla jewetti,Grande stripetail stonefly,Perlodidae,1,LC,FWS:LC,1,FALSE,rng_fws|I0VS,0
Q1XL,Isotria medeoloides,Small whorled pogonia,Orchidaceae,1,TN,FWS:TN,50,FALSE,rng_fws|Q1XL,0.6
Q1XM,Ivesia kingii var. eremica,Ash Meadows ivesia,Rosaceae,1,TN,FWS:TN,50,FALSE,rng_fws|Q1XM,0
Q34J,Ivesia webberi,Webber's ivesia,Rosaceae,1,TN,FWS:TN,50,FALSE,rng_fws|Q34J,0
Q2BZ,Jacquemontia reclinata,Beach jacquemontia,Convolvulaceae,1,EN,FWS:EN,100,FALSE,rng_fws|Q2BZ,12.1
Q1XN,Joinvillea ascendens ascendens,`Ohe,Joinvilleaceae,1,EN,FWS:EN,100,FALSE,rng_fws|Q1XN,1.2
G0F0,Juga canella,Cinnamon juga,Pleuroceridae,1,LC,FWS:LC,1,FALSE,rng_fws|G0F0,0
G0EN,Juga sp,Basalt Juga,Pleuroceridae,1,LC,FWS:LC,1,FALSE,rng_fws|G0EN,0
Q34M,Juglans cinerea,Butternut,Juglandaceae,1,LC,FWS:LC,1,FALSE,rng_fws|Q34M,0
Q34N,Juglans jamaicensis,West Indian Walnut (=Nogal),Juglandaceae,1,EN,FWS:EN,100,FALSE,rng_fws|Q34N,0
Q10M,Juncus caesariensis,New Jersey rush,Juncaceae,1,LC,FWS:LC,1,FALSE,rng_fws|Q10M,0.4
Q1XO,Justicia cooleyi,Cooley's water-willow,Acanthaceae,1,EN,FWS:EN,100,FALSE,rng_fws|Q1XO,0
G04C,Juturnia kosteri,Koster's springsnail,Hydrobiidae,1,EN,FWS:EN,100,FALSE,rng_fws|G04C,0
Q1WY,Kadua cookiana,'Awiwi,Rubiaceae,1,EN,FWS:EN,100,FALSE,rng_fws|Q1WY,4.4
Q33Y,Kadua cordata remyi,kopa,Rubiaceae,1,EN,FWS:EN,100,FALSE,rng_fws|Q33Y,0
Q1WZ,Kadua coriacea,Kio`ele,Rubiaceae,1,EN,FWS:EN,100,FALSE,rng_fws|Q1WZ,0.4
Q1X0,Kadua degeneri,No common name,Rubiaceae,1,EN,FWS:EN,100,FALSE,rng_fws|Q1X0,0
Q2U1,Kadua fluviatilis,Kamapua`a,Rubiaceae,1,EN,FWS:EN,100,FALSE,rng_fws|Q2U1,1.7
Q3OR,Kadua haupuensis,No common name,Rubiaceae,1,EN,FWS:EN,100,FALSE,rng_fws|Q3OR,0
Q1X1,Kadua laxiflora,pilo,Rubiaceae,1,EN,FWS:EN,100,FALSE,rng_fws|Q1X1,7.2
Q1X2,Kadua parvula,No common name,Rubiaceae,1,EN,FWS:EN,100,FALSE,rng_fws|Q1X2,0.1
Q1X5,Kadua st.-johnii,No common name,Rubiaceae,1,EN,FWS:EN,100,FALSE,rng_fws|Q1X5,60.9
Q3GX,Kanaloa kahoolawensis,Kohe malama malama o Kanaloa,Fabaceae,1,EN,FWS:EN,100,FALSE,rng_fws|Q3GX,25.2
Q3HP,Keysseria (=Lagenifera) erici,No common name,Asteraceae,1,EN,FWS:EN,100,FALSE,rng_fws|Q3HP,0
Q3HQ,Keysseria (=Lagenifera) helenae,No common name,Asteraceae,1,EN,FWS:EN,100,FALSE,rng_fws|Q3HQ,0
C067,Kinosternon sonoriense longifemorale,Sonoyta mud turtle,Kinosternidae,1,EN,FWS:EN,100,FALSE,rng_fws|C067,0
Q1XP,Kokia cookei,Koki`o,Malvaceae,1,EN,FWS:EN,100,FALSE,rng_fws|Q1XP,9.8
Q1XQ,Kokia drynarioides,Koki`o,Malvaceae,1,EN,FWS:EN,100,FALSE,rng_fws|Q1XQ,0
Q1XR,Kokia kauaiensis,Koki`o,Malvaceae,1,EN,FWS:EN,100,FALSE,rng_fws|Q1XR,5
Q34P,Korthalsella degeneri,Hulumoa,Santalaceae,1,EN,FWS:EN,100,FALSE,rng_fws|Q34P,0
Q2C2,Labordia cyrtandrae,Kamakahala,Loganiaceae,1,EN,FWS:EN,100,FALSE,rng_fws|Q2C2,0.1
Q34Q,Labordia helleri,Kamakahala,Loganiaceae,1,EN,FWS:EN,100,FALSE,rng_fws|Q34Q,1.9
Q3OT,Labordia lorenciana,No common name,Loganiaceae,1,EN,FWS:EN,100,FALSE,rng_fws|Q3OT,1.1
Q2C3,Labordia lydgatei,Kamakahala,Loganiaceae,1,EN,FWS:EN,100,FALSE,rng_fws|Q2C3,0.5
Q34R,Labordia pumila,Kamakahala,Loganiaceae,1,EN,FWS:EN,100,FALSE,rng_fws|Q34R,0
Q2C4,Labordia tinifolia var. lanaiensis,Kamakahala,Loganiaceae,1,EN,FWS:EN,100,FALSE,rng_fws|Q2C4,0.1
Q3GM,Labordia tinifolia var. wahiawaensis,Kamakahala,Loganiaceae,1,EN,FWS:EN,100,FALSE,rng_fws|Q3GM,1.9
Q11Y,Labordia triflora,Kamakahala,Loganiaceae,1,EN,FWS:EN,100,FALSE,rng_fws|Q11Y,0
I0VX,Lachlania dencyanna,Gila mayfly,Oligoneuriidae,1,LC,FWS:LC,1,FALSE,rng_fws|I0VX,0
B0H8,Lagopus leucura altipetens,southern white-tailed ptarmigan,Phasianidae,1,LC,FWS:LC,1,FALSE,rng_fws|B0H8,0
B0H9,Lagopus leucura rainierensis,Mt. Rainier white-tailed ptarmigan,Phasianidae,1,TN,FWS:TN,50,FALSE,rng_fws|B0H9,0
F00G,Lampsilis abrupta,Pink mucket (pearlymussel),Unionidae,1,EN,FWS:EN,100,FALSE,rng_fws|F00G,0
F059,Lampsilis bergmanni,Guadalupe Fatmucket,Unionidae,1,EN,FWS:EN,100,FALSE,rng_fws|F059,0
F04I,Lampsilis bracteata,Texas fatmucket,Unionidae,1,EN,FWS:EN,100,FALSE,rng_fws|F04I,0
F03H,Lampsilis cariosa,Yellow lampmussel,Unionidae,1,LC,FWS:LC,1,FALSE,rng_fws|F03H,0
F03C,Lampsilis fullerkati,Waccamaw fatmucket,Unionidae,1,LC,FWS:LC,1,FALSE,rng_fws|F03C,0
F009,Lampsilis higginsii,Higgins eye (pearlymussel),Unionidae,1,EN,FWS:EN,100,FALSE,rng_fws|F009,0
F02I,Lampsilis powellii,Arkansas fatmucket,Unionidae,1,TN,FWS:TN,50,FALSE,rng_fws|F02I,0
F00F,Lampsilis rafinesqueana,Neosho Mucket,Unionidae,1,EN,FWS:EN,100,FALSE,rng_fws|F00F,0
F020,Lampsilis streckeri,Speckled pocketbook,Unionidae,1,EN,FWS:EN,100,FALSE,rng_fws|F020,0
F00A,Lampsilis virescens,Alabama lampmussel,Unionidae,2,EN,FWS:EN,100,FALSE,rng_fws|F00A,0
B05R,Lanius ludovicianus mearnsi,San Clemente loggerhead shrike,Laniidae,1,EN,FWS:EN,100,TRUE,rng_fws|B05R,3.2
A03W,Lasiurus cinereus semotus,Hawaiian hoary bat,Vespertilionidae,1,EN,FWS:EN,100,FALSE,rng_fws|A03W,5.9
F02L,Lasmigona decorata,Carolina heelsplitter,Unionidae,1,EN,FWS:EN,100,FALSE,rng_fws|F02L,0
F01N,Lasmigona holstonia,Tennessee heelsplitter,Unionidae,1,LC,FWS:LC,1,FALSE,rng_fws|F01N,0
F03E,Lasmigona subviridis,Green floater,Unionidae,1,TN,FWS:TN,50,FALSE,rng_fws|F03E,0
Q1XU,Lasthenia burkei,Burke's goldfields,Asteraceae,1,EN,FWS:EN,100,FALSE,rng_fws|Q1XU,0.6
Q122,Lasthenia conjugens,Contra Costa goldfields,Asteraceae,1,EN,FWS:EN,100,FALSE,rng_fws|Q122,1
B09A,Laterallus jamaicensis,Black Rail,Rallidae,1,LC,FWS:LC,1,TRUE,rng_fws|B09A,44.4
B0OB,Laterallus jamaicensis ssp. jamaicensis,Eastern Black rail,Rallidae,1,TN,FWS:TN,50,TRUE,rng_fws|B0OB,16
Q127,Lathyrus holochlorus,No common name,Fabaceae,1,LC,FWS:LC,1,FALSE,rng_fws|Q127,0.1
E0C4,Lavinia exilicauda chi,Clear Lake Hitch,Cyprinidae,1,TN,FWS:TN,50,FALSE,rng_fws|E0C4,0
Q34T,Layia carnosa,Beach layia,Asteraceae,1,TN,FWS:TN,50,FALSE,rng_fws|Q34T,43.3
Q12K,Leavenworthia crassa,Fleshy-fruit gladecress,Brassicaceae,1,EN,FWS:EN,100,FALSE,rng_fws|Q12K,0
Q12F,Leavenworthia exigua laciniata,Kentucky glade cress,Brassicaceae,1,TN,FWS:TN,50,FALSE,rng_fws|Q12F,0
Q34U,Leavenworthia texana,Texas golden Gladecress,Brassicaceae,1,EN,FWS:EN,100,FALSE,rng_fws|Q34U,0
I0EE,Lednia tumana,Meltwater lednian stonefly,Nemouridae,1,TN,FWS:TN,50,FALSE,rng_fws|I0EE,0
F00I,Lemiox rimosus,Birdwing pearlymussel,Unionidae,3,EN,FWS:EN,100,FALSE,rng_fws|F00I,0
A084,Leopardus (=Felis) pardalis,Ocelot,Felidae,1,EN,FWS:EN,100,FALSE,rng_fws|A084,0
Q2C5,Lepanthes eltoroensis,No common name,Orchidaceae,1,LC,FWS:LC,1,FALSE,rng_fws|Q2C5,0
Q12Y,Lepidium arbuscula,`Anaunau,Brassicaceae,1,EN,FWS:EN,100,FALSE,rng_fws|Q12Y,1.9
Q1XV,Lepidium barnebyanum,Barneby ridge-cress,Brassicaceae,1,EN,FWS:EN,100,FALSE,rng_fws|Q1XV,0
Q3OM,Lepidium orbiculare,No common name,Brassicaceae,1,EN,FWS:EN,100,FALSE,rng_fws|Q3OM,0
Q2UC,Lepidium ostleri,Ostler's peppergrass,Brassicaceae,1,LC,FWS:LC,1,FALSE,rng_fws|Q2UC,0
Q34X,Lepidium papilliferum,Slickspot peppergrass,Brassicaceae,1,TN,FWS:TN,50,FALSE,rng_fws|Q34X,0
C00O,Lepidochelys kempii,Kemp's ridley sea turtle,Cheloniidae,1,EN,FWS:EN,100,TRUE,rng_fws|C00O,31.6
C00V,Lepidochelys olivacea,Olive ridley sea turtle,Cheloniidae,1,TN,FWS:TN,50,TRUE,rng_fws|C00V,8.4
E04P,Lepidomeda albivallis,White River spinedace,Cyprinidae,1,EN,FWS:EN,100,FALSE,rng_fws|E04P,0
E04L,Lepidomeda mollispinis pratensis,Big Spring spinedace,Cyprinidae,1,TN,FWS:TN,50,FALSE,rng_fws|E04L,0
E04M,Lepidomeda vittata,Little Colorado spinedace,Cyprinidae,1,TN,FWS:TN,50,FALSE,rng_fws|E04M,0
I0WQ,Lepidostoma morsei,Morse's Little Plain Brown sedge,Lepidostomatidae,1,LC,FWS:LC,1,FALSE,rng_fws|I0WQ,0.8
K048,Lepidurus packardi,Vernal pool tadpole shrimp,Caenestheriidae,1,EN,FWS:EN,100,FALSE,rng_fws|K048,0
Q34Y,Leptocereus grantianus,No common name,Cactaceae,1,EN,FWS:EN,100,FALSE,rng_fws|Q34Y,19.6
F00W,Leptodea leptodon,Scaleshell mussel,Unionidae,1,EN,FWS:EN,100,FALSE,rng_fws|F00W,0
A0AD,Leptonycteris curasoae yerbabuenae,Lesser long-nosed bat,Phyllostomidae,1,LC,FWS:LC,1,FALSE,rng_fws|A0AD,0
A0AE,Leptonycteris nivalis,Mexican long-nosed bat,Phyllostomidae,1,EN,FWS:EN,100,FALSE,rng_fws|A0AE,0
G08D,Leptoxis ampla,Round rocksnail,Pleuroceridae,1,TN,FWS:TN,50,FALSE,rng_fws|G08D,0
G08A,Leptoxis compacta,Oblong rocksnail,Pleuroceridae,1,EN,FWS:EN,100,FALSE,rng_fws|G08A,0
G0C2,Leptoxis foremani,Interrupted (=Georgia) Rocksnail,Pleuroceridae,1,EN,FWS:EN,100,FALSE,rng_fws|G0C2,0
G08C,Leptoxis plicata,Plicate rocksnail,Pleuroceridae,1,EN,FWS:EN,100,FALSE,rng_fws|G08C,0
G08B,Leptoxis taeniata,Painted rocksnail,Pleuroceridae,1,TN,FWS:TN,50,FALSE,rng_fws|G08B,0
G07F,Lepyrium showalteri,Flat pebblesnail,Hydrobiidae,1,EN,FWS:EN,100,FALSE,rng_fws|G07F,0
Q2CB,Lespedeza leptostachya,Prairie bush-clover,Fabaceae,1,TN,FWS:TN,50,FALSE,rng_fws|Q2CB,0
Q351,Lesquerella congesta,Dudley Bluffs bladderpod,Brassicaceae,1,TN,FWS:TN,50,FALSE,rng_fws|Q351,0
Q2CD,Lesquerella kingii ssp. bernardina,San Bernardino Mountains bladderpod,Brassicaceae,1,EN,FWS:EN,100,FALSE,rng_fws|Q2CD,0
Q1XX,Lesquerella lyrata,Lyrate bladderpod,Brassicaceae,1,TN,FWS:TN,50,FALSE,rng_fws|Q1XX,0
Q13H,Lesquerella perforata,Spring Creek bladderpod,Brassicaceae,1,EN,FWS:EN,100,FALSE,rng_fws|Q13H,0
Q1XY,Lesquerella tumulosa,Kodachrome bladderpod,Brassicaceae,1,EN,FWS:EN,100,FALSE,rng_fws|Q1XY,0
Q3AI,Lessingia germanorum (=L.g. var. germanorum),San Francisco lessingia,Asteraceae,1,EN,FWS:EN,100,FALSE,rng_fws|Q3AI,16.8
Q2CI,Liatris helleri,Heller's blazingstar,Asteraceae,1,TN,FWS:TN,50,FALSE,rng_fws|Q2CI,0
Q1XZ,Liatris ohlingerae,Scrub blazingstar,Asteraceae,1,EN,FWS:EN,100,FALSE,rng_fws|Q1XZ,0
Q2PK,Lilaeopsis schaffneriana var. recurva,Huachuca water-umbel,Apiaceae,1,EN,FWS:EN,100,FALSE,rng_fws|Q2PK,0
Q13Z,Lilium grayi,Gray's lily,Liliaceae,1,LC,FWS:LC,1,FALSE,rng_fws|Q13Z,0
Q1Y0,Lilium occidentale,Western lily,Liliaceae,1,EN,FWS:EN,100,FALSE,rng_fws|Q1Y0,9.6
Q141,Lilium pardalinum ssp. pitkinense,Pitkin Marsh lily,Liliaceae,1,EN,FWS:EN,100,FALSE,rng_fws|Q141,0
Q2YE,Limnanthes floccosa ssp. californica,Butte County meadowfoam,Limnanthaceae,1,EN,FWS:EN,100,FALSE,rng_fws|Q2YE,0
Q2CL,Limnanthes pumila ssp. grandiflora,Large-flowered woolly meadowfoam,Limnanthaceae,1,EN,FWS:EN,100,FALSE,rng_fws|Q2CL,0
Q1Y1,Limnanthes vinculans,Sebastopol meadowfoam,Limnanthaceae,1,EN,FWS:EN,100,FALSE,rng_fws|Q1Y1,0.7
Q2CO,Lindera melissifolia,Pondberry,Lauraceae,1,EN,FWS:EN,100,FALSE,rng_fws|Q2CO,4
Q2UJ,Lindera subcoriacea,Bog spicebush,Lauraceae,1,LC,FWS:LC,1,FALSE,rng_fws|Q2UJ,0
Q14H,Linum arenicola,Sand flax,Linaceae,1,EN,FWS:EN,100,FALSE,rng_fws|Q14H,52
Q14I,Linum carteri carteri,Carter's small-flowered flax,Linaceae,1,EN,FWS:EN,100,FALSE,rng_fws|Q14I,19.3
G072,Lioplax cyclostomaformis,Cylindrical lioplax (snail),Viviparidae,1,EN,FWS:EN,100,FALSE,rng_fws|G072,0
Q1Y4,Lipochaeta fauriei,nehe,Asteraceae,1,EN,FWS:EN,100,FALSE,rng_fws|Q1Y4,2.4
Q1YC,Lipochaeta lobata var. leptophylla,nehe,Asteraceae,1,EN,FWS:EN,100,FALSE,rng_fws|Q1YC,1.4
Q2CY,Lipochaeta micrantha,nehe,Asteraceae,1,EN,FWS:EN,100,FALSE,rng_fws|Q2CY,5.3
Q1YJ,Lipochaeta venosa,nehe,Asteraceae,1,EN,FWS:EN,100,FALSE,rng_fws|Q1YJ,0
Q2D1,Lipochaeta waimeaensis,nehe,Asteraceae,1,EN,FWS:EN,100,FALSE,rng_fws|Q2D1,10
K02E,Lirceus culveri,Rye Cove Cave isopod,Asellidae,1,LC,FWS:LC,1,FALSE,rng_fws|K02E,0
K02C,Lirceus usdagalun,Lee County cave isopod,Asellidae,1,EN,FWS:EN,100,FALSE,rng_fws|K02C,0
D046,Lithobates capito,Gopher Frog,Ranidae,1,LC,FWS:LC,1,FALSE,rng_fws|D046,3.8
D00E,Lithobates onca,Relict leopard Frog,Ranidae,1,LC,FWS:LC,1,FALSE,rng_fws|D00E,0
Q14U,Lithophragma maximum,San Clemente Island woodland-star,Saxifragaceae,1,EN,FWS:EN,100,FALSE,rng_fws|Q14U,3.2
Q2PM,Lobelia boykinii,Boykin's lobelia,Campanulaceae,1,LC,FWS:LC,1,FALSE,rng_fws|Q2PM,2.3
Q14Y,Lobelia koolauensis,No common name,Campanulaceae,1,EN,FWS:EN,100,FALSE,rng_fws|Q14Y,0
Q2D2,Lobelia monostachya,No common name,Campanulaceae,1,EN,FWS:EN,100,FALSE,rng_fws|Q2D2,3.4
Q1YK,Lobelia niihauensis,No common name,Campanulaceae,1,EN,FWS:EN,100,FALSE,rng_fws|Q1YK,5.6
Q1YL,Lobelia oahuensis,No common name,Campanulaceae,1,EN,FWS:EN,100,FALSE,rng_fws|Q1YL,0
Q1YN,Lomatium bradshawii,Bradshaw''s lomatium,Apiaceae,1,LC,FWS:LC,1,FALSE,rng_fws|Q1YN,0
Q356,Lomatium cookii,Cook's lomatium,Apiaceae,1,EN,FWS:EN,100,FALSE,rng_fws|Q356,0
Q15I,Lomatium tuberosum,Hoover's desert-parsley,Apiaceae,1,LC,FWS:LC,1,FALSE,rng_fws|Q15I,0
B0FS,Loxia curvirostra,Red crossbill,Fringillidae,1,LC,FWS:LC,1,FALSE,rng_fws|B0FS,0
B00K,Loxioides bailleui,Palila (honeycreeper),Drepanidinae,1,EN,FWS:EN,100,FALSE,rng_fws|B00K,0
B0AF,Loxops caeruleirostris,Akekee,Fringillidae,1,EN,FWS:EN,100,FALSE,rng_fws|B0AF,0
B044,Loxops coccineus,Hawaii akepa,Drepanidinae,1,EN,FWS:EN,100,FALSE,rng_fws|B044,0
B04M,Loxops mana,Hawaii creeper,Drepanidinae,1,EN,FWS:EN,100,FALSE,rng_fws|B04M,0
Q3PD,Ludwigia brevipes,Long Beach seedbox,Onagraceae,1,LC,FWS:LC,1,FALSE,rng_fws|Q3PD,7.5
Q3PF,Ludwigia ravenii,Raven's seedbox,Onagraceae,1,LC,FWS:LC,1,FALSE,rng_fws|Q3PF,6.1
Q3PE,Ludwigia spathulata,Spathulate seedbox,Onagraceae,1,LC,FWS:LC,1,FALSE,rng_fws|Q3PE,0
Q2PR,Lupinus aridorum,Scrub lupine,Fabaceae,1,EN,FWS:EN,100,FALSE,rng_fws|Q2PR,0
Q2PS,Lupinus constancei,Lassics lupine,Fabaceae,1,EN,FWS:EN,100,FALSE,rng_fws|Q2PS,0
Q2PU,Lupinus cusickii,Cusick's lupine,Fabaceae,1,LC,FWS:LC,1,FALSE,rng_fws|Q2PU,0
Q161,Lupinus nipomensis,Nipomo Mesa lupine,Fabaceae,1,EN,FWS:EN,100,FALSE,rng_fws|Q161,0
Q35E,Lupinus sulphureus ssp. kincaidii,Kincaid's Lupine,Fabaceae,1,TN,FWS:TN,50,FALSE,rng_fws|Q35E,0
Q2DD,Lupinus tidestromii,Clover (Tidestrom''s) lupine,Fabaceae,1,EN,FWS:EN,100,FALSE,rng_fws|Q2DD,9.3
A074,Lutra canadensis sonora,Southwestern otter,Mustelidae,1,LC,FWS:LC,1,FALSE,rng_fws|A074,0
I00I,Lycaeides argyrognomon lotis,Lotis blue butterfly,Lycaenidae,1,EN,FWS:EN,100,FALSE,rng_fws|I00I,9.9
I00F,Lycaeides melissa samuelis,Karner blue butterfly,Lycaenidae,1,EN,FWS:EN,100,FALSE,rng_fws|I00F,0
I05C,Lycaena hermes,Hermes copper butterfly,Lycaenidae,1,TN,FWS:TN,50,FALSE,rng_fws|I05C,0
A073,Lynx canadensis,Canada Lynx,Felidae,1,TN,FWS:TN,50,FALSE,rng_fws|A073,0
G0EY,Lyogyrus spb,Masked duskysnail,Hydrobiidae,1,LC,FWS:LC,1,FALSE,rng_fws|G0EY,0
G0EZ,Lyogyrus spc,Canary duskysnail,Hydorbiidae,1,LC,FWS:LC,1,FALSE,rng_fws|G0EZ,0
Q35F,Lyonia truncata var. proctorii,No common name,Ericaceae,1,EN,FWS:EN,100,FALSE,rng_fws|Q35F,0
Q2DF,Lysimachia asperulaefolia,Rough-leaved loosestrife,Primulaceae,1,EN,FWS:EN,100,FALSE,rng_fws|Q2DF,13.2
Q35G,Lysimachia daphnoides,lehua makanoe,Primulaceae,1,EN,FWS:EN,100,FALSE,rng_fws|Q35G,0.2
Q2DG,Lysimachia filifolia,No common name,Primulaceae,1,EN,FWS:EN,100,FALSE,rng_fws|Q2DG,0.1
Q35I,Lysimachia fraseri,Fraser's yellow loosestrife,Primulaceae,1,LC,FWS:LC,1,FALSE,rng_fws|Q35I,0
Q3MX,Lysimachia iniki,No common name,Primulaceae,1,EN,FWS:EN,100,FALSE,rng_fws|Q3MX,0
Q35J,Lysimachia lydgatei,No common name,Primulaceae,1,EN,FWS:EN,100,FALSE,rng_fws|Q35J,0
Q35K,Lysimachia maxima,No common name,Primulaceae,1,EN,FWS:EN,100,FALSE,rng_fws|Q35K,7
Q3MY,Lysimachia pendens,No common name,Primulaceae,1,EN,FWS:EN,100,FALSE,rng_fws|Q3MY,0
Q3MZ,Lysimachia scopulensis,No common name,Primulaceae,1,EN,FWS:EN,100,FALSE,rng_fws|Q3MZ,5
Q3H4,Lysimachia venosa,No common name,Primulaceae,1,EN,FWS:EN,100,FALSE,rng_fws|Q3H4,0
Q2UO,Lythrum curtissii,Curtiss' loosestrife,Lythraceae,1,LC,FWS:LC,1,FALSE,rng_fws|Q2UO,0
Q1YP,Macbridea alba,White birds-in-a-nest,Lamiaceae,1,TN,FWS:TN,50,FALSE,rng_fws|Q1YP,25.3
Q35M,Macbridea caroliniana,Carolina birds-in-a-nest,Lamiaceae,1,LC,FWS:LC,1,FALSE,rng_fws|Q35M,2.8
E072,Macrhybopsis tetranema,Peppered chub,Cyprinidae,1,EN,FWS:EN,100,FALSE,rng_fws|E072,0
C082,Macrochelys suwanniensis,Suwannee alligator snapping turtle,Chelydridae,1,TN,FWS:TN,50,FALSE,rng_fws|C082,0.1
C045,Macrochelys temminckii,Alligator snapping turtle,Chelydridae,1,TN,FWS:TN,50,FALSE,rng_fws|C045,0.2
I0OA,Macromia margarita,Margarita River skimmer,Macromiidae,1,LC,FWS:LC,1,FALSE,rng_fws|I0OA,0
Q3OY,Maesa walkeri,No common name,Myrsinaceae,1,TN,FWS:TN,50,FALSE,rng_fws|Q3OY,23.6
Q1YR,Malacothamnus clementinus,San Clemente Island bush-mallow,Malvaceae,1,LC,FWS:LC,1,FALSE,rng_fws|Q1YR,3.2
Q16R,Malacothamnus fasciculatus var. nesioticus,Santa Cruz Island bush-mallow,Malvaceae,1,EN,FWS:EN,100,FALSE,rng_fws|Q16R,27.2
Q35Q,Malacothrix indecora,Santa Cruz Island malacothrix,Asteraceae,1,EN,FWS:EN,100,FALSE,rng_fws|Q35Q,32.7
Q3EK,Malacothrix squalida,Island malacothrix,Asteraceae,1,EN,FWS:EN,100,FALSE,rng_fws|Q3EK,65
Q3SJ,Malaxis bayardii,Appalachian Adder's-mouth,Orchidaceae,1,LC,FWS:LC,1,FALSE,rng_fws|Q3SJ,0
I0AL,Manduca blackburni,Blackburn's sphinx moth,Sphingidae,1,EN,FWS:EN,100,FALSE,rng_fws|I0AL,7.8
Q1YS,Manihot walkerae,Walker's manioc,Euphorbiaceae,1,EN,FWS:EN,100,FALSE,rng_fws|Q1YS,0
F02C,Margaritifera hembeli,Louisiana pearlshell,Unionidae,1,TN,FWS:TN,50,FALSE,rng_fws|F02C,0
F01W,Margaritifera marrianae,Alabama pearlshell,Margaritiferidae,1,EN,FWS:EN,100,FALSE,rng_fws|F01W,0
Q1YT,Marshallia mohrii,Mohr's Barbara's buttons,Asteraceae,1,TN,FWS:TN,50,FALSE,rng_fws|Q1YT,0
S00U,Marsilea villosa,Ihi`ihi,Marsileaceae,1,EN,FWS:EN,100,FALSE,rng_fws|S00U,23.3
G0GE,Marstonia agarhecta,Ocmulgee marstonia,Hydrobiidae,1,LC,FWS:LC,1,FALSE,rng_fws|G0GE,0
G027,Marstonia ogmorhaphe,Royal marstonia (snail),Hydrobiidae,1,EN,FWS:EN,100,FALSE,rng_fws|G027,0
G03B,Marstonia pachyta,Armored snail,Hydrobiidae,1,EN,FWS:EN,100,FALSE,rng_fws|G03B,0
A0JI,Martes caurina,"Pacific Marten, Coastal Distinct Population Segment",Mustelidae,1,TN,FWS:TN,50,FALSE,rng_fws|A0JI,1.1
C04A,Masticophis lateralis euryxanthus,Alameda whipsnake (=striped racer),Colubridae,1,TN,FWS:TN,50,FALSE,rng_fws|C04A,1.1
Q3EO,Meconella oregana,White fairypoppy,Fumariaceae,1,LC,FWS:LC,1,FALSE,rng_fws|Q3EO,0
E05J,Meda fulgida,Spikedace,Cyprinidae,1,EN,FWS:EN,100,FALSE,rng_fws|E05J,0
F038,Medionidus acutissimus,Alabama moccasinshell,Unionidae,1,TN,FWS:TN,50,FALSE,rng_fws|F038,0
F04W,Medionidus conradicus,Cumberland moccasinshell,Unionidae,1,EN,FWS:EN,100,FALSE,rng_fws|F04W,0
F039,Medionidus parvulus,Coosa moccasinshell,Unionidae,1,EN,FWS:EN,100,FALSE,rng_fws|F039,0
F03M,Medionidus penicillatus,Gulf moccasinshell,Unionidae,1,EN,FWS:EN,100,FALSE,rng_fws|F03M,0
F03N,Medionidus simpsonianus,Ochlockonee moccasinshell,Unionidae,1,EN,FWS:EN,100,FALSE,rng_fws|F03N,0
F03T,Medionidus walkeri,Suwannee moccasinshell,Unionidae,1,TN,FWS:TN,50,FALSE,rng_fws|F03T,0
I05V,Megalagrion leptodemas,Crimson Hawaiian damselfly,Coenagrionidae,1,EN,FWS:EN,100,FALSE,rng_fws|I05V,0
I05X,Megalagrion nesiotes,Flying earwig Hawaiian damselfly,Coenagrionidae,1,EN,FWS:EN,100,FALSE,rng_fws|I05X,53.1
I05U,Megalagrion nigrohamatum nigrolineatum,Blackline Hawaiian damselfly,Coenagrionidae,1,EN,FWS:EN,100,FALSE,rng_fws|I05U,0
I062,Megalagrion oceanicum,Oceanic Hawaiian damselfly,Coenagrionidae,1,EN,FWS:EN,100,FALSE,rng_fws|I062,0
I064,Megalagrion pacificum,Pacific Hawaiian damselfly,Coenagrionidae,1,EN,FWS:EN,100,FALSE,rng_fws|I064,35.6
I063,Megalagrion xanthomelas,Orangeblack Hawaiian damselfly,Coenagrionidae,1,EN,FWS:EN,100,FALSE,rng_fws|I063,37.5
I0X7,Megaleuctra williamsae,Smokies needlefly,Leuctridae,1,LC,FWS:LC,1,FALSE,rng_fws|I0X7,0
B00T,Megapodius laperouse,Micronesian megapode,Megapodiidae,1,EN,FWS:EN,100,TRUE,rng_fws|B00T,41.6
Q2CS,Melanthera kamolensis,nehe,Asteraceae,1,EN,FWS:EN,100,FALSE,rng_fws|Q2CS,5.2
Q2D0,Melanthera tenuifolia,nehe,Asteraceae,1,EN,FWS:EN,100,FALSE,rng_fws|Q2D0,1.9
Q35V,Melicope adscendens,Alani,Rutaceae,1,EN,FWS:EN,100,FALSE,rng_fws|Q35V,0
Q1YU,Melicope balloui,Alani,Rutaceae,1,EN,FWS:EN,100,FALSE,rng_fws|Q1YU,0.2
Q1YV,Melicope christophersenii,Alani,Rutaceae,1,EN,FWS:EN,100,FALSE,rng_fws|Q1YV,0.1
Q37U,Melicope cornuta var. cornuta,No common name,Rutaceae,1,EN,FWS:EN,100,FALSE,rng_fws|Q37U,0.3
Q37V,Melicope cornuta var. decurrens,No common name,Rutaceae,1,EN,FWS:EN,100,FALSE,rng_fws|Q37V,0
Q1YX,Melicope degeneri,Alani,Rutaceae,1,EN,FWS:EN,100,FALSE,rng_fws|Q1YX,1.5
Q1YY,Melicope haupuensis,Alani,Rutaceae,1,EN,FWS:EN,100,FALSE,rng_fws|Q1YY,3.9
Q2DJ,Melicope hiiakae,Alani,Rutaceae,1,EN,FWS:EN,100,FALSE,rng_fws|Q2DJ,0
Q1YZ,Melicope knudsenii,Alani,Rutaceae,1,EN,FWS:EN,100,FALSE,rng_fws|Q1YZ,1.3
Q1Z0,Melicope lydgatei,Alani,Rutaceae,1,EN,FWS:EN,100,FALSE,rng_fws|Q1Z0,0
Q1Z2,Melicope makahae,Alani,Rutaceae,1,EN,FWS:EN,100,FALSE,rng_fws|Q1Z2,0.1
Q1Z3,Melicope mucronulata,Alani,Rutaceae,1,EN,FWS:EN,100,FALSE,rng_fws|Q1Z3,0.5
Q1Z4,Melicope munroi,Alani,Rutaceae,1,EN,FWS:EN,100,FALSE,rng_fws|Q1Z4,0
Q1Z7,Melicope ovalis,Alani,Rutaceae,1,EN,FWS:EN,100,FALSE,rng_fws|Q1Z7,0.1
Q1Z8,Melicope pallida,Alani,Rutaceae,1,EN,FWS:EN,100,FALSE,rng_fws|Q1Z8,2.3
Q1Z9,Melicope paniculata,Alani,Rutaceae,1,EN,FWS:EN,100,FALSE,rng_fws|Q1Z9,0
Q35Y,Melicope puberula,Alani,Rutaceae,1,EN,FWS:EN,100,FALSE,rng_fws|Q35Y,0.4
Q1ZA,Melicope quadrangularis,Alani,Rutaceae,1,EN,FWS:EN,100,FALSE,rng_fws|Q1ZA,0
Q1ZB,Melicope reflexa,Alani,Rutaceae,1,EN,FWS:EN,100,FALSE,rng_fws|Q1ZB,14.4
Q1I5,Melicope remyi,No common name,Rutaceae,1,EN,FWS:EN,100,FALSE,rng_fws|Q1I5,0
Q37W,Melicope rostrata,Pilo kea lau li`i,Rutaceae,1,EN,FWS:EN,100,FALSE,rng_fws|Q37W,1.3
Q17M,Melicope saint-johnii,Alani,Rutaceae,1,EN,FWS:EN,100,FALSE,rng_fws|Q17M,0.2
Q1ZC,Melicope zahlbruckneri,Alani,Rutaceae,1,EN,FWS:EN,100,FALSE,rng_fws|Q1ZC,2.3
B07Q,Melozone crissalis eremophilus,Inyo California towhee,Emberizidae,1,TN,FWS:TN,50,FALSE,rng_fws|B07Q,0
E01P,Menidia extensa,Waccamaw silverside,Atherinidae,1,TN,FWS:TN,50,FALSE,rng_fws|E01P,0
S02E,Menisciopsis boydiae,Kupukupu makali`i,Thelypteridaceae,1,EN,FWS:EN,100,FALSE,rng_fws|S02E,0.4
Q2Q2,Mentzelia densa,Royal Gorge stickleaf,Loasaceae,1,LC,FWS:LC,1,FALSE,rng_fws|Q2Q2,0
Q1ZD,Mentzelia leucophylla,Ash Meadows blazingstar,Loasaceae,1,TN,FWS:TN,50,FALSE,rng_fws|Q1ZD,0
G00V,Mesodon clarki nantahala,noonday snail,Polygyridae,1,TN,FWS:TN,50,FALSE,rng_fws|G00V,0
K037,Metabetaeus lohena,Anchialine pool shrimp,Alpheidae,1,LC,FWS:LC,1,TRUE,rng_fws|K037,33.2
Q09U,Mezoneuron kavaiense,Uhiuhi,Fabaceae,1,EN,FWS:EN,100,FALSE,rng_fws|Q09U,5.3
J014,Microhexura montivaga,Spruce-fir moss spider,Dipluridae,1,EN,FWS:EN,100,FALSE,rng_fws|J014,0
S02A,Microlepia strigosa var. mauiensis,No common name,Dennstaedtiaceae,1,EN,FWS:EN,100,FALSE,rng_fws|S02A,4.9
A082,Microtus californicus scirpensis,Amargosa vole,Cricetidae,1,EN,FWS:EN,100,FALSE,rng_fws|A082,0
A0EU,Microtus mexicanus hualpaiensis,Hualapai Mexican vole,Cricetidae,1,LC,FWS:LC,1,FALSE,rng_fws|A0EU,0
A0ET,Microtus pennsylvanicus dukecampbelli,Florida salt marsh vole,Cricetidae,1,EN,FWS:EN,100,FALSE,rng_fws|A0ET,43.8
Q184,Mimulus jungermannioides,No common name,Scrophulariaceae,1,LC,FWS:LC,1,FALSE,rng_fws|Q184,0
Q2DN,Mimulus michiganensis,Michigan monkey-flower,Scrophulariaceae,1,EN,FWS:EN,100,FALSE,rng_fws|Q2DN,0
Q367,Mimulus shevockii,Kelso Creek monkey-flower,Scrophulariaceae,1,LC,FWS:LC,1,FALSE,rng_fws|Q367,0
Q18C,Minuartia godfreyi,Godfreys stitchwort,Caryophyllaceae,1,LC,FWS:LC,1,FALSE,rng_fws|Q18C,3.8
Q1ZF,Mirabilis macfarlanei,MacFarlane's four-o'clock,Nyctaginaceae,1,TN,FWS:TN,50,FALSE,rng_fws|Q1ZF,0
Q2DQ,Mitracarpus maxwelliae,No common name,Rubiaceae,1,EN,FWS:EN,100,FALSE,rng_fws|Q2DQ,40.8
Q2DR,Mitracarpus polycladus,No common name,Rubiaceae,1,TN,FWS:TN,50,FALSE,rng_fws|Q2DR,12.8
E002,Moapa coriacea,Moapa dace,Cyprinidae,1,EN,FWS:EN,100,FALSE,rng_fws|E002,0
G0E8,Monadenia chaceana,Siskiyou sideband,Bradybaenidae,1,LC,FWS:LC,1,FALSE,rng_fws|G0E8,0.6
G030,Monadenia fidelis minor,Dalles sideband,Helminthoglyptida,1,LC,FWS:LC,1,FALSE,rng_fws|G030,0
G0E9,Monadenia troglodytes ssp. wintu,Wintu sideband,Bradybaenidae,1,LC,FWS:LC,1,FALSE,rng_fws|G0E9,0
G033,Monadenia troglodytes troglodytes,Shasta sideband,Helminthoglyptida,1,LC,FWS:LC,1,FALSE,rng_fws|G033,0
B00V,Monarcha takatsukasae,Tinian Monarch (old world flycatcher),Corvidae,1,LC,FWS:LC,1,TRUE,rng_fws|B00V,31
Q18M,Monardella viminea,Willowy monardella,Lamiaceae,1,EN,FWS:EN,100,FALSE,rng_fws|Q18M,0.1
Q34W,Monolopia (=Lembertia) congdonii,San Joaquin wooly-threads,Asteraceae,1,EN,FWS:EN,100,FALSE,rng_fws|Q34W,0
E06O,Moxostoma robustum,Robust redhorse,Catostomidae,1,LC,FWS:LC,1,FALSE,rng_fws|E06O,0.3
E0AF,Moxostoma sp.,Sicklefin redhorse,Catostomidae,1,LC,FWS:LC,1,FALSE,rng_fws|E0AF,0
Q3NZ,Mucuna persericea,sea bean,Fabaceae,1,EN,FWS:EN,100,FALSE,rng_fws|Q3NZ,9.1
A004,Mustela nigripes,Black-footed ferret,Mustelidae,2,EN,FWS:EN,100,FALSE,rng_fws|A004,0
B00S,Myadestes palmeri,Puaiohi,Muscicapidae,1,EN,FWS:EN,100,FALSE,rng_fws|B00S,0
B06O,Mycteria americana,Wood stork,Ciconiidae,1,TN,FWS:TN,50,TRUE,rng_fws|B06O,2.5
A0H6,Myotis evotis,Long-eared myotis,Vespertilionidae,1,LC,FWS:LC,1,FALSE,rng_fws|A0H6,0
A04J,Myotis grisescens,Gray bat,Vespertilionidae,1,EN,FWS:EN,100,FALSE,rng_fws|A04J,0
A0JF,Myotis lucifugus,Little brown bat,Vespertilionidae,1,LC,FWS:LC,1,FALSE,rng_fws|A0JF,0.4
A0JE,Myotis septentrionalis,Northern Long-Eared Bat,Vespertilionidae,1,EN,FWS:EN,100,FALSE,rng_fws|A0JE,0.2
A000,Myotis sodalis,Indiana bat,Vespertilionidae,1,EN,FWS:EN,100,FALSE,rng_fws|A000,0
A0H7,Myotis thysanodes,Fringed myotis,Vespertilionidae,1,LC,FWS:LC,1,FALSE,rng_fws|A0H7,0
A0H9,Myotis volans,Long-legged myotis,Vespertilionidae,1,LC,FWS:LC,1,FALSE,rng_fws|A0H9,0
A0HA,Myotis yumanensis,Yuma myotis,Vespertilionidae,1,LC,FWS:LC,1,FALSE,rng_fws|A0HA,0
Q2Q6,Myrcia paganii,No common name,Myrtaceae,1,EN,FWS:EN,100,FALSE,rng_fws|Q2Q6,0
Q3HS,Myrsine fosbergii,Kolea,Myrsinaceae,1,EN,FWS:EN,100,FALSE,rng_fws|Q3HS,1.2
Q36D,Myrsine juddii,Kolea,Primulaceae,1,EN,FWS:EN,100,FALSE,rng_fws|Q36D,0
Q3N0,Myrsine knudsenii,Kolea,Primulaceae,1,EN,FWS:EN,100,FALSE,rng_fws|Q3N0,1.7
Q193,Myrsine linearifolia,Kolea,Primulaceae,1,TN,FWS:TN,50,FALSE,rng_fws|Q193,1.2
Q2E5,Myrsine mezii,Kolea,Primulaceae,1,EN,FWS:EN,100,FALSE,rng_fws|Q2E5,4.7
Q36E,Myrsine vaccinioides,Kolea,Primulaceae,1,EN,FWS:EN,100,FALSE,rng_fws|Q36E,0
B060,Myzomela cardinalis saffordi,Cardinal honey-eater,Melephagidae,1,LC,FWS:LC,1,TRUE,rng_fws|B060,4.6
Q36F,Najas filifolia,Needleleaf waternymph,Najadaceae,1,LC,FWS:LC,1,FALSE,rng_fws|Q36F,0
Q2E6,Narthecium americanum,Bog Asphodel,Liliaceae,1,LC,FWS:LC,1,FALSE,rng_fws|Q2E6,13.9
Q2E7,Navarretia fossalis,Spreading navarretia,Polemoniaceae,1,TN,FWS:TN,50,FALSE,rng_fws|Q2E7,1
Q19A,Navarretia leucocephala ssp. pauciflora (=N. pauciflora),Few-flowered navarretia,Polemoniaceae,1,EN,FWS:EN,100,FALSE,rng_fws|Q19A,0
Q19B,Navarretia leucocephala ssp. plieantha,Many-flowered navarretia,Polemoniaceae,1,EN,FWS:EN,100,FALSE,rng_fws|Q19B,0
D030,Necturus alabamensis,Black warrior (=Sipsey Fork) Waterdog,Proteidae,1,EN,FWS:EN,100,FALSE,rng_fws|D030,0
D00O,Necturus lewisi,Neuse River waterdog,Proteidae,1,TN,FWS:TN,50,FALSE,rng_fws|D00O,0
I0MZ,Neonympha mitchellii francisci,Saint Francis' satyr butterfly,Nymphalidae,1,EN,FWS:EN,100,FALSE,rng_fws|I0MZ,0
I00K,Neonympha mitchellii mitchellii,Mitchell's satyr Butterfly,Nymphalidae,1,EN,FWS:EN,100,FALSE,rng_fws|I00K,0
C03V,Neoseps reynoldsi,Sand skink,Scincidae,1,TN,FWS:TN,50,FALSE,rng_fws|C03V,0
Q19I,Neostapfia colusana,Colusa grass,Poaceae,1,TN,FWS:TN,50,FALSE,rng_fws|Q19I,0
A087,Neotoma floridana smalli,Key Largo woodrat,Cricetidae,1,EN,FWS:EN,100,FALSE,rng_fws|A087,33.7
A0FC,Neotoma fuscipes riparia,Riparian woodrat (=San Joaquin Valley),Muridae,1,EN,FWS:EN,100,FALSE,rng_fws|A0FC,0
A0FB,Neotoma magister,Alleghany woodrat,Muridae,1,LC,FWS:LC,1,FALSE,rng_fws|A0FB,0
Q1ZH,Neraudia angulata,No common name,Urticaceae,1,EN,FWS:EN,100,FALSE,rng_fws|Q1ZH,1.4
Q19L,Neraudia ovata,No common name,Urticaceae,1,EN,FWS:EN,100,FALSE,rng_fws|Q19L,1.7
Q1ZI,Neraudia sericea,No common name,Urticaceae,1,EN,FWS:EN,100,FALSE,rng_fws|Q1ZI,0.7
C01T,Nerodia clarkii taeniata,Atlantic salt marsh snake,Colubridae,1,TN,FWS:TN,50,FALSE,rng_fws|C01T,25.6
C03X,Nerodia erythrogaster neglecta,Copperbelly water snake,Colubridae,1,TN,FWS:TN,50,FALSE,rng_fws|C03X,0
C04E,Nerodia paucimaculata,Concho water snake,Colubridae,1,LC,FWS:LC,1,FALSE,rng_fws|C04E,0
C04P,Nerodia sipedon insularum,Lake Erie water snake,Colubridae,1,LC,FWS:LC,1,FALSE,rng_fws|C04P,0
Q3P2,Nervilia jacksoniae,No common name,Orchidaceae,1,TN,FWS:TN,50,FALSE,rng_fws|Q3P2,25.7
Q3GY,Nesogenes rotensis,No common name,Verbenaceae,1,EN,FWS:EN,100,FALSE,rng_fws|Q3GY,33.1
J046,Nesticus carolinensis,Linville Caverns Spider,Nesticidae,1,LC,FWS:LC,1,FALSE,rng_fws|J046,0
J00V,Nesticus cooperi,Lost Nantahala Cave spider,Nesticidae,1,LC,FWS:LC,1,FALSE,rng_fws|J00V,0
Q3SU,Neviusia cliftonii,Shasta snow-wreath,Rosaceae,1,LC,FWS:LC,1,FALSE,rng_fws|Q3SU,0
G09U,Newcombia cumingi,Newcomb's Tree snail,Achatinellidae,1,EN,FWS:EN,100,FALSE,rng_fws|G09U,0
I028,Nicrophorus americanus,American burying beetle,Silphidae,2,EN,FWS:EN,100,FALSE,rng_fws|I028,0
Q2E8,Nitrophila mohavensis,Amargosa niterwort,Chenopodiaceae,1,EN,FWS:EN,100,FALSE,rng_fws|Q2E8,0
Q2E9,Nolina brittoniana,Britton's beargrass,Agavaceae,1,EN,FWS:EN,100,FALSE,rng_fws|Q2E9,0
Q1ZJ,Nothocestrum breviflorum,`Aiea,Solanaceae,1,EN,FWS:EN,100,FALSE,rng_fws|Q1ZJ,1.4
Q19R,Nothocestrum latifolium,`Aiea,Solanaceae,1,EN,FWS:EN,100,FALSE,rng_fws|Q19R,8.1
Q1ZK,Nothocestrum peltatum,`Aiea,Solanaceae,1,EN,FWS:EN,100,FALSE,rng_fws|Q1ZK,2
D02P,Notophthalmus perstriatus,Striped newt,Salamandridae,1,LC,FWS:LC,1,FALSE,rng_fws|D02P,1.4
Q1ZL,Nototrichium humile,Kulu`i,Amaranthaceae,1,EN,FWS:EN,100,FALSE,rng_fws|Q1ZL,7.8
E04E,Notropis albizonatus,Palezone shiner,Cyprinidae,1,EN,FWS:EN,100,FALSE,rng_fws|E04E,0
E0CR,Notropis ariommus,Popeye shiner,Cyprinidae,1,LC,FWS:LC,1,FALSE,rng_fws|E0CR,0
E05Z,Notropis buccula,Smalleye Shiner,Cyprinidae,1,EN,FWS:EN,100,FALSE,rng_fws|E05Z,0
E04C,Notropis cahabae,Cahaba shiner,Cyprinidae,1,EN,FWS:EN,100,FALSE,rng_fws|E04C,0
E05X,Notropis girardi,Arkansas River shiner,Cyprinidae,1,TN,FWS:TN,50,FALSE,rng_fws|E05X,0
E01N,Notropis mekistocholas,Cape Fear shiner,Cyprinidae,1,EN,FWS:EN,100,FALSE,rng_fws|E01N,0
E04K,Notropis oxyrhynchus,Sharpnose Shiner,Cyprinidae,1,EN,FWS:EN,100,FALSE,rng_fws|E04K,0
E04F,Notropis simus pecosensis,Pecos bluntnose shiner,Cyprinidae,1,TN,FWS:TN,50,FALSE,rng_fws|E04F,0
E07R,Notropis topeka (=tristis),Topeka shiner,Cyprinidae,2,EN,FWS:EN,100,FALSE,rng_fws|E07R,0
E02C,Noturus baileyi,Smoky madtom,Ictaluridae,2,EN,FWS:EN,100,FALSE,rng_fws|E02C,0
E07F,Noturus crypticus,Chucky Madtom,Ictaluridae,1,EN,FWS:EN,100,FALSE,rng_fws|E07F,0
E01Y,Noturus flavipinnis,Yellowfin madtom,Ictaluridae,4,EN,FWS:EN,100,FALSE,rng_fws|E01Y,0
E03R,Noturus furiosus,Carolina madtom,Ictaluridae,1,EN,FWS:EN,100,FALSE,rng_fws|E03R,0
E01J,Noturus gilberti,Orangefin madtom,Ictaluridae,1,LC,FWS:LC,1,FALSE,rng_fws|E01J,0
E01I,Noturus munitus,Frecklebelly madtom,Ictaluridae,1,TN,FWS:TN,50,FALSE,rng_fws|E01I,0
E03S,Noturus placidus,Neosho madtom,Ictaluridae,1,TN,FWS:TN,50,FALSE,rng_fws|E03S,0
E03T,Noturus stanauli,Pygmy madtom,Ictaluridae,1,EN,FWS:EN,100,FALSE,rng_fws|E03T,0
G00P,Novisuccinea chittenangoensis,Chittenango ovate amber snail,Succineidae,1,TN,FWS:TN,50,FALSE,rng_fws|G00P,0
B01A,Numenius borealis,Eskimo curlew,Scolopacidae,1,EN,FWS:EN,100,TRUE,rng_fws|B01A,5.1
B08F,Numenius tahitiensis,Bristle-thighed Curlew,Scolopacidae,1,LC,FWS:LC,1,TRUE,rng_fws|B08F,25.4
Q3PG,Nuphar lutea ssp. sagittifolia,Yellow Pond lily,Nymphaeaceae,1,LC,FWS:LC,1,FALSE,rng_fws|Q3PG,6.3
A0GR,Nyctinomops macrotis,Big free-tailed bat,Molossidae,1,LC,FWS:LC,1,FALSE,rng_fws|A0GR,0
I0RH,Nysius wekiuicola,Wekiu bug,Lygaeidae,1,LC,FWS:LC,1,FALSE,rng_fws|I0RH,20.7
I0W1,Oarisma poweshiek,Poweshiek skipperling,Hesperiidae,1,EN,FWS:EN,100,FALSE,rng_fws|I0W1,0
F07M,Obovaria cf. unicolor,No common name,Unionidae,1,TN,FWS:TN,50,FALSE,rng_fws|F07M,0
F01B,Obovaria choctawensis,Choctaw bean,Unionidae,1,EN,FWS:EN,100,FALSE,rng_fws|F01B,0
F00S,Obovaria retusa,Ring Pink,Unionidae,2,EN,FWS:EN,100,FALSE,rng_fws|F00S,0
F04X,Obovaria subrotunda,Round hickorynut,Unionidae,1,TN,FWS:TN,50,FALSE,rng_fws|F04X,0
F04Y,Obovaria unicolor,Alabama hickorynut,Unionidae,1,EN,FWS:EN,100,FALSE,rng_fws|F04Y,0
A0J6,Ochotona princeps,American pika,Ochotonidae,1,LC,FWS:LC,1,FALSE,rng_fws|A0J6,0
Q3ES,Ochrosia haleakalae,Holei,Apocynaceae,1,EN,FWS:EN,100,FALSE,rng_fws|Q3ES,1.2
Q2UX,Ochrosia kilaueaensis,Holei,Apocynaceae,1,EN,FWS:EN,100,FALSE,rng_fws|Q2UX,0.9
A0J8,Odobenus rosmarus ssp. divergens,Pacific walrus,Odobenidae,1,LC,FWS:LC,1,FALSE,rng_fws|A0J8,98.7
A003,Odocoileus virginianus clavium,Key deer,Cervidae,1,EN,FWS:EN,100,FALSE,rng_fws|A003,92.9
A002,Odocoileus virginianus leucurus,Columbian white-tailed deer,Cervidae,1,TN,FWS:TN,50,FALSE,rng_fws|A002,1.7
I040,Oecetis parva,Little oecetis longhorn caddisfly,Leptoceridae,1,LC,FWS:LC,1,FALSE,rng_fws|I040,0
Q1ZM,Oenothera avita ssp. eurekensis,Eureka Valley evening-primrose,Onagraceae,1,LC,FWS:LC,1,FALSE,rng_fws|Q1ZM,0
Q1ZN,Oenothera deltoides ssp. howellii,Antioch Dunes evening-primrose,Onagraceae,1,EN,FWS:EN,100,FALSE,rng_fws|Q1ZN,0
E01Z,Oncorhynchus aguabonita whitei,Little Kern golden Trout,Salmonidae,1,TN,FWS:TN,50,FALSE,rng_fws|E01Z,0
E00D,Oncorhynchus apache,Apache trout,Salmonidae,1,LC,FWS:LC,1,FALSE,rng_fws|E00D,0
E08C,Oncorhynchus clarkii clarkii,Coastal cutthroat Trout,Salmonidae,1,LC,FWS:LC,1,TRUE,rng_fws|E08C,7.6
E00Y,Oncorhynchus clarkii henshawi,Lahontan cutthroat trout,Salmonidae,1,TN,FWS:TN,50,FALSE,rng_fws|E00Y,0
E00G,Oncorhynchus clarkii seleniris,Paiute cutthroat trout,Salmonidae,1,TN,FWS:TN,50,FALSE,rng_fws|E00G,0
E00F,Oncorhynchus clarkii stomias,Greenback Cutthroat trout,Salmonidae,1,TN,FWS:TN,50,FALSE,rng_fws|E00F,0
E05D,Oncorhynchus clarkii virginalis,Rio Grande cutthroat trout,Salmonidae,1,LC,FWS:LC,1,FALSE,rng_fws|E05D,0
E00E,Oncorhynchus gilae,Gila trout,Salmonidae,1,TN,FWS:TN,50,FALSE,rng_fws|E00E,0
I0WU,Ophiogomphus australis,Southern snaketail,Gomphidae,1,LC,FWS:LC,1,FALSE,rng_fws|I0WU,2.3
I0DU,Ophiogomphus edmundo,Edmund's snaketail,Gomphidae,1,LC,FWS:LC,1,FALSE,rng_fws|I0DU,0
Q2YG,Opuntia treleasei,Bakersfield cactus,Cactaceae,1,EN,FWS:EN,100,FALSE,rng_fws|Q2YG,0
K01S,Orconectes shoupi,Nashville crayfish,Cambaridae,1,EN,FWS:EN,100,FALSE,rng_fws|K01S,0
Q1ZO,Orcuttia californica,California Orcutt grass,Poaceae,1,EN,FWS:EN,100,FALSE,rng_fws|Q1ZO,1.2
Q1ZP,Orcuttia inaequalis,San Joaquin Valley Orcutt grass,Poaceae,1,TN,FWS:TN,50,FALSE,rng_fws|Q1ZP,0
Q1AY,Orcuttia pilosa,Hairy Orcutt grass,Poaceae,1,EN,FWS:EN,100,FALSE,rng_fws|Q1AY,0
Q1AZ,Orcuttia tenuis,Slender Orcutt grass,Poaceae,1,TN,FWS:TN,50,FALSE,rng_fws|Q1AZ,0
Q1ZQ,Orcuttia viscida,Sacramento Orcutt grass,Poaceae,1,EN,FWS:EN,100,FALSE,rng_fws|Q1ZQ,0
E06Z,Oregonichthys crameri,Oregon chub,Cyprinidae,1,LC,FWS:LC,1,FALSE,rng_fws|E06Z,0
B0AI,Oreomystis bairdi,Akikiki,Fringillidae,1,EN,FWS:EN,100,FALSE,rng_fws|B0AI,0
G00Y,Orthalicus reses (not incl. nesodryas),Stock Island tree snail,Bulimulidae,1,TN,FWS:TN,50,FALSE,rng_fws|G00Y,52
A083,Oryzomys palustris natator,Silver rice rat,Muridae,1,EN,FWS:EN,100,FALSE,rng_fws|A083,88.6
Q3GZ,Osmoxylon mariannense,No common name,Araliaceae,1,EN,FWS:EN,100,FALSE,rng_fws|Q3GZ,31.7
G0A5,Ostodes strigatus,Snail [no common name],Potaridae,1,EN,FWS:EN,100,FALSE,rng_fws|G0A5,44.2
Q2EK,Ottoschulzia rhodoxylon,Palo de rosa,Icacinaceae,1,TN,FWS:TN,50,FALSE,rng_fws|Q2EK,4.4
A0DR,Ovis canadensis nelsoni,Peninsular bighorn sheep,Bovidae,1,EN,FWS:EN,100,FALSE,rng_fws|A0DR,0
A0DS,Ovis canadensis sierrae,Sierra Nevada bighorn sheep,Bovidae,1,EN,FWS:EN,100,FALSE,rng_fws|A0DS,0
G01M,Oxyloma haydeni kanabensis,Kanab ambersnail,Succineidae,1,LC,FWS:LC,1,FALSE,rng_fws|G01M,0
Q2EL,Oxypolis canbyi,Canby's dropwort,Apiaceae,1,EN,FWS:EN,100,FALSE,rng_fws|Q2EL,2.5
Q36L,Oxytheca parishii var. goodmaniana,Cushenbury oxytheca,Polygonaceae,1,EN,FWS:EN,100,FALSE,rng_fws|Q36L,0
Q2EM,Oxytropis campestris var. chartacea,Fassett's locoweed,Fabaceae,1,TN,FWS:TN,50,FALSE,rng_fws|Q2EM,0
K01U,Pacifastacus fortis,Shasta crayfish,Cambaridae,1,EN,FWS:EN,100,FALSE,rng_fws|K01U,0
Q21L,Packera franciscana,San Francisco Peaks ragwort,Asteraceae,1,TN,FWS:TN,50,FALSE,rng_fws|Q21L,0
Q1O4,Packera millefolia,Piedmont ragwort,Asteraceae,1,LC,FWS:LC,1,FALSE,rng_fws|Q1O4,0
K03A,Palaemonella burnsi,Anchialine pool shrimp,Palaemonidae,1,LC,FWS:LC,1,TRUE,rng_fws|K03A,31.1
K02F,Palaemonetes cummingi,Squirrel Chimney Cave shrimp,Palaemonidae,1,TN,FWS:TN,50,FALSE,rng_fws|K02F,0
K01V,Palaemonias alabamae,Alabama cave shrimp,Atyidae,1,EN,FWS:EN,100,FALSE,rng_fws|K01V,0
K01X,Palaemonias ganteri,Kentucky cave shrimp,Atyidae,1,EN,FWS:EN,100,FALSE,rng_fws|K01X,0
B00E,Palmeria dolei,`Akohekohe (crested honeycreeper),Drepanidinae,1,EN,FWS:EN,100,FALSE,rng_fws|B00E,0
Q1ZR,Panicum fauriei var. carteri,Carter's panicgrass,Poaceae,1,EN,FWS:EN,100,FALSE,rng_fws|Q1ZR,16.3
Q1BJ,Panicum niihauense,Lau `ehu,Poaceae,1,EN,FWS:EN,100,FALSE,rng_fws|Q1BJ,22
A040,Panthera onca,Jaguar,Felidae,1,EN,FWS:EN,100,FALSE,rng_fws|A040,0
I0LJ,Papaipema eryngii,Rattlesnake-master borer moth,Noctuidae,1,LC,FWS:LC,1,FALSE,rng_fws|I0LJ,0.4
G08U,Paravitrea ternaria,Sculpted supercoil,Zonitidae,1,LC,FWS:LC,1,FALSE,rng_fws|G08U,0
Q1ZV,Paronychia chartacea,Papery whitlow-wort,Caryophyllaceae,1,TN,FWS:TN,50,FALSE,rng_fws|Q1ZV,0
Q1BR,Paronychia congesta,Bushy whitlow-wort,Caryophyllaceae,1,EN,FWS:EN,100,FALSE,rng_fws|Q1BR,0
G0AC,Partula gibba,Humped tree snail,Partulidae,1,EN,FWS:EN,100,FALSE,rng_fws|G0AC,22
G0AI,Partula langfordi,Langford's tree snail,Partulidae,1,EN,FWS:EN,100,FALSE,rng_fws|G0AI,100
G0A8,Partula radiolata,Guam tree snail,Partulidae,1,EN,FWS:EN,100,FALSE,rng_fws|G0A8,16.5
G0AG,Partulina semicarinata,Lanai tree snail,Achatinellidae,1,EN,FWS:EN,100,FALSE,rng_fws|G0AG,0
G0AH,Partulina variabilis,Lanai tree snail,Achatinellidae,1,EN,FWS:EN,100,FALSE,rng_fws|G0AH,0
F025,Parvaspina collina,James spinymussel,Unionidae,1,EN,FWS:EN,100,FALSE,rng_fws|F025,0
F015,Parvaspina steinstansana,Tar River spinymussel,Unionidae,1,EN,FWS:EN,100,FALSE,rng_fws|F015,0
Q1C2,Parvisedum leiocarpum,Lake County stonecrop,Crassulaceae,1,EN,FWS:EN,100,FALSE,rng_fws|Q1C2,0
B049,Patagioenas inornata wetmorei,Puerto Rican plain Pigeon,Columbidae,1,EN,FWS:EN,100,FALSE,rng_fws|B049,0
Q2V5,Paxistima canbyi,No common name,Celastraceae,1,LC,FWS:LC,1,FALSE,rng_fws|Q2V5,0
Q2Q9,Pectis imberbis,beardless chinchweed,Asteraceae,1,EN,FWS:EN,100,FALSE,rng_fws|Q2Q9,0
Q1ZW,Pedicularis furbishiae,Furbish lousewort,Scrophulariaceae,1,TN,FWS:TN,50,FALSE,rng_fws|Q1ZW,0
Q200,"Pediocactus (=Echinocactus,=Utahia) sileri",Siler pincushion cactus,Cactaceae,1,TN,FWS:TN,50,FALSE,rng_fws|Q200,0
Q1ZX,Pediocactus bradyi,Brady pincushion cactus,Cactaceae,1,EN,FWS:EN,100,FALSE,rng_fws|Q1ZX,0
Q2QA,Pediocactus despainii,San Rafael cactus,Cactaceae,1,EN,FWS:EN,100,FALSE,rng_fws|Q2QA,0
Q1ZY,Pediocactus knowltonii,Knowlton's cactus,Cactaceae,1,EN,FWS:EN,100,FALSE,rng_fws|Q1ZY,0
Q1C8,Pediocactus paradinei,Kaibab plains cactus,Cactaceae,1,LC,FWS:LC,1,FALSE,rng_fws|Q1C8,0
Q1C9,Pediocactus peeblesianus ssp. fickeiseniae,Fickeisen plains cactus,Cactaceae,1,EN,FWS:EN,100,FALSE,rng_fws|Q1C9,0
Q1ZZ,Pediocactus peeblesianus ssp. peeblesianus,Peebles Navajo cactus,Cactaceae,1,EN,FWS:EN,100,FALSE,rng_fws|Q1ZZ,0
Q2QB,Pediocactus winkleri,Winkler cactus,Cactaceae,1,TN,FWS:TN,50,FALSE,rng_fws|Q2QB,0
F00L,Pegias fabula,Littlewing pearlymussel,Unionidae,1,EN,FWS:EN,100,FALSE,rng_fws|F00L,0
A0HS,Pekania pennanti,Fisher,Mustelidae,2,EN,FWS:EN,100,FALSE,rng_fws|A0HS,0.4
B02L,Pelecanus occidentalis,Brown Pelican,Pelicanidae,1,LC,FWS:LC,1,TRUE,rng_fws|B02L,11.7
D00M,Peltophryne lemur,Puerto Rican crested toad,Bufonidae,1,TN,FWS:TN,50,FALSE,rng_fws|D00M,4.3
Q36W,Penstemon debilis,Parachute beardtongue,Plantaginaceae,1,TN,FWS:TN,50,FALSE,rng_fws|Q36W,0
Q1DI,Penstemon grahamii,Graham beardtongue,Scrophulariaceae,1,LC,FWS:LC,1,FALSE,rng_fws|Q1DI,0
Q2EX,Penstemon haydenii,Blowout penstemon,Scrophulariaceae,1,EN,FWS:EN,100,FALSE,rng_fws|Q2EX,0
Q2YC,Penstemon penlandii,Penland beardtongue,Scrophulariaceae,1,EN,FWS:EN,100,FALSE,rng_fws|Q2YC,0
Q2QI,Penstemon scariosus albifluvis,White River beardtongue,Scrophulariaceae,1,LC,FWS:LC,1,FALSE,rng_fws|Q2QI,0
Q2F3,Pentachaeta bellidiflora,White-rayed pentachaeta,Asteraceae,1,EN,FWS:EN,100,FALSE,rng_fws|Q2F3,11.1
Q1EA,Pentachaeta lyonii,Lyon's pentachaeta,Asteraceae,1,EN,FWS:EN,100,FALSE,rng_fws|Q1EA,3.3
Q201,Peperomia subpetiolata,`Ala `ala wai nui,Piperaceae,1,EN,FWS:EN,100,FALSE,rng_fws|Q201,0
Q2F6,Peperomia wheeleri,Wheeler's peperomia,Piperaceae,1,EN,FWS:EN,100,FALSE,rng_fws|Q2F6,8.6
E05F,Percina antesella,Amber darter,Percidae,1,EN,FWS:EN,100,FALSE,rng_fws|E05F,0
E05S,Percina aurolineata,Goldline darter,Percidae,1,TN,FWS:TN,50,FALSE,rng_fws|E05S,0
E07A,Percina aurora,Pearl darter,Percidae,1,TN,FWS:TN,50,FALSE,rng_fws|E07A,0
E0D0,Percina brevicauda,Coal darter,Percidae,1,TN,FWS:TN,50,FALSE,rng_fws|E0D0,0
E0AY,Percina burtoni,Blotchside Logperch,Percidae,1,LC,FWS:LC,1,FALSE,rng_fws|E0AY,0
E079,Percina crypta,Halloween darter,Percidae,1,LC,FWS:LC,1,FALSE,rng_fws|E079,0
E05H,Percina jenkinsi,Conasauga logperch,Percidae,1,EN,FWS:EN,100,FALSE,rng_fws|E05H,0
E0CV,Percina kusha,Bridled darter,Percidae,1,LC,FWS:LC,1,FALSE,rng_fws|E0CV,0
E016,Percina lenticula,Freckled darter,Percidae,1,LC,FWS:LC,1,FALSE,rng_fws|E016,0
E017,Percina pantherina,Leopard darter,Percidae,1,TN,FWS:TN,50,FALSE,rng_fws|E017,0
E01G,Percina rex,Roanoke logperch,Percidae,1,EN,FWS:EN,100,FALSE,rng_fws|E01G,0
E06I,Percina squamata,Olive darter,Percidae,1,LC,FWS:LC,1,FALSE,rng_fws|E06I,0
E010,Percina tanasi,Snail darter,Percidae,1,LC,FWS:LC,1,FALSE,rng_fws|E010,0
E0CX,Percina williamsi,Sickle darter,Percidae,1,TN,FWS:TN,50,FALSE,rng_fws|E0CX,0
I0YZ,Perdita meconis,Mojave poppy bee,Andrenidae,1,LC,FWS:LC,1,FALSE,rng_fws|I0YZ,0
A0L8,Perimyotis subflavus,Tricolored bat,Vespertilionidae,1,EN,FWS:EN,100,FALSE,rng_fws|A0L8,0.5
A0BY,Perognathus longimembris pacificus,Pacific pocket mouse,Heteromyidae,1,EN,FWS:EN,100,FALSE,rng_fws|A0BY,2.9
A086,Peromyscus gossypinus allapaticola,Key Largo cotton mouse,Muridae,1,EN,FWS:EN,100,FALSE,rng_fws|A086,33.7
A08B,Peromyscus polionotus allophrys,Choctawhatchee beach mouse,Muridae,1,EN,FWS:EN,100,FALSE,rng_fws|A08B,67.7
A08Y,Peromyscus polionotus ammobates,Alabama beach mouse,Muridae,1,EN,FWS:EN,100,FALSE,rng_fws|A08Y,92.9
A0C9,Peromyscus polionotus niveiventris,Southeastern beach mouse,Muridae,1,TN,FWS:TN,50,FALSE,rng_fws|A0C9,9.3
A0CB,Peromyscus polionotus peninsularis,St. Andrew beach mouse,Muridae,1,EN,FWS:EN,100,FALSE,rng_fws|A0CB,60.8
A0BM,Peromyscus polionotus phasma,Anastasia Island beach mouse,Muridae,1,EN,FWS:EN,100,FALSE,rng_fws|A0BM,29.2
A08C,Peromyscus polionotus trissyllepsis,Perdido Key beach mouse,Muridae,1,EN,FWS:EN,100,FALSE,rng_fws|A08C,58.9
Q1FF,Petrophytum cinerascens,Chelan rockmat,Rosaceae,1,LC,FWS:LC,1,FALSE,rng_fws|Q1FF,0
B07F,Peucaea aestivalis,Bachman's Sparrow,Emberizidae,1,LC,FWS:LC,1,FALSE,rng_fws|B07F,0
Q202,Peucedanum sandwicense,Makou,Apiaceae,1,TN,FWS:TN,50,FALSE,rng_fws|Q202,11
Q203,Phacelia argillacea,Clay phacelia,Hydrophyllaceae,1,EN,FWS:EN,100,FALSE,rng_fws|Q203,0
Q204,Phacelia formosula,North Park phacelia,Hydrophyllaceae,1,EN,FWS:EN,100,FALSE,rng_fws|Q204,0
Q1FV,Phacelia insularis ssp. insularis,Island phacelia,Hydrophyllaceae,1,EN,FWS:EN,100,FALSE,rng_fws|Q1FV,60
Q1FW,Phacelia lenta,Sticky phacelia,Hydrophyllaceae,1,LC,FWS:LC,1,FALSE,rng_fws|Q1FW,0
Q3IO,Phacelia stellaris,Brand's phacelia,Hydrophyllacea,1,LC,FWS:LC,1,FALSE,rng_fws|Q3IO,1.6
Q1G6,Phacelia submutica,DeBeque phacelia,Hydrophyllaceae,1,TN,FWS:TN,50,FALSE,rng_fws|Q1G6,0
D00C,Phaeognathus hubrichti,Red Hills salamander,Plethodontidae,1,TN,FWS:TN,50,FALSE,rng_fws|D00C,0
E03W,Phenacobius teretulus,Kanawha minnow,Cyprinidae,1,LC,FWS:LC,1,FALSE,rng_fws|E03W,0
I0VU,Philotiella leona,Leona's little blue butterfly,Lycaenidae,1,LC,FWS:LC,1,FALSE,rng_fws|I0VU,0
S01K,Phlegmariurus mannii,Wawae`iole,Lycopodiaceae,1,EN,FWS:EN,100,FALSE,rng_fws|S01K,0
S01L,Phlegmariurus nutans,Wawae`iole,Lycopodiaceae,1,EN,FWS:EN,100,FALSE,rng_fws|S01L,0.3
S02B,Phlegmariurus stemmermanniae,No common name,Lycopodiaceae,1,EN,FWS:EN,100,FALSE,rng_fws|S02B,0
Q1GG,Phlox hirsuta,Yreka phlox,Polemoniaceae,1,EN,FWS:EN,100,FALSE,rng_fws|Q1GG,0
Q205,Phlox nivalis ssp. texensis,Texas trailing phlox,Polemoniaceae,1,EN,FWS:EN,100,FALSE,rng_fws|Q205,0
B00Y,Phoebastria (=Diomedea) albatrus,Short-tailed albatross,Diomedeidae,1,EN,FWS:EN,100,TRUE,rng_fws|B00Y,99.6
I0Z1,Photuris bethaniensis,Bethany Beach firefly,Lampyridae,1,TN,FWS:TN,50,FALSE,rng_fws|I0Z1,18.1
E05I,Phoxinus cumberlandensis,Blackside dace,Cyprinidae,1,TN,FWS:TN,50,FALSE,rng_fws|E05I,0
C04Z,Phrynosoma cornutum,Texas horned lizard,Iguanidae,1,LC,FWS:LC,1,FALSE,rng_fws|C04Z,0
C05S,Phrynosoma douglassii brevirostra,Eastern short-horned lizard,Iguanidae,1,LC,FWS:LC,1,FALSE,rng_fws|C05S,0
C03K,Phrynosoma mcallii,Flat-tailed horned lizard,Iguanidae,1,LC,FWS:LC,1,FALSE,rng_fws|C03K,0
I0VY,Phyciodes batesii maconensis,Southern tawny crescent,Nymphalidae,1,LC,FWS:LC,1,FALSE,rng_fws|I0VY,0
I0NA,Phyciodes cocyta arenacolor,Steptoe Valley crescentspot,Nymphalidae,1,LC,FWS:LC,1,FALSE,rng_fws|I0NA,0
Q3OZ,Phyllanthus saffordii,No common name,Phyllanthaceae,1,EN,FWS:EN,100,FALSE,rng_fws|Q3OZ,3.3
Q37F,Phyllostegia bracteata,No common name,Lamiaceae,1,EN,FWS:EN,100,FALSE,rng_fws|Q37F,0.1
Q2VD,Phyllostegia brevidens,No common name,Lamiaceae,1,EN,FWS:EN,100,FALSE,rng_fws|Q2VD,0
Q1GZ,Phyllostegia floribunda,No common name,Lamiaceae,1,EN,FWS:EN,100,FALSE,rng_fws|Q1GZ,0
Q206,Phyllostegia glabra var. lanaiensis,No common name,Lamiaceae,1,EN,FWS:EN,100,FALSE,rng_fws|Q206,0
Q3O0,Phyllostegia haliakalae,No common name,Lamiaceae,1,EN,FWS:EN,100,FALSE,rng_fws|Q3O0,2
Q2FX,Phyllostegia helleri,No common name,Lamiaceae,1,EN,FWS:EN,100,FALSE,rng_fws|Q2FX,0.2
Q1H1,Phyllostegia hirsuta,No common name,Lamiaceae,1,EN,FWS:EN,100,FALSE,rng_fws|Q1H1,0.1
Q3H5,Phyllostegia hispida,No common name,Lamiaceae,1,EN,FWS:EN,100,FALSE,rng_fws|Q3H5,13.3
Q3GS,Phyllostegia kaalaensis,No common name,Lamiaceae,1,EN,FWS:EN,100,FALSE,rng_fws|Q3GS,0
Q1H2,Phyllostegia knudsenii,No common name,Lamiaceae,1,EN,FWS:EN,100,FALSE,rng_fws|Q1H2,5
Q3AE,Phyllostegia mannii,No common name,Lamiaceae,1,EN,FWS:EN,100,FALSE,rng_fws|Q3AE,0.6
Q2FT,Phyllostegia mollis,No common name,Lamiaceae,1,EN,FWS:EN,100,FALSE,rng_fws|Q2FT,0.1
Q1H5,Phyllostegia parviflora,No common name,Lamiaceae,1,EN,FWS:EN,100,FALSE,rng_fws|Q1H5,0
Q3O1,Phyllostegia pilosa,No common name,Lamiaceae,1,EN,FWS:EN,100,FALSE,rng_fws|Q3O1,1.3
Q37A,Phyllostegia racemosa,Kiponapona,Lamiaceae,1,EN,FWS:EN,100,FALSE,rng_fws|Q37A,0
Q3N1,Phyllostegia renovans,No common name,Lamiaceae,1,EN,FWS:EN,100,FALSE,rng_fws|Q3N1,0.2
Q2FV,Phyllostegia stachyoides,No common name,Lamiaceae,1,EN,FWS:EN,100,FALSE,rng_fws|Q2FV,0.2
Q37B,Phyllostegia velutina,No common name,Lamiaceae,1,EN,FWS:EN,100,FALSE,rng_fws|Q37B,0
Q378,Phyllostegia waimeae,No common name,Lamiaceae,1,EN,FWS:EN,100,FALSE,rng_fws|Q378,2.4
Q37C,Phyllostegia warshaueri,No common name,Lamiaceae,1,EN,FWS:EN,100,FALSE,rng_fws|Q37C,0
Q37E,Phyllostegia wawrana,No common name,Lamiaceae,1,EN,FWS:EN,100,FALSE,rng_fws|Q37E,1.1
Q1H9,Physaria bellii,Bell's Twinpod,Brassicaceae,1,LC,FWS:LC,1,FALSE,rng_fws|Q1H9,0
Q3HR,Physaria douglasii ssp. tuplashensis,White Bluffs bladderpod,Brassicaceae,1,TN,FWS:TN,50,FALSE,rng_fws|Q3HR,0
Q2CC,Physaria filiformis,Missouri bladderpod,Brassicaceae,1,TN,FWS:TN,50,FALSE,rng_fws|Q2CC,0
Q139,Physaria globosa,Short's bladderpod,Brassicaceae,1,EN,FWS:EN,100,FALSE,rng_fws|Q139,0
Q2VH,Physaria obcordata,Dudley Bluffs twinpod,Brassicaceae,1,TN,FWS:TN,50,FALSE,rng_fws|Q2VH,0
Q2PE,Physaria pallida,White bladderpod,Brassicaceae,1,EN,FWS:EN,100,FALSE,rng_fws|Q2PE,0
Q13L,Physaria thamnophila,Zapata bladderpod,Brassicaceae,1,EN,FWS:EN,100,FALSE,rng_fws|Q13L,0
G01L,Physella natricina,Snake River physa snail,Physidae,1,EN,FWS:EN,100,FALSE,rng_fws|G01L,0
Q208,Pilosocereus robinii,Key tree cactus,Cactaceae,1,EN,FWS:EN,100,FALSE,rng_fws|Q208,73.3
Q2G0,Pinguicula ionantha,Godfrey's butterwort,Lentibulariaceae,1,TN,FWS:TN,50,FALSE,rng_fws|Q2G0,21
R00E,Pinus albicaulis,Whitebark pine,Pinaceae,1,TN,FWS:TN,50,FALSE,rng_fws|R00E,0
Q3FA,Piperia yadonii,Yadon's piperia,Orchidaceae,1,EN,FWS:EN,100,FALSE,rng_fws|Q3FA,3.4
A0JG,Pipistrellus subflavus,Eastern pipistrelle,Vespertilionidae,1,LC,FWS:LC,1,FALSE,rng_fws|A0JG,2.1
Q1HO,Pittosporum cauliflorum pedicellatum,No common name,Pittosporaceae,1,LC,FWS:LC,1,FALSE,rng_fws|Q1HO,1.5
Q2G8,Pittosporum halophilum,Hoawa,Pittosporaceae,1,EN,FWS:EN,100,FALSE,rng_fws|Q2G8,94.2
Q2G9,Pittosporum hawaiiense,Hoawa,Pittosporaceae,1,EN,FWS:EN,100,FALSE,rng_fws|Q2G9,0
Q37I,Pittosporum napaliense,Ho`awa,Pittosporaceae,1,EN,FWS:EN,100,FALSE,rng_fws|Q37I,5.5
C029,Pituophis melanoleucus lodingi,Black pinesnake,Colubridae,1,TN,FWS:TN,50,FALSE,rng_fws|C029,0.2
C03Z,Pituophis melanoleucus mugitus,Florida pinesnake,Colubridae,1,LC,FWS:LC,1,FALSE,rng_fws|C03Z,2.2
C02C,Pituophis ruthveni,Louisiana pinesnake,Colubridae,1,TN,FWS:TN,50,FALSE,rng_fws|C02C,0
Q2QK,Pityopsis ruthii,Ruth's golden aster,Asteraceae,1,EN,FWS:EN,100,FALSE,rng_fws|Q2QK,0
Q1HU,Plagiobothrys hirtus,rough popcornflower,Boraginaceae,1,EN,FWS:EN,100,FALSE,rng_fws|Q1HU,0
Q1HV,Plagiobothrys strictus,Calistoga allocarya,Boraginaceae,1,EN,FWS:EN,100,FALSE,rng_fws|Q1HV,0
Q37L,Plagiochila caduciloba,Gorge leafy liverwort,Plagiochilaceae,1,LC,FWS:LC,1,FALSE,rng_fws|Q37L,0
Q37O,Plagiochila sharpii,Sharp's leafy liverwort,Plagiochilaceae,1,LC,FWS:LC,1,FALSE,rng_fws|Q37O,0
Q3KO,Plagiochila sullivantii var. sullivantii,[Unnamed] liverwort,Plagiochilaceae,1,LC,FWS:LC,1,FALSE,rng_fws|Q3KO,0
Q37Q,Plagiochila virginica var. caroliniana,[Unnamed] liverwort,Plagiochilaceae,1,LC,FWS:LC,1,FALSE,rng_fws|Q37Q,0
E00Z,Plagopterus argentissimus,Woundfin,Cyprinidae,2,EN,FWS:EN,100,FALSE,rng_fws|E00Z,0
G02R,Planorbella magnifica,Magnificent ramshorn,Planorbidae,1,EN,FWS:EN,100,FALSE,rng_fws|G02R,18
Q37S,Plantago hawaiensis,Kuahiwi laukahi,Plantaginaceae,1,EN,FWS:EN,100,FALSE,rng_fws|Q37S,0
Q20M,Plantago princeps,Kuahiwi laukahi,Plantaginaceae,1,EN,FWS:EN,100,FALSE,rng_fws|Q20M,2
Q2GE,Platanthera holochila,No common name,Orchidaceae,1,EN,FWS:EN,100,FALSE,rng_fws|Q2GE,1.9
Q2GF,Platanthera integrilabia,White fringeless orchid,Orchidaceae,1,TN,FWS:TN,50,FALSE,rng_fws|Q2GF,0
Q2GG,Platanthera leucophaea,Eastern prairie fringed orchid,Orchidaceae,1,TN,FWS:TN,50,FALSE,rng_fws|Q2GG,0
Q2YD,Platanthera praeclara,Western prairie fringed Orchid,Orchidaceae,1,TN,FWS:TN,50,FALSE,rng_fws|Q2YD,0
A0AI,Plecotus rafinesquii,Rafinesque's big-eared bat,Vespertilionidae,1,LC,FWS:LC,1,FALSE,rng_fws|A0AI,5.2
B071,Plegadis chihi,White-faced ibis,Threskiornithidae,1,LC,FWS:LC,1,FALSE,rng_fws|B071,0
Q2GH,Pleodendron macranthum,Chupacallos,Canellaceae,1,EN,FWS:EN,100,FALSE,rng_fws|Q2GH,0
C03U,Plestiodon egregius egregius,Florida Keys mole skink,Scincidae,1,TN,FWS:TN,50,FALSE,rng_fws|C03U,79.3
C050,Plestiodon egregius insularis,Cedar Key mole skink,Scincidae,1,EN,FWS:EN,100,FALSE,rng_fws|C050,66.8
F00M,Plethobasus cicatricosus,White wartyback (pearlymussel),Unionidae,2,EN,FWS:EN,100,FALSE,rng_fws|F00M,0
F00R,Plethobasus cooperianus,Orangefoot pimpleback (pearlymussel),Unionidae,2,EN,FWS:EN,100,FALSE,rng_fws|F00R,0
F046,Plethobasus cyphyus,Sheepnose Mussel,Unionidae,1,EN,FWS:EN,100,FALSE,rng_fws|F046,0
D01D,Plethodon hubrichti,Peaks of Otter salamander,Plethodontidae,1,LC,FWS:LC,1,FALSE,rng_fws|D01D,0
D019,Plethodon neomexicanus,Jemez Mountains salamander,Plethodontidae,1,EN,FWS:EN,100,FALSE,rng_fws|D019,0
D011,Plethodon nettingi,Cheat Mountain salamander,Plethodontidae,1,TN,FWS:TN,50,FALSE,rng_fws|D011,0
D04I,Plethodon petraeus,Pigeon Mountain salamander,Plethodontidae,1,LC,FWS:LC,1,FALSE,rng_fws|D04I,0
D01V,Plethodon punctatus,Cow Knob salamander,Plethodontidae,1,LC,FWS:LC,1,FALSE,rng_fws|D01V,0
D01G,Plethodon shenandoah,Shenandoah salamander,Plethodontidae,1,EN,FWS:EN,100,FALSE,rng_fws|D01G,0
D04J,Plethodon welleri,Weller's salamander,Plethodontidae,1,LC,FWS:LC,1,FALSE,rng_fws|D04J,0
G0CH,Pleurobema athearni,Canoe Creek Clubshell,Unionidae,1,EN,FWS:EN,100,FALSE,rng_fws|G0CH,0
F01D,Pleurobema clava,Clubshell,Unionidae,2,EN,FWS:EN,100,FALSE,rng_fws|F01D,0
F011,Pleurobema curtum,Black clubshell,Unionidae,1,EN,FWS:EN,100,FALSE,rng_fws|F011,0
F036,Pleurobema decisum,Southern clubshell,Unionidae,1,EN,FWS:EN,100,FALSE,rng_fws|F036,0
F03A,Pleurobema furvum,Dark pigtoe,Unionidae,1,EN,FWS:EN,100,FALSE,rng_fws|F03A,0
F03B,Pleurobema georgianum,Southern pigtoe,Unionidae,1,EN,FWS:EN,100,FALSE,rng_fws|F03B,0
F03Z,Pleurobema hanleyianum,Georgia pigtoe,Unionidae,1,EN,FWS:EN,100,FALSE,rng_fws|F03Z,0
F01E,Pleurobema oviforme,Tennessee clubshell,Unionidae,1,EN,FWS:EN,100,FALSE,rng_fws|F01E,0
F035,Pleurobema perovatum,Ovate clubshell,Unionidae,1,EN,FWS:EN,100,FALSE,rng_fws|F035,0
F00P,Pleurobema plenum,Rough pigtoe,Unionidae,2,EN,FWS:EN,100,FALSE,rng_fws|F00P,0
F02S,Pleurobema pyriforme,Oval pigtoe,Unionidae,1,EN,FWS:EN,100,FALSE,rng_fws|F02S,0
Q3RF,Pleurobema riddellii,Louisiana Pigtoe,Unionidae,1,TN,FWS:TN,50,FALSE,rng_fws|Q3RF,0
F03V,Pleurobema strodeanum,Fuzzy pigtoe,Unionidae,1,TN,FWS:TN,50,FALSE,rng_fws|F03V,0
F014,Pleurobema taitianum,Heavy pigtoe,Unionidae,1,EN,FWS:EN,100,FALSE,rng_fws|F014,0
G06V,Pleurocera foremani,Rough hornsnail,Pleuroceridae,1,EN,FWS:EN,100,FALSE,rng_fws|G06V,0
G06Y,Pleurocera pyrenella,Skirted hornsnail,Pleuroceridae,1,LC,FWS:LC,1,FALSE,rng_fws|G06Y,0
F053,Pleuronaia barnesiana,Tennessee pigtoe,Unionidae,1,EN,FWS:EN,100,FALSE,rng_fws|F053,0
F01Y,Pleuronaia dolabelloides,Slabside Pearlymussel,Unionidae,1,EN,FWS:EN,100,FALSE,rng_fws|F01Y,0
F033,Pleuronaia gibber,Cumberland pigtoe,Unionidae,1,EN,FWS:EN,100,FALSE,rng_fws|F033,0
Q1I9,Poa atropurpurea,San Bernardino bluegrass,Poaceae,1,EN,FWS:EN,100,FALSE,rng_fws|Q1I9,0
Q2GL,Poa mannii,Mann's bluegrass,Poaceae,1,EN,FWS:EN,100,FALSE,rng_fws|Q2GL,3.3
Q1ID,Poa napensis,Napa bluegrass,Poaceae,1,EN,FWS:EN,100,FALSE,rng_fws|Q1ID,0
Q20O,Poa sandvicensis,Hawaiian bluegrass,Poaceae,1,EN,FWS:EN,100,FALSE,rng_fws|Q20O,1.1
Q2GQ,Poa siphonoglossa,No common name,Poaceae,1,EN,FWS:EN,100,FALSE,rng_fws|Q2GQ,2
B0GW,Poecile atricapillus ssp. practica,Southern Appalachian black-capped chickadee,Paridae,1,LC,FWS:LC,1,FALSE,rng_fws|B0GW,0
E00C,Poeciliopsis occidentalis,Gila topminnow (incl. Yaqui),Poeciliidae,1,EN,FWS:EN,100,FALSE,rng_fws|E00C,0
Q20P,Pogogyne abramsii,San Diego mesa-mint,Lamiaceae,1,EN,FWS:EN,100,FALSE,rng_fws|Q20P,0
Q2GS,Pogogyne nudiuscula,Otay mesa-mint,Lamiaceae,1,EN,FWS:EN,100,FALSE,rng_fws|Q2GS,0
Q1IL,Polemonium pectinatum,No common name,Polemoniaceae,1,LC,FWS:LC,1,FALSE,rng_fws|Q1IL,0
B08X,Polioptila californica californica,Coastal California gnatcatcher,Muscicapidae,1,TN,FWS:TN,50,TRUE,rng_fws|B08X,1.2
I0LY,Polites mardon,Mardon skipper,Hesperiidae,1,LC,FWS:LC,1,FALSE,rng_fws|I0LY,0.7
Q20Q,Polygala lewtonii,Lewton's polygala,Polygalaceae,1,EN,FWS:EN,100,FALSE,rng_fws|Q20Q,2.9
Q2GW,Polygala smallii,Tiny polygala,Polygalaceae,1,EN,FWS:EN,100,FALSE,rng_fws|Q2GW,12.2
Q20R,Polygonella basiramia,Wireweed,Polygonaceae,1,EN,FWS:EN,100,FALSE,rng_fws|Q20R,0
Q20S,Polygonella myriophylla,Sandlace,Polygonaceae,1,EN,FWS:EN,100,FALSE,rng_fws|Q20S,0
Q3HV,Polygonum hickmanii,Scotts Valley Polygonum,Polygonaceae,1,EN,FWS:EN,100,FALSE,rng_fws|Q3HV,1.2
G00Z,Polygyriscus virginianus,Virginia fringed mountain snail,Helicodiscidae,1,EN,FWS:EN,100,FALSE,rng_fws|G00Z,0
I0OV,Polyphylla barbata,Mount Hermon June beetle,Scarabaeidae,1,EN,FWS:EN,100,FALSE,rng_fws|I0OV,0.7
Q22G,Polyscias bisattenuata,No common name,Araliaceae,1,EN,FWS:EN,100,FALSE,rng_fws|Q22G,1.9
Q3N2,Polyscias flynnii,No common name,Araliaceae,1,EN,FWS:EN,100,FALSE,rng_fws|Q3N2,0.2
Q22F,Polyscias gymnocarpa,`Ohe`ohe,Araliaceae,1,EN,FWS:EN,100,FALSE,rng_fws|Q22F,0.2
Q22R,Polyscias lydgatei,No common name,Araliaceae,1,EN,FWS:EN,100,FALSE,rng_fws|Q22R,3.4
Q1ZG,Polyscias racemosa,No common name,Araliaceae,1,EN,FWS:EN,100,FALSE,rng_fws|Q1ZG,3.7
S00V,Polystichum aleuticum,Aleutian shield fern,Dryopteridaceae,1,EN,FWS:EN,100,FALSE,rng_fws|S00V,4
S01V,Polystichum calderonense,No common name,Dryopteridaceae,1,EN,FWS:EN,100,FALSE,rng_fws|S01V,1.7
B090,Polysticta stelleri,Steller's Eider,Anatidae,1,TN,FWS:TN,50,TRUE,rng_fws|B090,75.5
F02M,Popenaias popeii,Texas Hornshell,Unionidae,1,EN,FWS:EN,100,FALSE,rng_fws|F02M,0
Q3SR,Porella wataugensis,A Liverwort,Porellaceae,1,LC,FWS:LC,1,FALSE,rng_fws|Q3SR,0
Q20T,Portulaca sclerocarpa,Po`e,Portulacaceae,1,EN,FWS:EN,100,FALSE,rng_fws|Q20T,3.4
Q381,Portulaca villosa,Ihi,Portulacaceae,1,EN,FWS:EN,100,FALSE,rng_fws|Q381,8.5
B0AH,Porzana tabuensis,Spotless Crake,Rallidae,1,LC,FWS:LC,1,TRUE,rng_fws|B0AH,20.8
F02K,Potamilus amphichaenus,Texas heelsplitter,Unionidae,1,EN,FWS:EN,100,FALSE,rng_fws|F02K,0
F00T,Potamilus capax,Fat pocketbook,Unionidae,1,EN,FWS:EN,100,FALSE,rng_fws|F00T,0
F01O,Potamilus inflatus,Inflated heelsplitter,Unionidae,1,TN,FWS:TN,50,FALSE,rng_fws|F01O,0
F04A,Potamilus metnecktayi,salina mucket,unionidae,1,EN,FWS:EN,100,FALSE,rng_fws|F04A,0
Q20U,Potamogeton clystocarpus,Little Aguja (=Creek) Pondweed,Potamogetonaceae,1,EN,FWS:EN,100,FALSE,rng_fws|Q20U,0
Q384,Potentilla basaltica,Soldier Meadows Cinquefoil,Rosaceae,1,LC,FWS:LC,1,FALSE,rng_fws|Q384,0
Q1J8,Potentilla hickmanii,Hickman's potentilla,Rosaceae,1,EN,FWS:EN,100,FALSE,rng_fws|Q1J8,3.6
Q20V,Potentilla robbinsiana,Robbins' cinquefoil,Rosaceae,1,LC,FWS:LC,1,FALSE,rng_fws|Q20V,0
E00K,Prietella phreatophila,Mexican blindcat (catfish),Ictaluridae,1,EN,FWS:EN,100,FALSE,rng_fws|E00K,0
Q2H5,Primula maguirei,Maguire primrose,Primulaceae,1,TN,FWS:TN,50,FALSE,rng_fws|Q2H5,0
Q1JK,Pritchardia aylmer-robinsonii,loulu,Arecaceae,1,EN,FWS:EN,100,FALSE,rng_fws|Q1JK,36.2
Q3ON,Pritchardia bakeri,loulu,Arecaceae,1,EN,FWS:EN,100,FALSE,rng_fws|Q3ON,0
Q38C,Pritchardia hardyi,loulu,Asteraceae,1,EN,FWS:EN,100,FALSE,rng_fws|Q38C,0.4
Q1JO,Pritchardia hillebrandii,loulu lelo,Arecaceae,1,LC,FWS:LC,1,FALSE,rng_fws|Q1JO,87.8
Q2VM,Pritchardia kaalae,loulu,Arecaceae,1,EN,FWS:EN,100,FALSE,rng_fws|Q2VM,0
Q1JR,Pritchardia lanigera,loulu,Arecaceae,1,EN,FWS:EN,100,FALSE,rng_fws|Q1JR,0
Q38B,Pritchardia maideniana,loulu,Arecaceae,1,EN,FWS:EN,100,FALSE,rng_fws|Q38B,13.8
Q20W,Pritchardia munroi,loulu,Arecaceae,1,EN,FWS:EN,100,FALSE,rng_fws|Q20W,12.6
Q38D,Pritchardia napaliensis,loulu,Arecaceae,1,EN,FWS:EN,100,FALSE,rng_fws|Q38D,21.4
Q1JS,Pritchardia remota,loulu,Arecaceae,1,EN,FWS:EN,100,FALSE,rng_fws|Q1JS,100
Q2VN,Pritchardia schattaueri,loulu,Arecaceae,1,EN,FWS:EN,100,FALSE,rng_fws|Q2VN,0.8
Q38E,Pritchardia viscosa,loulu,Arecaceae,1,EN,FWS:EN,100,FALSE,rng_fws|Q38E,1.6
K01L,Procambarus acherontis,Orlando Cave crayfish,Cambaridae,1,LC,FWS:LC,1,FALSE,rng_fws|K01L,0
K076,Procambarus apalachicolae,Coastal Flatwoods crayfish,Cambaridae,1,LC,FWS:LC,1,FALSE,rng_fws|K076,10.5
K077,Procambarus attiguus,Silver Glen Springs crayfish,Cambaridae,1,LC,FWS:LC,1,FALSE,rng_fws|K077,0
K07N,Procambarus delicatus,Bigcheek Cave crayfish,Cambaridae,1,LC,FWS:LC,1,FALSE,rng_fws|K07N,0
K05P,Procambarus econfinae,Panama City crayfish,Cambaridae,1,TN,FWS:TN,50,FALSE,rng_fws|K05P,0.4
K079,Procambarus erythrops,Santa Fe Cave crayfish,Cambaridae,1,LC,FWS:LC,1,FALSE,rng_fws|K079,0
K07A,Procambarus franzi,Orange Lake Cave crayfish,Cambaridae,1,LC,FWS:LC,1,FALSE,rng_fws|K07A,0
K07C,Procambarus leitheuseri,Coastal Lowland Cave crayfish,Cambaridae,1,LC,FWS:LC,1,FALSE,rng_fws|K07C,7.2
K07F,Procambarus lucifugus ssp. lucifugus,Florida Cave crayfish,Cambaridae,1,LC,FWS:LC,1,FALSE,rng_fws|K07F,0
K07G,Procambarus milleri,Miami Cave crayfish,Cambaridae,1,TN,FWS:TN,50,FALSE,rng_fws|K07G,2.5
K07H,Procambarus morrisi,Putnam County Cave crayfish,Cambaridae,1,LC,FWS:LC,1,FALSE,rng_fws|K07H,0
K07J,Procambarus pallidus,Pallid Cave crayfish,Cambaridae,1,LC,FWS:LC,1,FALSE,rng_fws|K07J,0
K03M,Procambarus pictus,Black Creek crayfish,Cambaridae,1,EN,FWS:EN,100,FALSE,rng_fws|K03M,0
K03B,Procaris hawaiana,Anchialine pool Shrimp,Procarididae,1,EN,FWS:EN,100,TRUE,rng_fws|K03B,16.3
M005,Procotyla typhlops,[Unnamed] planarian,Kenkiidae,1,LC,FWS:LC,1,FALSE,rng_fws|M005,0
Q20X,Prunus geniculata,Scrub plum,Rosaceae,1,EN,FWS:EN,100,FALSE,rng_fws|Q20X,0
I0J3,Pseudanophthalmus avernus,Endless Caverns cave beetle,Carabidae,1,LC,FWS:LC,1,FALSE,rng_fws|I0J3,0
I0Q7,Pseudanophthalmus caecus,Clifton Cave beetle,Carabidae,1,LC,FWS:LC,1,FALSE,rng_fws|I0Q7,0
I0T9,Pseudanophthalmus colemanensis,Coleman Cave beetle,Carabidae,1,LC,FWS:LC,1,FALSE,rng_fws|I0T9,0
I0J7,Pseudanophthalmus cordicollis,Little Kennedy cave beetle,Carabidae,1,LC,FWS:LC,1,FALSE,rng_fws|I0J7,0
I0J8,Pseudanophthalmus deceptivus,Deceptive cave beetle,Carabidae,1,LC,FWS:LC,1,FALSE,rng_fws|I0J8,0
I0J9,Pseudanophthalmus egberti,Narrows cave beetle,Carabidae,1,LC,FWS:LC,1,FALSE,rng_fws|I0J9,0
I0JC,Pseudanophthalmus fowlerae,Fowler's cave beetle,Carabidae,1,LC,FWS:LC,1,FALSE,rng_fws|I0JC,0
I0JD,Pseudanophthalmus frigidus,Icebox Cave beetle,Carabidae,1,LC,FWS:LC,1,FALSE,rng_fws|I0JD,0
I0JH,Pseudanophthalmus hirsutus,Cudjo's cave beetle,Carabidae,1,LC,FWS:LC,1,FALSE,rng_fws|I0JH,0
I0II,Pseudanophthalmus holsingeri,Holsinger's Cave Beetle,Carabidae,1,LC,FWS:LC,1,FALSE,rng_fws|I0II,0
I0JI,Pseudanophthalmus hortulanus,Garden cave beetle,Carabidae,1,LC,FWS:LC,1,FALSE,rng_fws|I0JI,0
I0JJ,Pseudanophthalmus hubbardi,Hubbard's cave beetle,Carabidae,1,LC,FWS:LC,1,FALSE,rng_fws|I0JJ,0
I0JK,Pseudanophthalmus hubrichti,Hubricht's cave beetle,Carabidae,1,LC,FWS:LC,1,FALSE,rng_fws|I0JK,0
I0JN,Pseudanophthalmus inquisitor,Inquirer Cave beetle,Carabidae,1,LC,FWS:LC,1,FALSE,rng_fws|I0JN,0
I0JO,Pseudanophthalmus insularis,Baker Station cave beetle,Carabidae,1,LC,FWS:LC,1,FALSE,rng_fws|I0JO,0
I0JP,Pseudanophthalmus intersectus,Crossroads cave beetle,Carabidae,1,LC,FWS:LC,1,FALSE,rng_fws|I0JP,0
I0JU,Pseudanophthalmus limicola,Shenandoah cave beetle,Carabidae,1,LC,FWS:LC,1,FALSE,rng_fws|I0JU,0
I0JV,Pseudanophthalmus longiceps,Long-headed cave beetle,Carabidae,1,LC,FWS:LC,1,FALSE,rng_fws|I0JV,0
I0JX,Pseudanophthalmus nelsoni,Nelson's cave beetle,Carabidae,1,LC,FWS:LC,1,FALSE,rng_fws|I0JX,0
I0K3,Pseudanophthalmus parvicollis,Thin-neck cave beetle,Carabidae,1,LC,FWS:LC,1,FALSE,rng_fws|I0K3,0
I0QE,Pseudanophthalmus parvus,Tatum Cave beetle,Carabidae,1,LC,FWS:LC,1,FALSE,rng_fws|I0QE,0
I0K4,Pseudanophthalmus paulus,Nobletts cave beetle,Carabidae,1,LC,FWS:LC,1,FALSE,rng_fws|I0K4,0
I0K6,Pseudanophthalmus petrunkevitchi,Petrunkevitch's cave beetle,Carabidae,1,LC,FWS:LC,1,FALSE,rng_fws|I0K6,0
I0K7,Pseudanophthalmus pontis,Natural Bridge cave beetle,Carabidae,1,LC,FWS:LC,1,FALSE,rng_fws|I0K7,0
I0KA,Pseudanophthalmus praetermissus,Overlooked cave beetle,Carabidae,1,LC,FWS:LC,1,FALSE,rng_fws|I0KA,0
I0KB,Pseudanophthalmus punctatus,Spotted cave beetle,Carabidae,1,LC,FWS:LC,1,FALSE,rng_fws|I0KB,0
I0KD,Pseudanophthalmus quadratus,Straley's cave beetle,Carabidae,1,LC,FWS:LC,1,FALSE,rng_fws|I0KD,0
I0KF,Pseudanophthalmus sanctipauli,Saint Paul cave beetle,Carabidae,1,LC,FWS:LC,1,FALSE,rng_fws|I0KF,0
I0KJ,Pseudanophthalmus sericus,Silken cave beetle,Carabidae,1,LC,FWS:LC,1,FALSE,rng_fws|I0KJ,0
I0KM,Pseudanophthalmus thomasi,Thomas' cave beetle,Carabidae,1,LC,FWS:LC,1,FALSE,rng_fws|I0KM,0
I0KN,Pseudanophthalmus tiresias,Indian Grave Point (=Soothsayer) cave beetle,Carabidae,1,LC,FWS:LC,1,FALSE,rng_fws|I0KN,0
I0QJ,Pseudanophthalmus troglodytes,Louisville Cave beetle,Carabidae,1,LC,FWS:LC,1,FALSE,rng_fws|I0QJ,0
I0KQ,Pseudanophthalmus virginicus,Maiden Spring cave beetle,Carabidae,1,LC,FWS:LC,1,FALSE,rng_fws|I0KQ,0
I0QK,Pseudanopthalmus gracilis,[Unnamed] cave beetle,Carabidae,1,LC,FWS:LC,1,FALSE,rng_fws|I0QK,0
I0QM,Pseudanopthalmus vicarius,[Unnamed] cave beetle,Carabidae,1,LC,FWS:LC,1,FALSE,rng_fws|I0QM,0
C01W,Pseudemys alabamensis,Alabama red-bellied turtle,Emydidae,1,EN,FWS:EN,100,FALSE,rng_fws|C01W,31.8
C021,Pseudemys rubriventris bangsi,Plymouth Redbelly Turtle = Plymouth Redbelly Cooter,Emydidae,1,EN,FWS:EN,100,FALSE,rng_fws|C021,2.1
Q1K2,Pseudobahia bahiifolia,Hartweg's golden sunburst,Asteraceae,1,EN,FWS:EN,100,FALSE,rng_fws|Q1K2,0
Q1K3,Pseudobahia peirsonii,San Joaquin adobe sunburst,Asteraceae,1,TN,FWS:TN,50,FALSE,rng_fws|Q1K3,0
I0RG,Pseudocopaeodes eunus obscurus,Carson wandering skipper,Hesperiidae,1,EN,FWS:EN,100,FALSE,rng_fws|I0RG,0
Q1WN,Pseudognaphalium sandwicensium var. molokaiense,`Ena`ena,Asteraceae,1,EN,FWS:EN,100,FALSE,rng_fws|Q1WN,11
B00M,Pseudonestor xanthophrys,Maui parrotbill (Kiwikiu),Drepanidinae,1,EN,FWS:EN,100,FALSE,rng_fws|B00M,0
G04W,Pseudotryonia adamantina,Diamond Tryonia,Hydrobiidae,1,EN,FWS:EN,100,FALSE,rng_fws|G04W,0
Q1KB,Psychotria grandiflora,Kopiko,Rubiaceae,1,EN,FWS:EN,100,FALSE,rng_fws|Q1KB,2.8
Q3H6,Psychotria hexandra var. oahuensis,Kopiko,Rubiaceae,1,EN,FWS:EN,100,FALSE,rng_fws|Q3H6,0.1
Q38F,Psychotria hobdyi,Kopiko,Rubiaceae,1,EN,FWS:EN,100,FALSE,rng_fws|Q38F,3.1
Q3P0,Psychotria malaspinae,Aplokating-palaoan,Rubiaceae,1,EN,FWS:EN,100,FALSE,rng_fws|Q3P0,24.1
Q20Y,Pteralyxia kauaiensis,Kaulu,Apocynaceae,1,EN,FWS:EN,100,FALSE,rng_fws|Q20Y,2.3
Q1KE,Pteralyxia macrocarpa,Kaulu,Apocynaceae,1,EN,FWS:EN,100,FALSE,rng_fws|Q1KE,0.5
S00W,Pteris lidgatei,No common name,Adiantaceae,1,EN,FWS:EN,100,FALSE,rng_fws|S00W,5.1
B015,Pterodroma cahow,Bermuda petrel,Procellariidae,1,EN,FWS:EN,100,TRUE,rng_fws|B015,100
B0AS,Pterodroma hasitata,Black-capped Petrel,Procellariidae,1,EN,FWS:EN,100,TRUE,rng_fws|B0AS,100
B00N,Pterodroma sandwichensis,Hawaiian petrel,Procellariidae,1,EN,FWS:EN,100,TRUE,rng_fws|B00N,99.6
A07X,Pteropus mariannus mariannus,Mariana fruit Bat (=Mariana flying fox),Pteropodidae,1,TN,FWS:TN,50,FALSE,rng_fws|A07X,26.4
A0A9,Pteropus samoensis samoensis,Samoan fruit bat,Pteropodidae,1,LC,FWS:LC,1,FALSE,rng_fws|A0A9,20.8
Q3PK,Ptilimnium ahlesii,Carolina bishopweed,Apiaceae,1,LC,FWS:LC,1,FALSE,rng_fws|Q3PK,20.1
Q2H9,Ptilimnium nodosum,Harperella,Apiaceae,1,EN,FWS:EN,100,FALSE,rng_fws|Q2H9,0
B0AK,Ptilinopus perousii perousii,Many-colored Fruit-Dove,Columbidae,1,LC,FWS:LC,1,TRUE,rng_fws|B0AK,20.8
F037,Ptychobranchus greenii,Triangular Kidneyshell,Unionidae,1,EN,FWS:EN,100,FALSE,rng_fws|F037,0
F02N,Ptychobranchus jonesi,Southern kidneyshell,Unionidae,1,EN,FWS:EN,100,FALSE,rng_fws|F02N,0
F041,Ptychobranchus subtentus,Fluted kidneyshell,Unionidae,1,EN,FWS:EN,100,FALSE,rng_fws|F041,0
E006,Ptychocheilus lucius,Colorado pikeminnow,Cyprinidae,1,EN,FWS:EN,100,FALSE,rng_fws|E006,0
B04O,Puffinus newelli,Newell''s shearwater,Procellariidae,1,TN,FWS:TN,50,TRUE,rng_fws|B04O,99.6
A0G0,Puma (=Felis) concolor (all subsp. except coryi),Puma (=mountain lion),Felidae,1,TN,FWS:TN,50,FALSE,rng_fws|A0G0,18.2
A008,Puma (=Felis) concolor coryi,Florida panther,Felidae,1,EN,FWS:EN,100,FALSE,rng_fws|A008,18.2
A05H,Puma yagouaroundi cacomitli,Gulf Coast jaguarundi,Felidae,1,EN,FWS:EN,100,FALSE,rng_fws|A05H,0
Q20Z,Purshia (=Cowania) subintegra,Arizona Cliffrose,Rosaceae,1,EN,FWS:EN,100,FALSE,rng_fws|Q20Z,0
G028,Pyrgulopsis agarhecta,Ocmulgee marstonia,Hydrobiidae,1,LC,FWS:LC,1,FALSE,rng_fws|G028,0
G0F1,Pyrgulopsis aloba,Duckwater pyrg,Hydrobiidae,1,LC,FWS:LC,1,FALSE,rng_fws|G0F1,0
G0F2,Pyrgulopsis anatina,Southern Duckwater pyrg,Hydrobiidae,1,LC,FWS:LC,1,FALSE,rng_fws|G0F2,0
G0F3,Pyrgulopsis anguina,Longitudinal pyrg,Hydrobiidae,1,LC,FWS:LC,1,FALSE,rng_fws|G0F3,0
G05E,Pyrgulopsis bernardina,San Bernardino springsnail,Hydrobiidae,1,TN,FWS:TN,50,FALSE,rng_fws|G05E,0
G0F4,Pyrgulopsis breviloba,Flag pyrg,Hydrobiidae,1,LC,FWS:LC,1,FALSE,rng_fws|G0F4,0
G03R,Pyrgulopsis bruneauensis,Bruneau Hot springsnail,Hydrobiidae,1,EN,FWS:EN,100,FALSE,rng_fws|G03R,0
G0F5,Pyrgulopsis carinifera,Moapa Valley pyrg,Hydrobiidae,1,LC,FWS:LC,1,FALSE,rng_fws|G0F5,0
G03S,Pyrgulopsis chupaderae,Chupadera springsnail,Hydrobiidae,1,EN,FWS:EN,100,FALSE,rng_fws|G03S,0
G0F6,Pyrgulopsis coloradensis,Blue Point pyrg,Hydrobiidae,1,LC,FWS:LC,1,FALSE,rng_fws|G0F6,0
G0F7,Pyrgulopsis deaconi,Spring Mountains pyrg,Hydrobiidae,1,LC,FWS:LC,1,FALSE,rng_fws|G0F7,0
G0F8,Pyrgulopsis fausta,Corn Creek pyrg,Hydrobiidae,1,LC,FWS:LC,1,FALSE,rng_fws|G0F8,0
G04A,Pyrgulopsis gilae,Gila springsnail,Hydrobiidae,1,LC,FWS:LC,1,FALSE,rng_fws|G04A,0
G0F9,Pyrgulopsis gracilis,Emigrant pyrg,Hydrobiidae,1,LC,FWS:LC,1,FALSE,rng_fws|G0F9,0
G0FA,Pyrgulopsis hamlinensis,Hamlin Valley pyrg,Hydrobiidae,1,LC,FWS:LC,1,FALSE,rng_fws|G0FA,0
G0FB,Pyrgulopsis hubbsi,Hubbs pyrg,Hydrobiidae,1,LC,FWS:LC,1,FALSE,rng_fws|G0FB,0
G057,Pyrgulopsis isolata,Elongate-gland Springsnail,Hydrobiidae,1,LC,FWS:LC,1,FALSE,rng_fws|G057,0
G0FC,Pyrgulopsis landyei,Landyes pyrg,Hydrobiidae,1,LC,FWS:LC,1,FALSE,rng_fws|G0FC,0
G0FD,Pyrgulopsis lata,Butterfield pyrg,Hyrdobiidae,1,LC,FWS:LC,1,FALSE,rng_fws|G0FD,0
G0FE,Pyrgulopsis lockensis,Lockes pyrg,Hydrobiidae,1,LC,FWS:LC,1,FALSE,rng_fws|G0FE,0
G0FF,Pyrgulopsis marcida,Hardy pyrg,Hydrobiidae,1,LC,FWS:LC,1,FALSE,rng_fws|G0FF,0
G00H,Pyrgulopsis merriami,Pahranagat pebblesnail,Hydrobiidae,1,LC,FWS:LC,1,FALSE,rng_fws|G00H,0
G0FG,Pyrgulopsis montana,Camp Valley pyrg,Hydrobiidae,1,LC,FWS:LC,1,FALSE,rng_fws|G0FG,0
G059,Pyrgulopsis morrisoni,Page springsnail,Hydrobiidae,1,LC,FWS:LC,1,FALSE,rng_fws|G059,0
G03U,Pyrgulopsis nanus,Distal-gland springsnail,Hydrobiidae,1,LC,FWS:LC,1,FALSE,rng_fws|G03U,0
G05P,Pyrgulopsis neomexicana,Socorro springsnail,Hydrobiidae,1,EN,FWS:EN,100,FALSE,rng_fws|G05P,0
G0FH,Pyrgulopsis neritella,Neritiform Steptoe Ranch pyrg,Hydrobiidae,1,LC,FWS:LC,1,FALSE,rng_fws|G0FH,0
G0C6,Pyrgulopsis notidicola,Elongate mud meadows Springsnail,Hydrobiidae,1,LC,FWS:LC,1,FALSE,rng_fws|G0C6,0
G0FI,Pyrgulopsis orbiculata,Sub-globose Steptoe Ranch pyrg,Hydrobiidae,1,LC,FWS:LC,1,FALSE,rng_fws|G0FI,0
G0FJ,Pyrgulopsis papillata,Big Warm Spring pyrg,Hydrobiidae,1,LC,FWS:LC,1,FALSE,rng_fws|G0FJ,0
G0FK,Pyrgulopsis peculiaris,Bifid duct pyrg,Hydrobiidae,1,LC,FWS:LC,1,FALSE,rng_fws|G0FK,0
G03V,Pyrgulopsis pisteri,Median-gland Nevada springsnail,Hydrobiidae,1,LC,FWS:LC,1,FALSE,rng_fws|G03V,0
G0FL,Pyrgulopsis planulata,Flat-topped Steptoe pyrg,Hydrobiidae,1,LC,FWS:LC,1,FALSE,rng_fws|G0FL,0
G03T,Pyrgulopsis roswellensis,Roswell springsnail,Hydrobiidae,1,EN,FWS:EN,100,FALSE,rng_fws|G03T,0
G0FM,Pyrgulopsis sathos,White River Valley pyrg,Hydrobiidae,1,LC,FWS:LC,1,FALSE,rng_fws|G0FM,0
G0FN,Pyrgulopsis saxatilis,Sub-globose Snake pyrg,Hydrobiidae,1,LC,FWS:LC,1,FALSE,rng_fws|G0FN,0
G0FO,Pyrgulopsis serrata,Northern Steptoe pyrg,Hydrobiidae,1,LC,FWS:LC,1,FALSE,rng_fws|G0FO,0
G0FP,Pyrgulopsis sterilis,Sterile Basin pyrg,Hydrobiidae,1,LC,FWS:LC,1,FALSE,rng_fws|G0FP,0
G0FQ,Pyrgulopsis sublata,Lake Valley pyrg,Hydrobiidae,1,LC,FWS:LC,1,FALSE,rng_fws|G0FQ,0
G0FR,Pyrgulopsis sulcata,Southern Steptoe pyrg,Hydrobiidae,1,LC,FWS:LC,1,FALSE,rng_fws|G0FR,0
G00X,Pyrgulopsis texana,Phantom Springsnail,Hydrobiidae,1,EN,FWS:EN,100,FALSE,rng_fws|G00X,0
G047,Pyrgulopsis thermalis,New Mexico springsnail,Hydrobiidae,1,LC,FWS:LC,1,FALSE,rng_fws|G047,0
G05C,Pyrgulopsis thompsoni,Huachuca springsnail,Hydrobiidae,1,LC,FWS:LC,1,FALSE,rng_fws|G05C,0
G051,Pyrgulopsis trivialis,Three Forks Springsnail,Hydrobiidae,1,EN,FWS:EN,100,FALSE,rng_fws|G051,0
G0FS,Pyrgulopsis turbatrix,Southwest Nevada pyrg,Hydrobiidae,1,LC,FWS:LC,1,FALSE,rng_fws|G0FS,0
I0OE,Pyrgus centaureae,Grizzled skipper,Hesperiidae,1,LC,FWS:LC,1,FALSE,rng_fws|I0OE,0
I0LW,Pyrgus ruralis lagunae,Laguna Mountains skipper,Hesperiidae,1,EN,FWS:EN,100,FALSE,rng_fws|I0LW,0
F04J,Quadrula aurea,Golden orb,Unionidae,1,LC,FWS:LC,1,FALSE,rng_fws|F04J,0.5
F03X,Quadrula cylindrica cylindrica,Rabbitsfoot,Unionidae,1,TN,FWS:TN,50,FALSE,rng_fws|F03X,0
F00V,Quadrula cylindrica strigillata,Rough rabbitsfoot,Unionidae,1,EN,FWS:EN,100,FALSE,rng_fws|F00V,0
F00C,Quadrula fragosa,Winged Mapleleaf,Unionidae,2,EN,FWS:EN,100,FALSE,rng_fws|F00C,0
Q211,Quercus hinckleyi,Hinckley oak,Fagaceae,1,TN,FWS:TN,50,FALSE,rng_fws|Q211,0
B04B,Rallus obsoletus levipes,Light-footed Ridgway's rail,Rallidae,1,EN,FWS:EN,100,TRUE,rng_fws|B04B,4.4
B04A,Rallus obsoletus obsoletus,California Ridgway's rail,Rallidae,1,EN,FWS:EN,100,TRUE,rng_fws|B04A,7.7
B00P,Rallus obsoletus yumanensis,Yuma Ridgway's rail,Rallidae,1,EN,FWS:EN,100,FALSE,rng_fws|B00P,0
D02G,Rana boylii,Foothill yellow-legged frog,Ranidae,4,EN,FWS:EN,100,FALSE,rng_fws|D02G,0.9
D02F,Rana chiricahuensis,Chiricahua leopard frog,Ranidae,1,TN,FWS:TN,50,FALSE,rng_fws|D02F,0
D02D,Rana draytonii,California red-legged frog,Ranidae,1,TN,FWS:TN,50,FALSE,rng_fws|D02D,0.9
D027,Rana luteiventris,Columbia spotted frog,Ranidae,2,LC,FWS:LC,1,FALSE,rng_fws|D027,0
D02H,Rana muscosa,Mountain yellow-legged frog,Ranidae,2,EN,FWS:EN,100,FALSE,rng_fws|D02H,1.1
D03D,Rana pipiens,northern leopard frog,Ranidae,1,LC,FWS:LC,1,FALSE,rng_fws|D03D,0
D02A,Rana pretiosa,Oregon spotted frog,Ranidae,1,TN,FWS:TN,50,FALSE,rng_fws|D02A,0
D031,Rana sevosa,dusky gopher frog,Ranidae,1,EN,FWS:EN,100,FALSE,rng_fws|D031,0.1
D04M,Rana sierrae,Sierra Nevada Yellow-legged Frog,Ranidae,1,EN,FWS:EN,100,FALSE,rng_fws|D04M,0
A088,Rangifer tarandus ssp. caribou,Southern Mountain Caribou DPS,Cervidae,1,EN,FWS:EN,100,FALSE,rng_fws|A088,0
Q212,Ranunculus aestivalis (=acriformis),Autumn Buttercup,Ranunculaceae,1,EN,FWS:EN,100,FALSE,rng_fws|Q212,0
Q38H,Ranunculus hawaiensis,Makou,Ranunculaceae,1,EN,FWS:EN,100,FALSE,rng_fws|Q38H,0
Q2VQ,Ranunculus mauiensis,Makou,Ranunculaceae,1,EN,FWS:EN,100,FALSE,rng_fws|Q2VQ,0.1
Q1KX,Ranunculus triternatus,No common name,Ranunculaceae,1,LC,FWS:LC,1,FALSE,rng_fws|Q1KX,0
F02G,Reginaia rotulata,Round Ebonyshell,Unionidae,1,EN,FWS:EN,100,FALSE,rng_fws|F02G,0
A03Y,Reithrodontomys raviventris,Salt marsh harvest mouse,Cricetidae,1,EN,FWS:EN,100,FALSE,rng_fws|A03Y,4.1
Q213,Remya kauaiensis,No common name,Asteraceae,1,EN,FWS:EN,100,FALSE,rng_fws|Q213,2.7
Q214,Remya mauiensis,Maui remya,Asteraceae,1,EN,FWS:EN,100,FALSE,rng_fws|Q214,0
Q2YH,Remya montgomeryi,No common name,Asteraceae,1,EN,FWS:EN,100,FALSE,rng_fws|Q2YH,2.3
I0RF,Rhadine exilis,[no common name] Beetle,Carabidae,1,EN,FWS:EN,100,FALSE,rng_fws|I0RF,0
I0P1,Rhadine infernalis,[no common name] Beetle,Carabidae,1,EN,FWS:EN,100,FALSE,rng_fws|I0P1,0
I0IB,Rhadine persephone,Tooth Cave ground beetle,Carabidae,1,EN,FWS:EN,100,FALSE,rng_fws|I0IB,0
I0MG,Rhaphiomidas terminatus abdominalis,Delhi Sands flower-loving fly,Mydidae,1,EN,FWS:EN,100,FALSE,rng_fws|I0MG,0
Q1L9,Rhexia salicifolia,Panhandle meadowbeauty,Melastomataceae,1,LC,FWS:LC,1,FALSE,rng_fws|Q1L9,0
E03E,Rhinichthys osculus lethoporus,Independence Valley speckled dace,Cyprinidae,1,EN,FWS:EN,100,FALSE,rng_fws|E03E,0
E03A,Rhinichthys osculus nevadensis,Ash Meadows speckled dace,Cyprinidae,1,EN,FWS:EN,100,FALSE,rng_fws|E03A,0
E03B,Rhinichthys osculus oligoporus,Clover Valley speckled dace,Cyprinidae,1,EN,FWS:EN,100,FALSE,rng_fws|E03B,0
E03D,Rhinichthys osculus ssp.,Foskett speckled dace,Cyprinidae,1,LC,FWS:LC,1,FALSE,rng_fws|E03D,0
E00S,Rhinichthys osculus thermalis,Kendall Warm Springs dace,Cyprinidae,1,EN,FWS:EN,100,FALSE,rng_fws|E00S,0
Q392,Rhodiola integrifolia ssp. leedyi,Leedy's roseroot,Crassulaceae,1,TN,FWS:TN,50,FALSE,rng_fws|Q392,0
Q215,Rhododendron chapmanii,Chapman rhododendron,Ericaceae,1,EN,FWS:EN,100,FALSE,rng_fws|Q215,12.8
Q2HH,Rhus michauxii,Michaux's sumac,Anacardiaceae,1,EN,FWS:EN,100,FALSE,rng_fws|Q2HH,0
Q1LH,Rhynchospora crinipes,Hairy-peduncled beaked-rush,Cyperaceae,1,LC,FWS:LC,1,FALSE,rng_fws|Q1LH,0
Q216,Rhynchospora knieskernii,Knieskern's Beaked-rush,Cyperaceae,1,TN,FWS:TN,50,FALSE,rng_fws|Q216,1.2
Q3FG,Rhynchospora thornei,Thorne's beaked-rush,Cyperaceae,1,LC,FWS:LC,1,FALSE,rng_fws|Q3FG,5.1
Q217,Ribes echinellum,Miccosukee gooseberry,Saxifragaceae,1,TN,FWS:TN,50,FALSE,rng_fws|Q217,0
Q3SO,Robinia hartwigii,Hartweg's Locust,Fabaceae,1,LC,FWS:LC,1,FALSE,rng_fws|Q3SO,0
Q38L,Rorippa gambellii,Gambel's watercress,Brassicaceae,1,EN,FWS:EN,100,FALSE,rng_fws|Q38L,1.3
Q1LW,Rorippa subumbellata,Tahoe yellow cress,Brassicaceae,1,LC,FWS:LC,1,FALSE,rng_fws|Q1LW,0
B00F,Rostrhamus sociabilis plumbeus,Everglade snail kite,Accipitridae,1,EN,FWS:EN,100,TRUE,rng_fws|B00F,3.7
Q2HL,Rubus nigerrimus,No common name,Rosaceae,1,LC,FWS:LC,1,FALSE,rng_fws|Q2HL,0
Q1M0,Rudbeckia auriculata,Eared coneflower,Asteraceae,1,LC,FWS:LC,1,FALSE,rng_fws|Q1M0,0
Q1M1,Rudbeckia heliopsidis,Sunfacing coneflower,Asteraceae,1,LC,FWS:LC,1,FALSE,rng_fws|Q1M1,0
Q09Q,Rugelia nudicaulis,Rugel''s Ragwort,Asteraceae,1,LC,FWS:LC,1,FALSE,rng_fws|Q09Q,0
B06M,Rukia ruki,Truk greater white-eye,Zosteropidae,1,LC,FWS:LC,1,FALSE,rng_fws|B06M,18.4
Q219,Sagittaria fasciculata,Bunched arrowhead,Alismataceae,1,EN,FWS:EN,100,FALSE,rng_fws|Q219,0
Q2VT,Sagittaria secundifolia,Kral's water-plantain,Alismataceae,1,TN,FWS:TN,50,FALSE,rng_fws|Q2VT,0
E07L,Salmo salar,Atlantic salmon,Salmonidae,2,EN,FWS:EN,100,TRUE,rng_fws|E07L,8.1
E065,Salvelinus confluentus,Bull Trout,Salmonidae,1,TN,FWS:TN,50,FALSE,rng_fws|E065,0.8
E09Z,Salvelinus malma,Dolly Varden,Salmonidae,1,TN,FWS:TN,50,TRUE,rng_fws|E09Z,14.3
G0BI,Samoana conica,Samoana tree snail,Partulidae,1,LC,FWS:LC,1,FALSE,rng_fws|G0BI,20.8
G0A7,Samoana fragilis,Fragile tree snail,Partulidae,1,EN,FWS:EN,100,FALSE,rng_fws|G0A7,18.1
G0BH,Samoana thurstoni,Ofu tree snail,Partulidae,1,LC,FWS:LC,1,FALSE,rng_fws|G0BH,20.8
Q38R,Sanicula mariversa,No common name,Apiaceae,1,EN,FWS:EN,100,FALSE,rng_fws|Q38R,0.1
Q1MF,Sanicula purpurea,No common name,Apiaceae,1,EN,FWS:EN,100,FALSE,rng_fws|Q1MF,0
Q2HW,Sanicula sandwicensis,No common name,Apiaceae,1,EN,FWS:EN,100,FALSE,rng_fws|Q2HW,0
Q2HX,Santalum haleakalae var. lanaiense,Lanai sandalwood (=`iliahi),Santalaceae,1,EN,FWS:EN,100,FALSE,rng_fws|Q2HX,8.7
Q3OO,Santalum involutum,No common name,Santalaceae,1,EN,FWS:EN,100,FALSE,rng_fws|Q3OO,2.7
Q21B,Sarracenia oreophila,Green Pitcher Plant,Sarraceniaceae,1,EN,FWS:EN,100,FALSE,rng_fws|Q21B,0
Q3PL,Sarracenia purpurea var. montana,Mountain Purple pitcherplant,Sarraceniaceae,1,LC,FWS:LC,1,FALSE,rng_fws|Q3PL,0
Q2HZ,Sarracenia rubra ssp. alabamensis,Alabama Canebrake Pitcher Plant,Sarraceniaceae,1,EN,FWS:EN,100,FALSE,rng_fws|Q2HZ,0
Q3PM,Sarracenia rubra ssp. gulfensis,Gulf Sweet pitcherplant,Sarraceniaceae,1,LC,FWS:LC,1,FALSE,rng_fws|Q3PM,0
Q2I0,Sarracenia rubra ssp. jonesii,Mountain sweet pitcher-plant,Sarraceniaceae,1,EN,FWS:EN,100,FALSE,rng_fws|Q2I0,0
Q21C,Scaevola coriacea,Dwarf naupaka,Goodeniaceae,1,EN,FWS:EN,100,FALSE,rng_fws|Q21C,46.3
E06X,Scaphirhynchus albus,Pallid sturgeon,Acipenseridae,1,EN,FWS:EN,100,FALSE,rng_fws|E06X,0
E026,Scaphirhynchus suttkusi,Alabama sturgeon,Acipenseridae,1,EN,FWS:EN,100,FALSE,rng_fws|E026,0
C03J,Sceloporus arenicolus,Dunes sagebrush lizard,Iguanidae,1,EN,FWS:EN,100,FALSE,rng_fws|C03J,0
C05U,Sceloporus graciosus graciosus,Northern sagebrush lizard,Iguanidae,1,LC,FWS:LC,1,FALSE,rng_fws|C05U,0
Q30Q,Schenkia sebaeoides,Awiwi,Gentianaceae,1,EN,FWS:EN,100,FALSE,rng_fws|Q30Q,27.2
Q21E,Schiedea adamantis,Diamond Head schiedea,Caryophyllaceae,1,EN,FWS:EN,100,FALSE,rng_fws|Q21E,10.1
Q2VV,Schiedea apokremnos,Ma`oli`oli,Caryophyllaceae,1,EN,FWS:EN,100,FALSE,rng_fws|Q2VV,39.9
Q3H7,Schiedea attenuata,No common name,Caryophyllaceae,1,EN,FWS:EN,100,FALSE,rng_fws|Q3H7,21.4
Q3OE,Schiedea diffusa ssp. macraei,No common name,Caryophyllaceae,1,EN,FWS:EN,100,FALSE,rng_fws|Q3OE,0
Q3OS,Schiedea diffusa subsp. diffusa,No common name,Caryophyllaceae,1,EN,FWS:EN,100,FALSE,rng_fws|Q3OS,0.4
Q2VW,Schiedea haleakalensis,No common name,Caryophyllaceae,1,EN,FWS:EN,100,FALSE,rng_fws|Q2VW,0
Q1MU,Schiedea hawaiiensis,Ma`oli`oli,Caryophyllaceae,1,EN,FWS:EN,100,FALSE,rng_fws|Q1MU,0
Q2VX,Schiedea helleri,No common name,Caryophyllaceae,1,EN,FWS:EN,100,FALSE,rng_fws|Q2VX,2.6
Q1MV,Schiedea hookeri,No common name,Caryophyllaceae,1,EN,FWS:EN,100,FALSE,rng_fws|Q1MV,1.7
Q3O2,Schiedea jacobii,No common name,Caryophyllaceae,1,EN,FWS:EN,100,FALSE,rng_fws|Q3O2,0
Q21F,Schiedea kaalae,No common name,Caryophyllaceae,1,EN,FWS:EN,100,FALSE,rng_fws|Q21F,0.1
Q38U,Schiedea kauaiensis,No common name,Caryophyllaceae,1,EN,FWS:EN,100,FALSE,rng_fws|Q38U,4
Q1MW,Schiedea kealiae,Ma`oli`oli,Caryophyllaceae,1,EN,FWS:EN,100,FALSE,rng_fws|Q1MW,5.4
Q3O3,Schiedea laui,No common name,Caryophyllaceae,1,EN,FWS:EN,100,FALSE,rng_fws|Q3O3,7.7
Q2YL,Schiedea lychnoides,Kuawawaenohu,Caryophyllaceae,1,EN,FWS:EN,100,FALSE,rng_fws|Q2YL,0.3
Q2VY,Schiedea lydgatei,No common name,Caryophyllaceae,1,EN,FWS:EN,100,FALSE,rng_fws|Q2VY,0
Q1MY,Schiedea membranacea,No common name,Caryophyllaceae,1,EN,FWS:EN,100,FALSE,rng_fws|Q1MY,1.6
Q38V,Schiedea nuttallii,No common name,Caryophyllaceae,1,EN,FWS:EN,100,FALSE,rng_fws|Q38V,4.3
Q1SQ,Schiedea obovata,No common name,Caryophyllaceae,1,EN,FWS:EN,100,FALSE,rng_fws|Q1SQ,0
Q2VZ,Schiedea pubescens,Ma`oli`oli,Caryophyllaceae,1,EN,FWS:EN,100,FALSE,rng_fws|Q2VZ,3.5
Q21G,Schiedea salicaria,No common name,Caryophyllaceae,1,EN,FWS:EN,100,FALSE,rng_fws|Q21G,12.6
Q1N2,Schiedea sarmentosa,No common name,Caryophyllaceae,1,EN,FWS:EN,100,FALSE,rng_fws|Q1N2,0
Q2W0,Schiedea spergulina var. leiopoda,No common name,Caryophyllaceae,1,EN,FWS:EN,100,FALSE,rng_fws|Q2W0,6.9
Q2W1,Schiedea spergulina var. spergulina,No common name,Caryophyllaceae,1,TN,FWS:TN,50,FALSE,rng_fws|Q2W1,6.9
Q2W2,Schiedea stellarioides,Laulihilihi,Caryophyllaceae,1,EN,FWS:EN,100,FALSE,rng_fws|Q2W2,5.3
Q1SR,Schiedea trinervis,No common name,Caryophyllaceae,1,EN,FWS:EN,100,FALSE,rng_fws|Q1SR,0
Q1N3,Schiedea verticillata,No common name,Caryophyllaceae,1,EN,FWS:EN,100,FALSE,rng_fws|Q1N3,100
Q2X3,Schiedea viscosa,No common name,Caryophyllaceae,1,EN,FWS:EN,100,FALSE,rng_fws|Q2X3,4
Q38X,Schoenocrambe argillacea,Clay reed-mustard,Brassicaceae,1,TN,FWS:TN,50,FALSE,rng_fws|Q38X,0
Q2QU,Schoenocrambe barnebyi,Barneby reed-mustard,Brassicaceae,1,EN,FWS:EN,100,FALSE,rng_fws|Q2QU,0
Q1N9,Schoenocrambe suffrutescens,Shrubby reed-mustard,Brassicaceae,1,EN,FWS:EN,100,FALSE,rng_fws|Q1N9,0
Q38Y,Schoenoplectiella hallii,Hall's bulrush,Cyperaceae,1,LC,FWS:LC,1,FALSE,rng_fws|Q38Y,0
Q2W3,Schoepfia arenaria,No common name,Olacaceae,1,TN,FWS:TN,50,FALSE,rng_fws|Q2W3,5.7
Q2I4,Schwalbea americana,American chaffseed,Scrophulariaceae,1,EN,FWS:EN,100,FALSE,rng_fws|Q2I4,8.2
Q21H,Scirpus ancistrochaetus,Northeastern bulrush,Cyperaceae,1,EN,FWS:EN,100,FALSE,rng_fws|Q21H,0
Q1NC,Scirpus flaccidifolius,Reclining bulrush,Cyperaceae,1,LC,FWS:LC,1,FALSE,rng_fws|Q1NC,0
A00B,Sciurus niger cinereus,Delmarva Peninsula fox squirrel,Sciuridae,1,LC,FWS:LC,1,FALSE,rng_fws|A00B,2.8
Q1SV,Sclerocactus brevihamatus ssp. tobuschii,Tobusch fishhook cactus,Cactaceae,1,TN,FWS:TN,50,FALSE,rng_fws|Q1SV,0
Q3KI,Sclerocactus brevispinus,Pariette cactus,Cacatacea,1,TN,FWS:TN,50,FALSE,rng_fws|Q3KI,0
Q21I,Sclerocactus glaucus,Colorado hookless Cactus,Cactaceae,1,LC,FWS:LC,1,FALSE,rng_fws|Q21I,0
Q1W2,Sclerocactus mariposensis,Lloyd''s Mariposa cactus,Cactaceae,1,TN,FWS:TN,50,FALSE,rng_fws|Q1W2,0
Q21J,Sclerocactus mesae-verdae,Mesa Verde cactus,Cactaceae,1,TN,FWS:TN,50,FALSE,rng_fws|Q21J,0
Q3N6,Sclerocactus wetlandicus,Uinta Basin hookless cactus,Cactaceae,1,TN,FWS:TN,50,FALSE,rng_fws|Q3N6,0
Q21K,Sclerocactus wrightiae,Wright fishhook cactus,Cactaceae,1,EN,FWS:EN,100,FALSE,rng_fws|Q21K,0
Q2I9,Scutellaria floridana,Florida skullcap,Lamiaceae,1,TN,FWS:TN,50,FALSE,rng_fws|Q2I9,1.9
Q2IA,Scutellaria montana,Large-flowered skullcap,Lamiaceae,1,TN,FWS:TN,50,FALSE,rng_fws|Q2IA,0
Q1NK,Scutellaria ocmulgee,Ocmulgee skullcap,Lamiaceae,1,EN,FWS:EN,100,FALSE,rng_fws|Q1NK,0
Q1NO,Sedum eastwoodiae,Red Mountain stonecrop,Crassulaceae,1,LC,FWS:LC,1,FALSE,rng_fws|Q1NO,0.9
Q1O2,Senecio layneae,Layne's butterweed,Asteraceae,1,TN,FWS:TN,50,FALSE,rng_fws|Q1O2,0
Q2QW,Serianthes nelsonii,"Hayun Iagu (=(Guam), Tronkon guafi (Rota))",Fabaceae,1,EN,FWS:EN,100,FALSE,rng_fws|Q2QW,18.1
I09Z,Serratella serrata,Spiculose serratellan mayfly,Ephemerellidae,1,LC,FWS:LC,1,FALSE,rng_fws|I09Z,0
Q2IM,Sesbania tomentosa,Ohai,Fabaceae,1,EN,FWS:EN,100,FALSE,rng_fws|Q2IM,13.4
B07V,Setophaga angelae,Elfin-woods warbler,Parulidae,1,TN,FWS:TN,50,TRUE,rng_fws|B07V,5.7
B07W,Setophaga chrysoparia,golden-cheeked warbler,Parulidae,1,EN,FWS:EN,100,FALSE,rng_fws|B07W,0
B03I,Setophaga kirtlandii,Kirtland's Warbler,Parulidae,1,LC,FWS:LC,1,TRUE,rng_fws|B03I,1.7
Q1OE,Shortia galacifolia var. brevistyla,Northern Oconee Bells,Diapensiaceae,1,LC,FWS:LC,1,FALSE,rng_fws|Q1OE,0
Q1OD,Shortia galacifolia var. galacifolia,Southern Oconee Bells,Diapensiaceae,1,LC,FWS:LC,1,FALSE,rng_fws|Q1OD,0
Q1OF,Sibara filifolia,Santa Cruz Island rockcress,Brassicaceae,1,EN,FWS:EN,100,FALSE,rng_fws|Q1OF,16.3
Q393,Sicyos albus,`Anunu,Cucurbitaceae,1,EN,FWS:EN,100,FALSE,rng_fws|Q393,0
Q3OQ,Sicyos lanceoloideus,No common name,Cucurbitaceae,1,EN,FWS:EN,100,FALSE,rng_fws|Q3OQ,2.4
Q396,Sicyos macrophyllus,`Anunu,Cucurbitaceae,1,EN,FWS:EN,100,FALSE,rng_fws|Q396,0
Q1OS,Sidalcea keckii,Keck's Checker-mallow,Malvaceae,1,EN,FWS:EN,100,FALSE,rng_fws|Q1OS,0
Q21M,Sidalcea nelsoniana,Nelson's checker-mallow,Malvaceae,1,LC,FWS:LC,1,FALSE,rng_fws|Q21M,0
Q1OU,Sidalcea oregana ssp. valida,Kenwood Marsh checker-mallow,Malvaceae,1,EN,FWS:EN,100,FALSE,rng_fws|Q1OU,0
Q1OT,Sidalcea oregana var. calva,Wenatchee Mountains checkermallow,Malvaceae,1,EN,FWS:EN,100,FALSE,rng_fws|Q1OT,0
Q2IS,Sidalcea pedata,Pedate checker-mallow,Malvaceae,1,EN,FWS:EN,100,FALSE,rng_fws|Q2IS,0
Q3IM,Sideroxylon reclinatum ssp. austrofloridense,Everglades bully,Sapotaceae,1,TN,FWS:TN,50,FALSE,rng_fws|Q3IM,52
Q09O,Sideroxylon thornei,Georgia bully,Sapotaceae,1,LC,FWS:LC,1,FALSE,rng_fws|Q09O,0.7
Q21N,Silene alexandri,No common name,Caryophyllaceae,1,EN,FWS:EN,100,FALSE,rng_fws|Q21N,0
Q2IX,Silene hawaiiensis,No common name,Caryophyllaceae,1,TN,FWS:TN,50,FALSE,rng_fws|Q2IX,0
Q21O,Silene lanceolata,No common name,Caryophyllaceae,1,EN,FWS:EN,100,FALSE,rng_fws|Q21O,1.8
Q39A,Silene perlmanii,No common name,Caryophyllaceae,1,EN,FWS:EN,100,FALSE,rng_fws|Q39A,0
Q21P,Silene polypetala,Fringed campion,Caryophyllaceae,1,EN,FWS:EN,100,FALSE,rng_fws|Q21P,0
Q1P8,Silene seelyi,No common name,Caryophyllaceae,1,LC,FWS:LC,1,FALSE,rng_fws|Q1P8,0
Q1P9,Silene spaldingii,Spalding's Catchfly,Caryophyllaceae,1,TN,FWS:TN,50,FALSE,rng_fws|Q1P9,0
D01O,Siren intermedia texana,Rio Grande lesser siren,Sirenidae,1,LC,FWS:LC,1,FALSE,rng_fws|D01O,2
C03P,Sistrurus catenatus,Eastern Massasauga (=rattlesnake),Viperidae,1,TN,FWS:TN,50,FALSE,rng_fws|C03P,0
C074,Sistrurus catenatus ssp. edwardsii,Desert massasauga,Viperidae,1,LC,FWS:LC,1,FALSE,rng_fws|C074,0
Q39D,Sisyrinchium dichotomum,White irisette,Iridaceae,1,EN,FWS:EN,100,FALSE,rng_fws|Q39D,0
K04I,Skistodiaptomus carolinensis,Carolina skistodiaptomus,Cyclopidae,1,LC,FWS:LC,1,FALSE,rng_fws|K04I,0
Q1PL,Solanum conocarpum,Marron bacora,Solanaceae,1,EN,FWS:EN,100,FALSE,rng_fws|Q1PL,30
Q2J3,Solanum drymophilum,Erubia,Solanaceae,1,EN,FWS:EN,100,FALSE,rng_fws|Q2J3,0
Q3P1,Solanum guamense,Berenghenas halomtano,Solanaceae,1,EN,FWS:EN,100,FALSE,rng_fws|Q3P1,25.4
Q21Q,Solanum incompletum,Popolo ku mai,Solanaceae,1,EN,FWS:EN,100,FALSE,rng_fws|Q21Q,0.1
Q21R,Solanum nelsonii,Popolo,Solanaceae,1,EN,FWS:EN,100,FALSE,rng_fws|Q21R,47.5
Q21S,Solanum sandwicense,"`Aiakeakua, popolo",Solanaceae,1,EN,FWS:EN,100,FALSE,rng_fws|Q21S,1.5
Q21T,Solidago albopilosa,White-haired goldenrod,Asteraceae,1,LC,FWS:LC,1,FALSE,rng_fws|Q21T,0
Q2J5,Solidago houghtonii,Houghton's goldenrod,Asteraceae,1,TN,FWS:TN,50,FALSE,rng_fws|Q2J5,0
Q39G,Solidago plumosa,Yadkin River Goldenrod,Asteraceae,1,LC,FWS:LC,1,FALSE,rng_fws|Q39G,0
Q21U,Solidago shortii,Short's goldenrod,Asteraceae,1,EN,FWS:EN,100,FALSE,rng_fws|Q21U,0
Q3SP,Solidago simulans,Granite Dome Goldenrod,Asteraceae,1,LC,FWS:LC,1,FALSE,rng_fws|Q3SP,0
Q2J7,Solidago spithamaea,Blue Ridge goldenrod,Asteraceae,1,TN,FWS:TN,50,FALSE,rng_fws|Q2J7,0
B08Z,Somateria fischeri,Spectacled eider,Anatidae,1,TN,FWS:TN,50,TRUE,rng_fws|B08Z,72.5
I0WW,Somatochlora calverti,Calvert's emerald,Corduliidae,1,LC,FWS:LC,1,FALSE,rng_fws|I0WW,1.7
I06P,Somatochlora hineana,Hine's emerald dragonfly,Corduliidae,1,EN,FWS:EN,100,FALSE,rng_fws|I06P,0
I06O,Somatochlora margarita,Texas emerald,Corduliidae,1,LC,FWS:LC,1,FALSE,rng_fws|I06O,0
G0GH,Somatogyrus alcoviensis,Reverse pepplesnail,Hydrobiidae,1,LC,FWS:LC,1,FALSE,rng_fws|G0GH,0
G03N,Somoana abbreviata,Short Samoan tree snail,Partulidae,1,LC,FWS:LC,1,FALSE,rng_fws|G03N,20.8
G0G0,Sonorella magdalenensis,Sonoran talussnail,Helminthoglyptidae,1,LC,FWS:LC,1,FALSE,rng_fws|G0G0,0
G0FZ,Sonorella rosemontensis,Rosemont talussnail,Helminthoglyptidae,1,LC,FWS:LC,1,FALSE,rng_fws|G0FZ,0
A0DV,Sorex ornatus relictus,Buena Vista Lake ornate Shrew,Soricidae,1,EN,FWS:EN,100,FALSE,rng_fws|A0DV,0
A0E6,Sorex preblei,Preble's shrew,Soricidae,1,LC,FWS:LC,1,FALSE,rng_fws|A0E6,0
D02Z,Spea hammondii,Western spadefoot,Pelobatidae,2,TN,FWS:TN,50,FALSE,rng_fws|D02Z,0.3
K022,Spelaeorchestia koloana,Kauai cave amphipod,Talitridae,1,EN,FWS:EN,100,FALSE,rng_fws|K022,75.2
E011,Speoplatyrhinus poulsoni,Alabama cavefish,Amblyopsidae,1,EN,FWS:EN,100,FALSE,rng_fws|E011,0
Q39H,Spermolepis hawaiiensis,No common name,Apiaceae,1,EN,FWS:EN,100,FALSE,rng_fws|Q39H,6.6
A0EJ,Spermophilus mohavensis,Mohave ground squirrel,Sciuridae,1,LC,FWS:LC,1,FALSE,rng_fws|A0EJ,0
A0EI,Spermophilus tereticaudus chlorus,Palm Springs round-tailed ground (=Coachella Valley) Squirrel,Sciuridae,1,LC,FWS:LC,1,FALSE,rng_fws|A0EI,0
I00S,Speyeria adiaste,Unsilvered fritillary,Nymphalidae,1,LC,FWS:LC,1,FALSE,rng_fws|I00S,2
I019,Speyeria callippe callippe,Callippe silverspot butterfly,Nymphalidae,1,EN,FWS:EN,100,FALSE,rng_fws|I019,1.7
I075,Speyeria idalia,Regal fritillary,Nymphalidae,1,LC,FWS:LC,1,FALSE,rng_fws|I075,0
I0O9,Speyeria nokomis carsonensis,Carson Valley silverspot,Nymphalidae,1,LC,FWS:LC,1,FALSE,rng_fws|I0O9,0
I010,Speyeria nokomis nokomis,Silverspot,Nymphalidae,1,TN,FWS:TN,50,FALSE,rng_fws|I010,0
I031,Speyeria zerene behrensii,Behren's silverspot butterfly,Nymphalidae,1,EN,FWS:EN,100,FALSE,rng_fws|I031,29.4
I01A,Speyeria zerene hippolyta,Oregon silverspot butterfly,Nymphalidae,1,TN,FWS:TN,50,FALSE,rng_fws|I01A,5.4
I00N,Speyeria zerene myrtleae,Myrtle's silverspot butterfly,Nymphalidae,1,EN,FWS:EN,100,FALSE,rng_fws|I00N,5.3
Q3LJ,Sphaeralcea gierischii,Gierisch mallow,malvaceae,1,EN,FWS:EN,100,FALSE,rng_fws|Q3LJ,0
C038,Sphaerodactylus micropithecus,Monito gecko,Gekkonidae,1,LC,FWS:LC,1,FALSE,rng_fws|C038,100
M007,Sphalloplana virginiana,[Unnamed] planarian,Kenkiidae,1,LC,FWS:LC,1,FALSE,rng_fws|M007,0
Q39I,Sphenolobopsis pearsoni,[Unnamed] liverwort,Cephaloziellaceae,1,LC,FWS:LC,1,FALSE,rng_fws|Q39I,0
Q21W,Spigelia gentianoides,Gentian pinkroot,Loganiaceae,1,EN,FWS:EN,100,FALSE,rng_fws|Q21W,0
A0GI,Spilogale interrupta,Plains Spotted Skunk,Mustelidae,1,LC,FWS:LC,1,FALSE,rng_fws|A0GI,0
Q2R1,Spiraea virginiana,Virginia spiraea,Rosaceae,1,TN,FWS:TN,50,FALSE,rng_fws|Q2R1,0
Q3FS,Spiranthes delitescens,Canelo Hills ladies'-tresses,Orchidaceae,1,EN,FWS:EN,100,FALSE,rng_fws|Q3FS,0
Q2WA,Spiranthes diluvialis,Ute ladies'-tresses,Orchidaceae,1,TN,FWS:TN,50,FALSE,rng_fws|Q2WA,0
Q21X,Spiranthes parksii,Navasota ladies-tresses,Orchidaceae,1,EN,FWS:EN,100,FALSE,rng_fws|Q21X,0
E0BC,Spirinchus thaleichthys,Longfin Smelt,Osmeridae,1,EN,FWS:EN,100,TRUE,rng_fws|E0BC,85.2
Q1QE,Sporobolus teretifolius,Wireleaf dropseed,Poaceae,1,LC,FWS:LC,1,FALSE,rng_fws|Q1QE,1.9
G0A1,Stagnicola bonnevillensis,Fat-whorled (=Bonneville) pondsnail,Lymnaeidae,1,LC,FWS:LC,1,FALSE,rng_fws|G0A1,0
Q2JA,Stahlia monosperma,Cobana negra,Fabaceae,1,TN,FWS:TN,50,FALSE,rng_fws|Q2JA,51.6
Q21Z,Stenogyne angustifolia var. angustifolia,No common name,Lamiaceae,1,EN,FWS:EN,100,FALSE,rng_fws|Q21Z,0.1
Q39K,Stenogyne bifida,No common name,Lamiaceae,1,EN,FWS:EN,100,FALSE,rng_fws|Q39K,13.3
Q39L,Stenogyne campanulata,No common name,Lamiaceae,1,EN,FWS:EN,100,FALSE,rng_fws|Q39L,3.9
Q39M,Stenogyne cranwelliae,No common name,Lamiaceae,1,EN,FWS:EN,100,FALSE,rng_fws|Q39M,0
Q1QY,Stenogyne kaalae ssp. sherffii,No common name,Lamiaceae,1,EN,FWS:EN,100,FALSE,rng_fws|Q1QY,0
Q220,Stenogyne kanehoana,No common name,Lamiaceae,1,EN,FWS:EN,100,FALSE,rng_fws|Q220,0
Q3O4,Stenogyne kauaulaensis,No common name,Lamiaceae,1,EN,FWS:EN,100,FALSE,rng_fws|Q3O4,0
Q3H8,Stenogyne kealiae,No common name,Lamiaceae,1,EN,FWS:EN,100,FALSE,rng_fws|Q3H8,1.3
Q221,Stephanomeria malheurensis,Malheur wire-lettuce,Asteraceae,1,EN,FWS:EN,100,FALSE,rng_fws|Q221,0
B07O,Sterna dougallii dougallii,Roseate tern,Laridae,2,EN,FWS:EN,100,TRUE,rng_fws|B07O,99.3
C01Y,Sternotherus depressus,Flattened musk turtle,Kinosternidae,1,TN,FWS:TN,50,FALSE,rng_fws|C01Y,0
B07N,Sternula antillarum,Least tern,Laridae,1,LC,FWS:LC,1,FALSE,rng_fws|B07N,0
B03X,Sternula antillarum browni,California least tern,Laridae,1,EN,FWS:EN,100,TRUE,rng_fws|B03X,1.5
C07C,Stilosoma extenuatum,Short-tailed snake,Colubridae,1,TN,FWS:TN,50,FALSE,rng_fws|C07C,0
Q222,Streptanthus albidus ssp. albidus,Metcalf Canyon jewelflower,Brassicaceae,1,EN,FWS:EN,100,FALSE,rng_fws|Q222,0
Q1R7,Streptanthus bracteatus,Bracted twistflower,Brassicaceae,1,TN,FWS:TN,50,FALSE,rng_fws|Q1R7,0
Q223,Streptanthus niger,Tiburon jewelflower,Brassicaceae,1,EN,FWS:EN,100,FALSE,rng_fws|Q223,71.3
K03F,Streptocephalus woottoni,Riverside fairy shrimp,Branchinectidae,1,EN,FWS:EN,100,FALSE,rng_fws|K03F,0.8
B08B,Strix occidentalis caurina,Northern spotted owl,Strigidae,1,TN,FWS:TN,50,TRUE,rng_fws|B08B,0.6
B074,Strix occidentalis lucida,Mexican spotted owl,Strigidae,1,TN,FWS:TN,50,FALSE,rng_fws|B074,0
B08L,Strix occidentalis occidentalis,California Spotted Owl,Strigidae,2,EN,FWS:EN,100,TRUE,rng_fws|B08L,0.3
I07G,Strymon acis bartrami,Bartram's hairstreak Butterfly,Lycaenidae,1,EN,FWS:EN,100,FALSE,rng_fws|I07G,10.3
K019,Stygobromus (=Stygonectes) pecki,Peck's cave amphipod,Crangonyctidae,1,EN,FWS:EN,100,FALSE,rng_fws|K019,0
K03H,Stygobromus biggersi,Bigger's amphipod,Crangonyctidae,1,LC,FWS:LC,1,FALSE,rng_fws|K03H,0
K04H,Stygobromus carolinensis,Yancey sideswimmer,Crangonyctidae,1,LC,FWS:LC,1,FALSE,rng_fws|K04H,0
K001,Stygobromus conradi,Burnsville Cove cave amphipod,Crangonyctidae,1,LC,FWS:LC,1,FALSE,rng_fws|K001,0
K004,Stygobromus hayi,Hay's Spring amphipod,Crangonyctidae,1,EN,FWS:EN,100,FALSE,rng_fws|K004,0
K04J,Stygobromus hoffmani,[Unnamed] amphipod,Crangonyctidae,1,LC,FWS:LC,1,FALSE,rng_fws|K04J,0
K04P,Stygobromus kenki,Kenk's amphipod,Crangonyctidae,1,LC,FWS:LC,1,FALSE,rng_fws|K04P,0
K011,Stygobromus morrisoni,Morrison's cave amphipod,Crangonyctidae,1,LC,FWS:LC,1,FALSE,rng_fws|K011,0
K000,Stygobromus mundus,Bath County cave amphipod,Crangonyctidae,1,LC,FWS:LC,1,FALSE,rng_fws|K000,0
I0MI,Stygoparnus comalensis,Comal Springs dryopid beetle,Dryopidae,1,EN,FWS:EN,100,FALSE,rng_fws|I0MI,0
I0WY,Stylurus potulentus,Yellow-sided clubtail,Gomphidae,1,LC,FWS:LC,1,FALSE,rng_fws|I0WY,0
Q224,Styrax platanifolius ssp. texanus,Texas snowbells,Styracaceae,1,EN,FWS:EN,100,FALSE,rng_fws|Q224,0
Q2R6,Styrax portoricensis,Palo de jazmin,Styracaceae,1,EN,FWS:EN,100,FALSE,rng_fws|Q2R6,5.4
Q3AF,Suaeda californica,California seablite,Chenopodiaceae,1,EN,FWS:EN,100,FALSE,rng_fws|Q3AF,16.6
Q225,Swallenia alexandrae,Eureka Dune grass,Poaceae,1,TN,FWS:TN,50,FALSE,rng_fws|Q225,0
A0DN,Sylvilagus bachmani riparius,Riparian brush rabbit,Leporidae,1,EN,FWS:EN,100,FALSE,rng_fws|A0DN,0
A0HD,Sylvilagus obscurus,Appalachian cottontail rabbit,Leporidae,1,LC,FWS:LC,1,FALSE,rng_fws|A0HD,0
A0AA,Sylvilagus palustris hefneri,Lower Keys marsh rabbit,Leporidae,1,EN,FWS:EN,100,FALSE,rng_fws|A0AA,88.6
A09B,Sylvilagus transitionalis,New England cottontail,Leporidae,1,LC,FWS:LC,1,FALSE,rng_fws|A09B,1.3
Q2Z5,Symphyotrichum georgianum,Georgia aster,Asteraceae,1,LC,FWS:LC,1,FALSE,rng_fws|Q2Z5,0
Q04W,Symphyotrichum puniceum var. scabricaule,rough-stemmed aster,Asteraceae,1,LC,FWS:LC,1,FALSE,rng_fws|Q04W,0
Q3NE,Symphyotrichum rhiannon,Buck Creek serpentine barren aster,Asteraceae,1,LC,FWS:LC,1,FALSE,rng_fws|Q3NE,0
K01W,Syncaris pacifica,California freshwater shrimp,Palaemonidae,1,EN,FWS:EN,100,FALSE,rng_fws|K01W,0
B098,Synthliboramphus hypoleucus,Guadalupe Murrelet,Alcidae,1,LC,FWS:LC,1,TRUE,rng_fws|B098,28.5
Q3H0,Tabernaemontana rotensis,No common name,Apocynaceae,1,TN,FWS:TN,50,FALSE,rng_fws|Q3H0,22.7
A08G,Tamias minimus atristriatus,Penasco least chipmunk,Sciuridae,1,EN,FWS:EN,100,FALSE,rng_fws|A08G,0
A09O,Tamiasciurus fremonti grahamensis,Mount Graham red squirrel,Sciuridae,1,EN,FWS:EN,100,FALSE,rng_fws|A09O,0
C042,Tantilla oolitica,rim rock crowned snake,Colubridae,1,EN,FWS:EN,100,FALSE,rng_fws|C042,31.7
Q1SB,Taraxacum californicum,California taraxacum,Asteraceae,1,EN,FWS:EN,100,FALSE,rng_fws|Q1SB,0
J00A,Tartarocreagris texana,Tooth Cave pseudoscorpion,Neobisiidae,1,EN,FWS:EN,100,FALSE,rng_fws|J00A,0
G01K,Taylorconcha serpenticola,Bliss Rapids snail,Hydrobiidae,1,TN,FWS:TN,50,FALSE,rng_fws|G01K,0
J018,Tayshaneta microps,Government Canyon Bat Cave spider,Leptonetidae,1,EN,FWS:EN,100,FALSE,rng_fws|J018,0
J00B,Tayshaneta myopica,Tooth Cave spider,Leptonetidae,1,EN,FWS:EN,100,FALSE,rng_fws|J00B,0
S01W,Tectaria estremerana,No common name,Dryopteridaceae,1,EN,FWS:EN,100,FALSE,rng_fws|S01W,0
B009,Telespiza cantans,Laysan finch,Drepanidinae,1,EN,FWS:EN,100,TRUE,rng_fws|B009,46.1
B00A,Telespiza ultima,Nihoa finch,Drepanidinae,1,EN,FWS:EN,100,TRUE,rng_fws|B00A,100
Q2JL,Ternstroemia luquillensis,Palo colorado,Theaceae,1,EN,FWS:EN,100,FALSE,rng_fws|Q2JL,0
Q2JM,Ternstroemia subsessilis,No common name,Theaceae,1,EN,FWS:EN,100,FALSE,rng_fws|Q2JM,0
Q226,Tetramolopium arenarium,No common name,Asteraceae,1,EN,FWS:EN,100,FALSE,rng_fws|Q226,0.5
Q227,Tetramolopium capillare,Pamakani,Asteraceae,1,EN,FWS:EN,100,FALSE,rng_fws|Q227,1.5
Q228,Tetramolopium filiforme,No common name,Asteraceae,1,EN,FWS:EN,100,FALSE,rng_fws|Q228,2.4
Q229,Tetramolopium lepidotum ssp. lepidotum,No common name,Asteraceae,1,EN,FWS:EN,100,FALSE,rng_fws|Q229,1.5
Q22A,Tetramolopium remyi,No common name,Asteraceae,1,EN,FWS:EN,100,FALSE,rng_fws|Q22A,18.2
Q22B,Tetramolopium rockii,No common name,Asteraceae,1,TN,FWS:TN,50,FALSE,rng_fws|Q22B,23.8
I0IA,Texamaurops reddelli,Kretschmarr Cave mold beetle,Pselaphidae,1,EN,FWS:EN,100,FALSE,rng_fws|I0IA,0
J016,Texella cokendolpheri,Cokendolpher Cave Harvestman,Phalangodidae,1,EN,FWS:EN,100,FALSE,rng_fws|J016,0
J008,Texella reddelli,Bee Creek Cave harvestman,Phalangodidae,1,EN,FWS:EN,100,FALSE,rng_fws|J008,0
J009,Texella reyesi,Bone Cave harvestman,Phalangodidae,1,EN,FWS:EN,100,FALSE,rng_fws|J009,0
Q231,Thalictrum cooleyi,Cooley's meadowrue,Ranunculaceae,1,EN,FWS:EN,100,FALSE,rng_fws|Q231,7.8
Q2K7,Thalictrum debile,Southern meadowrue,Ranunculaceae,1,LC,FWS:LC,1,FALSE,rng_fws|Q2K7,0
C04Q,Thamnophis eques megalops,Northern Mexican gartersnake,Colubridae,1,TN,FWS:TN,50,FALSE,rng_fws|C04Q,0
C057,Thamnophis gigas,Giant garter snake,Colubridae,1,TN,FWS:TN,50,FALSE,rng_fws|C057,0
C051,Thamnophis rufipunctatus,Narrow-headed gartersnake,Colubridae,1,TN,FWS:TN,50,FALSE,rng_fws|C051,0
C002,Thamnophis sirtalis tetrataenia,San Francisco garter snake,Colubridae,1,EN,FWS:EN,100,FALSE,rng_fws|C002,4
Q3NG,Thaspium pinnatifidum,mountain thaspium,Apiaceae,1,LC,FWS:LC,1,FALSE,rng_fws|Q3NG,0
F00E,Theliderma intermedia,Cumberland monkeyface (pearlymussel),Unionidae,3,EN,FWS:EN,100,FALSE,rng_fws|F00E,0
F00D,Theliderma sparsa,Appalachian monkeyface (pearlymussel),Unionidae,2,EN,FWS:EN,100,FALSE,rng_fws|F00D,0
Q2K9,Thelypodium howellii ssp. spectabilis,Howell''s spectacular thelypody,Brassicaceae,1,TN,FWS:TN,50,FALSE,rng_fws|Q2K9,0
Q2KB,Thelypodium stenopetalum,Slender-petaled mustard,Brassicaceae,1,EN,FWS:EN,100,FALSE,rng_fws|Q2KB,0
S01Y,Thelypteris inabonensis,No common name,Thelypteridaceae,1,EN,FWS:EN,100,FALSE,rng_fws|S01Y,0
S01N,Thelypteris pilosa var. alabamensis,Alabama streak-sorus fern,Thelypteridaceae,1,TN,FWS:TN,50,FALSE,rng_fws|S01N,0
S01Z,Thelypteris verecunda,No common name,Thelypteridaceae,1,EN,FWS:EN,100,FALSE,rng_fws|S01Z,0
S020,Thelypteris yaucoensis,No common name,Thelypteridaceae,1,EN,FWS:EN,100,FALSE,rng_fws|S020,0
K01Y,Thermosphaeroma thermophilus,Socorro isopod,Sphaeromatidae,1,EN,FWS:EN,100,FALSE,rng_fws|K01Y,0
Q2KF,Thlaspi californicum,Kneeland Prairie penny-cress,Brassicaceae,1,EN,FWS:EN,100,FALSE,rng_fws|Q2KF,0
A0IC,Thomomys mazama couchi,Shelton pocket gopher,Geomyidae,1,LC,FWS:LC,1,FALSE,rng_fws|A0IC,3.5
A0J2,Thomomys mazama douglasii,Brush Prairie pocket gopher,Geomyidae,1,LC,FWS:LC,1,FALSE,rng_fws|A0J2,0
A0CP,Thomomys mazama glacialis,Roy Prairie pocket gopher,Geomyidae,1,TN,FWS:TN,50,FALSE,rng_fws|A0CP,0
A0ID,Thomomys mazama melanops,Olympic pocket gopher,Geomyidae,1,LC,FWS:LC,1,FALSE,rng_fws|A0ID,34.9
A0IE,Thomomys mazama pugetensis,Olympia pocket gopher,Geomyidae,1,TN,FWS:TN,50,FALSE,rng_fws|A0IE,0
A0IF,Thomomys mazama tumuli,Tenino pocket gopher,Geomyidae,1,TN,FWS:TN,50,FALSE,rng_fws|A0IF,0
A0IG,Thomomys mazama yelmensis,Yelm pocket gopher,Geomyidae,1,TN,FWS:TN,50,FALSE,rng_fws|A0IG,1.8
B07Y,Thryomanes bewickii altus,Appalachian Bewick's wren,Troglodytidae,1,LC,FWS:LC,1,FALSE,rng_fws|B07Y,0
E03Q,Thymallus arcticus,Arctic grayling,Salmonidae,1,LC,FWS:LC,1,FALSE,rng_fws|E03Q,0
Q1SH,Thymophylla tephroleuca,Ashy dogweed,Asteraceae,1,EN,FWS:EN,100,FALSE,rng_fws|Q1SH,0
Q2KH,Thysanocarpus conchuliferus,Santa Cruz Island fringepod,Brassicaceae,1,EN,FWS:EN,100,FALSE,rng_fws|Q2KH,5.5
E03X,Tiaroga cobitis,Loach minnow,Cyprinidae,1,EN,FWS:EN,100,FALSE,rng_fws|E03X,0
Q3SH,Tinospora homosepala,No common name,Menispermaceae,1,EN,FWS:EN,100,FALSE,rng_fws|Q3SH,21.6
B061,Todiramphus cinnamominus,Guam kingfisher,Alcedinidae,1,EN,FWS:EN,100,TRUE,rng_fws|B061,15.3
R006,Torreya taxifolia,Florida torreya,Taxaceae,1,EN,FWS:EN,100,FALSE,rng_fws|R006,0
Q234,Townsendia aprica,Last Chance townsendia,Asteraceae,1,TN,FWS:TN,50,FALSE,rng_fws|Q234,0
F00B,Toxolasma cylindrellus,Pale lilliput (pearlymussel),Unionidae,1,EN,FWS:EN,100,FALSE,rng_fws|F00B,0
F02P,Toxolasma lividum,purple lilliput,Unionidae,1,LC,FWS:LC,1,FALSE,rng_fws|F02P,0
F02Q,Toxolasma pullus,Savannah lilliput,Unionidae,1,LC,FWS:LC,1,FALSE,rng_fws|F02Q,0
Q3A0,Trematolobelia singularis,No common name,Campanulaceae,1,EN,FWS:EN,100,FALSE,rng_fws|Q3A0,0
A007,Trichechus manatus,West Indian Manatee,Trichechidae,1,TN,FWS:TN,50,TRUE,rng_fws|A007,74.7
Q2KU,Trichilia triacantha,Bariaco,Meliaceae,1,EN,FWS:EN,100,FALSE,rng_fws|Q2KU,6.6
S02G,Trichomanes punctatum ssp. floridanum,Florida bristle fern,Hymenophyllaceae,1,EN,FWS:EN,100,FALSE,rng_fws|S02G,0
Q237,Trichostema austromontanum ssp. compactum,Hidden Lake bluecurls,Lamiaceae,1,LC,FWS:LC,1,FALSE,rng_fws|Q237,0
Q238,Trifolium amoenum,Showy Indian clover,Fabaceae,1,EN,FWS:EN,100,FALSE,rng_fws|Q238,1.2
Q3A2,Trifolium calcaricum,[Unnamed] clover,Fabaceae,1,LC,FWS:LC,1,FALSE,rng_fws|Q3A2,0
Q3N5,Trifolium friscanum,Frisco clover,Fabaceae,1,LC,FWS:LC,1,FALSE,rng_fws|Q3N5,0
Q2RE,Trifolium stoloniferum,Running buffalo clover,Fabaceae,1,LC,FWS:LC,1,FALSE,rng_fws|Q2RE,0
Q2L1,Trifolium thompsonii,Thompson's clover,Fabaceae,1,LC,FWS:LC,1,FALSE,rng_fws|Q2L1,0
Q23C,Trifolium trichocalyx,Monterey clover,Fabaceae,1,EN,FWS:EN,100,FALSE,rng_fws|Q23C,0.9
Q23D,Trillium persistens,Persistent trillium,Liliaceae,1,EN,FWS:EN,100,FALSE,rng_fws|Q23D,0
Q23E,Trillium pusillum virginianum,"Least, Virginia trillium",Liliaceae,1,LC,FWS:LC,1,FALSE,rng_fws|Q23E,16.2
Q2RG,Trillium reliquum,Relict trillium,Liliaceae,1,EN,FWS:EN,100,FALSE,rng_fws|Q2RG,0
G0ED,Trilobopsis roperi,Shasta chaparral,Polygyridae,1,LC,FWS:LC,1,FALSE,rng_fws|G0ED,0
G0EF,Trilobopsis tehamana,Tehama chaparral,Polygyridae,1,LC,FWS:LC,1,FALSE,rng_fws|G0EF,0
I0OY,Trimerotropis infantilis,Zayante band-winged grasshopper,Acrididae,1,EN,FWS:EN,100,FALSE,rng_fws|I0OY,0.7
G00S,Triodopsis platysayoides,Flat-spired three-toothed Snail,Polygyridae,1,TN,FWS:TN,50,FALSE,rng_fws|G00S,0
G0BS,Trochomorpha apia,[Unnamed] snail,Trochomorphidae,1,LC,FWS:LC,1,FALSE,rng_fws|G0BS,20.8
K07M,Troglocambarus maclanei,Spider Cave crayfish,Cambaridae,1,LC,FWS:LC,1,FALSE,rng_fws|K07M,1.4
F02J,Truncilla cognata,Mexican fawnsfoot,Unionidae,1,EN,FWS:EN,100,FALSE,rng_fws|F02J,0
F04E,Truncilla macrodon,Texas fawnsfoot,Unionidae,1,TN,FWS:TN,50,FALSE,rng_fws|F04E,0
G03Q,Tryonia alamosae,Alamosa springsnail,Hydrobiidae,1,EN,FWS:EN,100,FALSE,rng_fws|G03Q,0
G03Z,Tryonia angulata,Sportinggoods tryonia,Hydrobiidae,1,LC,FWS:LC,1,FALSE,rng_fws|G03Z,0
G013,Tryonia cheatumi,Phantom Tryonia,Hydrobiidae,1,EN,FWS:EN,100,FALSE,rng_fws|G013,0
G05D,Tryonia circumstriata (=stocktonensis),Gonzales tryonia,Hydrobiidae,1,EN,FWS:EN,100,FALSE,rng_fws|G05D,0
G012,Tryonia clathrata,Grated tryonia,Hydrobiidae,1,LC,FWS:LC,1,FALSE,rng_fws|G012,0
G040,Tryonia elata,Point of Rocks tryonia,Hydrobiidae,1,LC,FWS:LC,1,FALSE,rng_fws|G040,0
G041,Tryonia ericae,Minute tryonia,Hydrobiidae,1,LC,FWS:LC,1,FALSE,rng_fws|G041,0
G011,Tryonia variegata,Amargosa tryonia,Hydrobiidae,1,LC,FWS:LC,1,FALSE,rng_fws|G011,0
R00M,Tsuga caroliniana,Carolina hemlock,Pinaceae,1,LC,FWS:LC,1,FALSE,rng_fws|R00M,0
Q3P3,Tuberolabium guamense,No common name,Orchidaceae,1,TN,FWS:TN,50,FALSE,rng_fws|Q3P3,21.4
Q23K,Tuctoria greenei,Greene's tuctoria,Poaceae,1,EN,FWS:EN,100,FALSE,rng_fws|Q23K,0
Q23L,Tuctoria mucronata,Solano grass,Poaceae,1,EN,FWS:EN,100,FALSE,rng_fws|Q23L,0
G04X,Tulotoma magnifica,Tulotoma snail,Viviparidae,1,TN,FWS:TN,50,FALSE,rng_fws|G04X,0
B00O,Tympanuchus cupido attwateri,Attwater's greater prairie-chicken,Phasianidae,1,EN,FWS:EN,100,FALSE,rng_fws|B00O,0
B0AZ,Tympanuchus pallidicinctus,Lesser prairie-chicken,Phasianidae,1,LC,FWS:LC,1,FALSE,rng_fws|B0AZ,0
C02I,Uma inornata,Coachella Valley fringe-toed lizard,Phrynosomatidae,1,TN,FWS:TN,50,FALSE,rng_fws|C02I,0
Q23M,Urera kaalae,Opuhe,Urticaceae,1,EN,FWS:EN,100,FALSE,rng_fws|Q23M,0
A0EK,Urocitellus brunneus,Northern Idaho Ground Squirrel,Sciuridae,1,TN,FWS:TN,50,FALSE,rng_fws|A0EK,0
A0EO,Urocitellus endemicus,Southern Idaho ground Squirrel,Sciuridae,1,LC,FWS:LC,1,FALSE,rng_fws|A0EO,0
A0HE,Urocitellus washingtoni,Washington ground squirrel,Sciuridae,1,LC,FWS:LC,1,FALSE,rng_fws|A0HE,0
A08K,Urocyon littoralis catalinae,Santa Catalina Island Fox,Canidae,1,TN,FWS:TN,50,FALSE,rng_fws|A08K,2.9
A08I,Urocyon littoralis littoralis,San Miguel Island Fox,Canidae,1,LC,FWS:LC,1,FALSE,rng_fws|A08I,0.9
A08L,Urocyon littoralis santacruzae,Santa Cruz Island Fox,Canidae,1,LC,FWS:LC,1,FALSE,rng_fws|A08L,0.9
A08M,Urocyon littoralis santarosae,Santa Rosa Island Fox,Canidae,1,LC,FWS:LC,1,FALSE,rng_fws|A08M,0.9
D04Q,Urspelerpes brucei,Patch-nosed salamander,Plethodontidae,1,LC,FWS:LC,1,FALSE,rng_fws|D04Q,0
A0G1,Ursus americanus,American black bear,Ursidae,1,LC,FWS:LC,1,FALSE,rng_fws|A0G1,3.5
A08E,Ursus americanus floridanus,Florida black bear,Ursidae,1,LC,FWS:LC,1,FALSE,rng_fws|A08E,0
A08F,Ursus americanus luteolus,Louisiana black bear,Ursidae,1,LC,FWS:LC,1,FALSE,rng_fws|A08F,7.1
A001,Ursus arctos horribilis,Grizzly bear,Ursidae,1,TN,FWS:TN,50,FALSE,rng_fws|A001,0
A0IJ,Ursus maritimus,Polar bear,Ursidae,1,TN,FWS:TN,50,TRUE,rng_fws|A0IJ,85.1
I0R8,Vagrans egistina,Mariana wandering butterfly,Nymphalidae,1,EN,FWS:EN,100,FALSE,rng_fws|I0R8,23.5
G05R,Valvata utahensis,Utah valvata snail,Valvatidae,1,LC,FWS:LC,1,FALSE,rng_fws|G05R,0
Q0GP,Varronia rupicola,No common name,Boraginaceae,1,TN,FWS:TN,50,FALSE,rng_fws|Q0GP,8.2
Q2LO,Verbena californica,Red Hills vervain,Verbenaceae,1,TN,FWS:TN,50,FALSE,rng_fws|Q2LO,0
Q3GB,Verbesina dissita,Big-leaved crownbeard,Asteraceae,1,TN,FWS:TN,50,FALSE,rng_fws|Q3GB,32.1
B0G4,Vermivora chrysoptera,Golden-winged warbler,Parulidae,1,LC,FWS:LC,1,TRUE,rng_fws|B0G4,3.3
Q3A6,Vernonia proctorii,No common name,Asteraceae,1,EN,FWS:EN,100,FALSE,rng_fws|Q3A6,0
G0EJ,Vertigo sp,Hoko vertigo,Pupillidae,1,LC,FWS:LC,1,FALSE,rng_fws|G0EJ,34.9
G0EH,Vespericola pressleyi,Big Bar hesperian,Polygyridae,1,LC,FWS:LC,1,FALSE,rng_fws|G0EH,0
G0EG,Vespericola shasta,Shasta hesperian,Polygyridae,1,LC,FWS:LC,1,FALSE,rng_fws|G0EG,0
K03C,Vetericaris chaceorum,Anchialine pool shrimp,Procaridae,1,EN,FWS:EN,100,TRUE,rng_fws|K03C,19.7
Q23Q,Vicia menziesii,Hawaiian vetch,Fabaceae,1,EN,FWS:EN,100,FALSE,rng_fws|Q23Q,0
Q23R,Vigna o-wahuensis,No common name,Fabaceae,1,EN,FWS:EN,100,FALSE,rng_fws|Q23R,9.6
F01A,Villosa fabalis,Rayed Bean,Unionidae,1,EN,FWS:EN,100,FALSE,rng_fws|F01A,0
F051,Villosa nebulosa,Alabama rainbow,Unionidae,1,LC,FWS:LC,1,FALSE,rng_fws|F051,0
F001,Villosa perpurpurea,Purple bean,Unionidae,1,EN,FWS:EN,100,FALSE,rng_fws|F001,0
F000,Villosa trabalis,Cumberland bean (pearlymussel),Unionidae,3,EN,FWS:EN,100,FALSE,rng_fws|F000,0
F052,Villosa umbrans,Coosa creekshell,Unionidae,1,LC,FWS:LC,1,FALSE,rng_fws|F052,0
Q23S,Viola chamissoniana ssp. chamissoniana,Pamakani,Violaceae,1,EN,FWS:EN,100,FALSE,rng_fws|Q23S,0.3
Q23T,Viola helenae,No common name,Violaceae,1,EN,FWS:EN,100,FALSE,rng_fws|Q23T,0.9
Q23U,Viola kauaiensis var. wahiawaensis,Nani wai`ale`ale,Violaceae,1,EN,FWS:EN,100,FALSE,rng_fws|Q23U,0.2
Q23V,Viola lanaiensis,No common name,Violaceae,1,EN,FWS:EN,100,FALSE,rng_fws|Q23V,0.5
Q23W,Viola oahuensis,No common name,Violaceae,1,EN,FWS:EN,100,FALSE,rng_fws|Q23W,0
B07T,Vireo atricapilla,Black-capped Vireo,Vireonidae,1,LC,FWS:LC,1,FALSE,rng_fws|B07T,0
B067,Vireo bellii pusillus,Least Bell's vireo,Vireonidae,1,EN,FWS:EN,100,TRUE,rng_fws|B067,0.8
G0EO,Vorticifex sp,Knobby Rams-horn,Planorbidae,1,LC,FWS:LC,1,FALSE,rng_fws|G0EO,0
A006,Vulpes macrotis mutica,San Joaquin kit fox,Canidae,1,EN,FWS:EN,100,FALSE,rng_fws|A006,0.1
A085,Vulpes velox,Swift fox,Canidae,1,LC,FWS:LC,1,FALSE,rng_fws|A085,0
A0AY,Vulpes vulpes necator,Sierra Nevada red fox,Canidae,2,EN,FWS:EN,100,FALSE,rng_fws|A0AY,0
Q2M9,Warea amplexifolia,Wide-leaf warea,Brassicaceae,1,EN,FWS:EN,100,FALSE,rng_fws|Q2M9,0
Q2MA,Warea carteri,Carter's mustard,Brassicaceae,1,EN,FWS:EN,100,FALSE,rng_fws|Q2MA,9
Q243,Wikstroemia skottsbergiana,No common name,Thymelaeaceae,1,EN,FWS:EN,100,FALSE,rng_fws|Q243,0.2
Q244,Wikstroemia villosa,No common name,Thymelaeaceae,1,EN,FWS:EN,100,FALSE,rng_fws|Q244,0
Q245,Wilkesia hobdyi,Dwarf iliau,Asteraceae,1,EN,FWS:EN,100,FALSE,rng_fws|Q245,7.3
C01M,Xantusia riversiana,Island night lizard,Xantusiidae,1,LC,FWS:LC,1,FALSE,rng_fws|C01M,1.2
Q2MK,Xylosma crenatum,No common name,Salicaceae,1,EN,FWS:EN,100,FALSE,rng_fws|Q2MK,2.7
E054,Xyrauchen texanus,Razorback sucker,Catostomidae,1,EN,FWS:EN,100,FALSE,rng_fws|E054,0
Q2MN,Xyris longisepala,Karst pond xyris,Xyridaceae,1,LC,FWS:LC,1,FALSE,rng_fws|Q2MN,4.4
Q2MP,Xyris tennesseensis,Tennessee yellow-eyed grass,Xyridaceae,1,EN,FWS:EN,100,FALSE,rng_fws|Q2MP,0
Q3GI,Yermo xanthocephalus,Desert yellowhead,Asteraceae,1,TN,FWS:TN,50,FALSE,rng_fws|Q3GI,0
Q3A7,Zanthoxylum dipetalum var. tomentosum,A`e,Rutaceae,1,EN,FWS:EN,100,FALSE,rng_fws|Q3A7,0.2
Q246,Zanthoxylum hawaiiense,A`e,Rutaceae,1,EN,FWS:EN,100,FALSE,rng_fws|Q246,0.3
Q3H9,Zanthoxylum oahuense,A`e,Rutaceae,1,EN,FWS:EN,100,FALSE,rng_fws|Q3H9,0
Q2MX,Zanthoxylum thomasianum,St. Thomas prickly-ash,Rutaceae,1,EN,FWS:EN,100,FALSE,rng_fws|Q2MX,15.6
I0VZ,Zapada glacier,Western glacier stonefly,Nemouridae,1,TN,FWS:TN,50,FALSE,rng_fws|I0VZ,0
A0BX,Zapus hudsonius luteus,New Mexico meadow jumping mouse,Zapodidae,1,EN,FWS:EN,100,FALSE,rng_fws|A0BX,0
A0C2,Zapus hudsonius preblei,Preble's meadow jumping mouse,Zapodidae,1,TN,FWS:TN,50,FALSE,rng_fws|A0C2,0
Q24A,Zizania texana,Texas wild-rice,Poaceae,1,EN,FWS:EN,100,FALSE,rng_fws|Q24A,0
Q2WX,Ziziphus celata,Florida ziziphus,Rhamnaceae,1,EN,FWS:EN,100,FALSE,rng_fws|Q2WX,0
B065,Zosterops rotensis,Rota bridled white-eye,Zosteropidae,1,EN,FWS:EN,100,TRUE,rng_fws|B065,26.4
B0EF,larus atricilla,Laughing gull,laridae,1,LC,FWS:LC,1,TRUE,rng_fws|B0EF,20.8
