aphia,species,phylum,class,rec_usa,cells_usa,min_year_usa,max_year_usa,in_v9,has_rng,mp_sdm
159828,Peprilus triacanthus,Chordata,Teleostei,25229,6534,1948,2020,FALSE,FALSE,available
233015,Karenia brevis,Myzozoa,Dinophyceae,33010,2027,1953,2022,FALSE,FALSE,available
840626,Tripos fusus,Myzozoa,Dinophyceae,3738,1851,1961,2021,FALSE,FALSE,available
171632,Aphrocallistes vastus,Porifera,Hexactinellida,3707,1849,1888,2019,FALSE,FALSE,NA
158356,Dichelopandalus leptocerus,Arthropoda,Malacostraca,5539,1740,1879,2020,FALSE,FALSE,available
149093,Thalassionema nitzschioides,Heterokontophyta,Bacillariophyceae,3402,1723,1961,2017,FALSE,FALSE,available
495363,Tripos muelleri,Myzozoa,Dinophyceae,3287,1687,1961,2017,FALSE,FALSE,available
158355,Crangon septemspinosa,Arthropoda,Malacostraca,4709,1437,1903,2020,FALSE,FALSE,NA
368558,Chionoecetes bairdi,Arthropoda,Malacostraca,12683,1434,1975,2004,FALSE,FALSE,NA
157083,Thalassiothrix longissima,Heterokontophyta,Bacillariophyceae,1713,1224,1934,2017,FALSE,FALSE,available
163348,Rhizosolenia semispina,Heterokontophyta,Bacillariophyceae,2109,1114,1934,2017,FALSE,FALSE,available
168642,Mycale (Mycale) loveni,Porifera,Demospongiae,6053,1105,1964,2019,FALSE,FALSE,NA
841260,Tripos macroceros,Myzozoa,Dinophyceae,1772,1036,1961,2017,FALSE,FALSE,available
841259,Tripos longipes,Myzozoa,Dinophyceae,1572,1010,1961,2017,FALSE,FALSE,available
104878,Temora longicornis,Arthropoda,Copepoda,3802,969,1880,2017,FALSE,FALSE,available
159303,Bairdiella chrysoura,Chordata,Teleostei,8608,925,1935,2019,TRUE,TRUE,available
159490,Aluterus schoepfii,Chordata,Teleostei,1348,849,1899,2021,FALSE,FALSE,NA
196813,Neodenticula seminae,Heterokontophyta,Bacillariophyceae,888,794,1984,2017,FALSE,FALSE,available
149152,Pseudo-nitzschia seriata,Heterokontophyta,Bacillariophyceae,2002,762,1934,2022,FALSE,FALSE,available
158435,Ovalipes stephensoni,Arthropoda,Malacostraca,3318,741,1916,2016,FALSE,FALSE,NA
104638,Pleuromamma borealis,Arthropoda,Copepoda,1401,689,1961,2017,FALSE,FALSE,available
104474,Candacia armata,Arthropoda,Copepoda,1176,664,1953,2017,FALSE,FALSE,available
107323,Hyas coarctatus,Arthropoda,Malacostraca,1505,644,1903,2020,FALSE,FALSE,available
246391,Penaeus duorarum,Arthropoda,Malacostraca,12463,642,1884,2021,FALSE,FALSE,NA
231873,Alexandrium catenella,Myzozoa,Dinophyceae,3297,636,1975,2021,FALSE,FALSE,available
128504,Anthoptilum grandiflorum,Cnidaria,Octocorallia,2213,612,1880,2021,FALSE,FALSE,available
837459,Tripos lineatus,Myzozoa,Dinophyceae,816,611,1962,2017,FALSE,FALSE,available
155243,Tharyx acutus,Annelida,Polychaeta,3612,607,1964,2015,FALSE,FALSE,NA
156832,Cyclocardia borealis,Mollusca,Bivalvia,2041,598,1870,2020,FALSE,FALSE,NA
196770,Calanus marshallae,Arthropoda,Copepoda,1343,594,1969,2022,FALSE,FALSE,NA
134285,Suberites ficus,Porifera,Demospongiae,762,585,1967,2020,FALSE,FALSE,available
196775,Eucalanus bungii,Arthropoda,Copepoda,1328,585,1938,2022,FALSE,FALSE,NA
196772,Neocalanus plumchrus,Arthropoda,Copepoda,1332,583,1957,2022,FALSE,FALSE,NA
1042856,Hypanus americanus,Chordata,Elasmobranchii,1414,575,1951,2023,TRUE,TRUE,available
158525,Squatina dumeril,Chordata,Elasmobranchii,1083,572,1950,2019,TRUE,TRUE,available
421894,Moreiradromia antillensis,Arthropoda,Malacostraca,1030,565,1938,2021,FALSE,FALSE,NA
149629,Rhizosolenia styliformis,Heterokontophyta,Bacillariophyceae,664,557,1934,2017,FALSE,FALSE,available
395176,Penaeus aztecus,Arthropoda,Malacostraca,19960,554,1938,2016,FALSE,FALSE,available
104470,Neocalanus cristatus,Arthropoda,Copepoda,1097,550,1888,2022,FALSE,FALSE,available
474112,Luidia lawrencei,Echinodermata,Asteroidea,707,539,1964,2021,FALSE,FALSE,NA
104465,Calanus glacialis,Arthropoda,Copepoda,1729,538,1957,2020,FALSE,FALSE,available
149168,Proboscia alata,Heterokontophyta,Bacillariophyceae,936,537,1962,2017,FALSE,FALSE,available
149074,Skeletonema costatum,Heterokontophyta,Bacillariophyceae,2403,531,1961,2021,FALSE,FALSE,available
840627,Tripos furca,Myzozoa,Dinophyceae,683,526,1962,2021,FALSE,FALSE,available
104811,Scolecithricella minor,Arthropoda,Copepoda,962,480,1954,2022,FALSE,FALSE,available
158400,Pagurus acadianus,Arthropoda,Malacostraca,1192,477,1873,2020,FALSE,FALSE,NA
158112,Leptocheirus pinguis,Arthropoda,Malacostraca,1776,472,1904,2008,FALSE,FALSE,NA
330826,Podarkeopsis levifuscina,Annelida,Polychaeta,670,469,1960,2015,FALSE,FALSE,NA
525497,Aricidea (Acmira) cerrutii,Annelida,Polychaeta,1800,469,1962,2015,FALSE,FALSE,available
149004,Cylindrotheca closterium,Heterokontophyta,Bacillariophyceae,1609,465,1971,2023,FALSE,FALSE,available
149023,Ditylum brightwellii,Heterokontophyta,Bacillariophyceae,1144,463,1934,2022,FALSE,FALSE,available
762818,Penaeus setiferus,Arthropoda,Malacostraca,15574,457,1898,2022,FALSE,FALSE,NA
442167,Hyas lyratus,Arthropoda,Malacostraca,961,448,1975,2005,FALSE,FALSE,NA
559006,Fabricinuda trilobata,Annelida,Polychaeta,1140,446,1963,2015,FALSE,FALSE,NA
103375,Fritillaria borealis,Chordata,Appendicularia,644,443,1970,2022,FALSE,FALSE,available
292043,Callogorgia compressa,Cnidaria,Octocorallia,760,437,1968,2021,FALSE,FALSE,NA
157816,Diastylis quadrispinosa,Arthropoda,Malacostraca,1774,433,1871,2008,FALSE,FALSE,NA
841746,Tripos pentagonus,Myzozoa,Dinophyceae,480,430,1967,2017,FALSE,FALSE,available
219881,Melichthys niger,Chordata,Teleostei,6473,423,1951,2021,FALSE,FALSE,NA
158351,Atlantopandalus propinqvus,Arthropoda,Malacostraca,648,420,1884,2019,FALSE,FALSE,available
102989,Phoxocephalus holbolli,Arthropoda,Malacostraca,1614,418,1905,2008,FALSE,FALSE,available
837453,Tripos horridus,Myzozoa,Dinophyceae,474,418,1961,2017,FALSE,FALSE,available
734532,Aricidea (Strelzovia) suecica,Annelida,Polychaeta,1020,417,1971,2015,FALSE,FALSE,available
1346052,Leodamas rubrus,Annelida,Polychaeta,953,407,1960,2015,FALSE,FALSE,available
841261,Tripos massiliensis,Myzozoa,Dinophyceae,529,403,1967,2016,FALSE,FALSE,available
107676,Pasiphaea multidentata,Arthropoda,Malacostraca,648,394,1955,2019,FALSE,FALSE,available
442165,Chionoecetes tanneri,Arthropoda,Malacostraca,2144,393,1894,2004,FALSE,FALSE,NA
102401,Ericthonius brasiliensis,Arthropoda,Malacostraca,724,391,1903,2019,FALSE,FALSE,available
157885,Edotia triloba,Arthropoda,Malacostraca,678,386,1873,2018,FALSE,FALSE,NA
126715,Argentina silus,Chordata,Teleostei,695,380,1948,2018,FALSE,FALSE,available
882558,Aricidea (Acmira) taylori,Annelida,Polychaeta,975,377,1963,2015,FALSE,FALSE,NA
155202,Euchone incolor,Annelida,Polychaeta,1771,374,1960,2015,FALSE,FALSE,available
1393616,Balticina willemoesi,Cnidaria,Octocorallia,848,372,1888,2022,FALSE,FALSE,NA
757970,Parexogone hebes,Annelida,Polychaeta,1902,365,1973,2008,FALSE,FALSE,available
107205,Lithodes maja,Arthropoda,Malacostraca,513,360,1953,2019,FALSE,FALSE,available
286539,Primnoa pacifica,Cnidaria,Octocorallia,2225,356,1933,2019,FALSE,FALSE,NA
884697,Kirkegaardia annulosa,Annelida,Polychaeta,2477,349,1968,2003,FALSE,FALSE,available
724715,Heteropolypus ritteri,Cnidaria,Octocorallia,33458,342,1949,2022,FALSE,FALSE,NA
712772,Chlorurus spilurus,Chordata,Teleostei,13301,339,2000,2019,TRUE,TRUE,NA
104517,Pseudocalanus minutus,Arthropoda,Copepoda,1063,339,1912,2022,FALSE,FALSE,available
549011,Rhepoxynius hudsoni,Arthropoda,Malacostraca,1242,336,1968,2014,FALSE,FALSE,NA
130769,Harmothoe imbricata,Annelida,Polychaeta,1291,331,1903,2022,FALSE,FALSE,available
158146,Rhepoxynius epistomus,Arthropoda,Malacostraca,874,331,1953,2014,FALSE,FALSE,NA
157817,Diastylis sculpta,Arthropoda,Malacostraca,1190,329,1873,2006,FALSE,FALSE,NA
157575,Spiochaetopterus oculatus,Annelida,Polychaeta,536,326,1904,2015,FALSE,FALSE,NA
130036,Parougia caeca,Annelida,Polychaeta,1918,325,1969,2012,FALSE,FALSE,available
130255,Ninoe nigripes,Annelida,Polychaeta,2600,324,1903,2008,FALSE,FALSE,NA
158023,Ampelisca verrilli,Arthropoda,Malacostraca,1123,316,1963,2006,FALSE,FALSE,NA
766264,Homaxinella amphispicula,Porifera,Demospongiae,457,316,1997,2021,FALSE,FALSE,NA
157572,Spio pettiboneae,Annelida,Polychaeta,854,312,1963,2015,FALSE,FALSE,NA
368346,Petrochirus diogenes,Arthropoda,Malacostraca,466,310,1885,2021,FALSE,FALSE,available
157320,Clymenella zonalis,Annelida,Polychaeta,1250,310,1903,2003,FALSE,FALSE,available
104566,Paraeuchaeta norvegica,Arthropoda,Copepoda,774,310,1906,2017,FALSE,FALSE,available
156746,Astarte subaequilatera,Mollusca,Bivalvia,506,307,1950,2008,FALSE,FALSE,available
131108,Apoprionospio pygmaea,Annelida,Polychaeta,539,304,1963,2015,FALSE,FALSE,available
101946,Byblis serrata,Arthropoda,Malacostraca,795,303,1903,2008,FALSE,FALSE,available
156917,Nuculana acuta,Mollusca,Bivalvia,779,300,1880,2019,FALSE,FALSE,available
712758,Bodianus albotaeniatus,Chordata,Teleostei,7240,297,2000,2019,TRUE,TRUE,NA
157503,Nereis grayi,Annelida,Polychaeta,1071,297,1952,2011,FALSE,FALSE,NA
454040,Mithrax pleuracanthus,Arthropoda,Malacostraca,631,296,1965,2021,FALSE,FALSE,NA
149055,Paralia sulcata,Heterokontophyta,Bacillariophyceae,642,296,1934,2022,FALSE,FALSE,available
760592,Exogone rolani,Annelida,Polychaeta,717,294,1996,2011,FALSE,FALSE,NA
130762,Harmothoe extenuata,Annelida,Polychaeta,1268,287,1969,2017,FALSE,FALSE,available
130145,Goniadella gracilis,Annelida,Polychaeta,1198,286,1954,2006,FALSE,FALSE,available
849119,Ameritella versicolor,Mollusca,Bivalvia,1187,285,1925,2019,FALSE,FALSE,NA
1362560,Astropecten mcedwardi,Echinodermata,Asteroidea,446,284,1964,2021,FALSE,FALSE,NA
196774,Centropages abdominalis,Arthropoda,Copepoda,783,282,1934,2017,FALSE,FALSE,NA
178751,Echinaster (Othilia) paucispinus,Echinodermata,Asteroidea,448,279,1965,2021,FALSE,FALSE,NA
149116,Rhizosolenia imbricata,Heterokontophyta,Bacillariophyceae,539,279,1961,2017,FALSE,FALSE,available
131077,Sthenelais limicola,Annelida,Polychaeta,1253,278,1958,2006,FALSE,FALSE,available
156958,Periploma papyratium,Mollusca,Bivalvia,1011,277,1905,2008,FALSE,FALSE,NA
165789,Halichondria (Eumastia) sitiens,Porifera,Demospongiae,365,275,1951,2016,FALSE,FALSE,available
157807,Neomysis americana,Arthropoda,Malacostraca,733,270,1873,2003,FALSE,FALSE,available
420912,Ervilia nitens,Mollusca,Bivalvia,662,270,1925,2019,FALSE,FALSE,available
408938,Neogonodactylus bredini,Arthropoda,Malacostraca,597,269,1884,2020,FALSE,FALSE,NA
878517,Ameritella sybaritica,Mollusca,Bivalvia,450,266,1925,2016,FALSE,FALSE,NA
179596,Corethron hystrix,Heterokontophyta,Bacillariophyceae,321,266,1984,2017,FALSE,FALSE,available
710702,Oxydromus obscurus,Annelida,Polychaeta,551,264,1871,2013,FALSE,FALSE,NA
159352,Epinephelus guttatus,Chordata,Teleostei,2929,263,1979,2021,TRUE,TRUE,NA
1605253,Plectroglyphidodon marginatus,Chordata,Teleostei,8734,259,1889,2019,FALSE,FALSE,NA
157526,Pherusa affinis,Annelida,Polychaeta,1737,256,1903,2006,FALSE,FALSE,NA
129775,Ampharete acutifrons,Annelida,Polychaeta,867,256,1955,2010,FALSE,FALSE,available
158282,Ceriantheopsis americana,Cnidaria,Hexacorallia,1849,256,1950,2010,FALSE,FALSE,NA
102409,Ericthonius rubricornis,Arthropoda,Malacostraca,953,256,1903,2007,FALSE,FALSE,available
148931,Thalassiosira nordenskioeldii,Heterokontophyta,Bacillariophyceae,892,255,1934,2022,FALSE,FALSE,available
158102,Hippomedon serratus,Arthropoda,Malacostraca,789,254,1953,2010,FALSE,FALSE,NA
409251,Gibbesia neglecta,Arthropoda,Malacostraca,1295,253,1884,2021,FALSE,FALSE,NA
158137,Protohaustorius wigleyi,Arthropoda,Malacostraca,871,253,1879,2012,FALSE,FALSE,NA
422530,Havelockia scabra,Echinodermata,Holothuroidea,612,253,1873,1997,FALSE,FALSE,NA
333456,Exogone verugera,Annelida,Polychaeta,1386,245,1963,2013,FALSE,FALSE,available
397040,Chione cancellata,Mollusca,Bivalvia,493,243,1921,2023,FALSE,FALSE,NA
880531,Latrunculia (Uniannulata) oparinae,Porifera,Demospongiae,321,243,2013,2016,FALSE,FALSE,NA
736899,Histodermella kagigunensis,Porifera,Demospongiae,301,243,2003,2016,FALSE,FALSE,NA
157555,Sabellaria vulgaris,Annelida,Polychaeta,619,243,1903,2018,FALSE,FALSE,available
158800,Etropus cyclosquamus,Chordata,Teleostei,814,241,1884,2010,FALSE,FALSE,NA
762338,Ampharete oculata,Annelida,Polychaeta,1394,240,1955,2006,FALSE,FALSE,NA
442134,Stenocionops coelatus,Arthropoda,Malacostraca,392,239,1963,2021,FALSE,FALSE,NA
149102,Thalassiosira gravida,Heterokontophyta,Bacillariophyceae,1075,234,1934,2014,FALSE,FALSE,available
135418,Dimophyes arctica,Cnidaria,Hydrozoa,341,234,1906,2022,FALSE,FALSE,available
104632,Metridia longa,Arthropoda,Copepoda,1318,234,1906,2021,FALSE,FALSE,available
557433,Rudilemboides naglei,Arthropoda,Malacostraca,475,232,1967,2015,FALSE,FALSE,NA
128956,Triconia borealis,Arthropoda,Copepoda,1205,229,1975,2017,FALSE,FALSE,available
276030,Fundulus grandis,Chordata,Teleostei,1748,228,1905,2017,FALSE,FALSE,NA
421180,Rutiderma darbyi,Arthropoda,Ostracoda,570,224,1965,2007,FALSE,FALSE,NA
442161,Chionoecetes angulatus,Arthropoda,Malacostraca,504,224,1895,2004,FALSE,FALSE,NA
842517,Tripos trichoceros,Myzozoa,Dinophyceae,271,223,1974,2016,FALSE,FALSE,available
101908,Ampelisca macrocephala,Arthropoda,Malacostraca,396,222,1903,2008,FALSE,FALSE,available
248348,Labidochirus splendescens,Arthropoda,Malacostraca,297,222,1880,2017,FALSE,FALSE,NA
130537,Scoloplos armiger,Annelida,Polychaeta,499,219,1873,2008,FALSE,FALSE,available
306769,Stomias ferox,Chordata,Teleostei,331,219,1879,1999,FALSE,FALSE,available
103417,Oikopleura (Vexillaria) vanhoeffeni,Chordata,Appendicularia,378,219,1970,2017,FALSE,FALSE,available
107563,Pontophilus norvegicus,Arthropoda,Malacostraca,338,218,1886,2020,FALSE,FALSE,available
334198,Nereis splendida,Annelida,Polychaeta,329,218,1960,2016,FALSE,FALSE,available
149131,Eucampia zodiacus,Heterokontophyta,Bacillariophyceae,448,217,1934,2017,FALSE,FALSE,available
336699,Leodice unifrons,Annelida,Polychaeta,378,217,1884,2011,FALSE,FALSE,NA
157533,Polycirrus eximius,Annelida,Polychaeta,682,216,1855,2013,FALSE,FALSE,NA
369158,Leptasterias arctica,Echinodermata,Asteroidea,277,213,1880,2017,FALSE,FALSE,available
1596965,Harpinia propinqva,Arthropoda,Malacostraca,919,213,1955,2008,FALSE,FALSE,available
837460,Tripos extensus,Myzozoa,Dinophyceae,240,212,1974,2016,FALSE,FALSE,available
157883,Edotia acuta,Arthropoda,Malacostraca,1287,209,1905,1989,FALSE,FALSE,NA
880865,Chondrochelia dubia,Arthropoda,Malacostraca,354,208,1871,2015,FALSE,FALSE,available
149153,Pseudo-nitzschia delicatissima,Heterokontophyta,Bacillariophyceae,1116,208,1961,2022,FALSE,FALSE,available
123639,Plutonaster agassizi,Echinodermata,Asteroidea,270,207,1880,2018,FALSE,FALSE,not available
158155,Unciola inermis,Arthropoda,Malacostraca,826,207,1955,2008,FALSE,FALSE,NA
129837,Paramphinome jeffreysii,Annelida,Polychaeta,845,207,1873,2021,FALSE,FALSE,available
280214,Clepticus parrae,Chordata,Teleostei,12181,206,1964,2021,FALSE,FALSE,NA
149106,Leptocylindrus danicus,Heterokontophyta,Bacillariophyceae,770,205,1934,2016,FALSE,FALSE,available
148992,Coscinodiscus concinnus,Heterokontophyta,Bacillariophyceae,284,203,1962,2017,FALSE,FALSE,available
275348,Poecilia latipinna,Chordata,Teleostei,628,202,1930,2023,FALSE,FALSE,available
195972,Paraehlersia ferrugina,Annelida,Polychaeta,439,202,1963,2007,FALSE,FALSE,available
104467,Calanus hyperboreus,Arthropoda,Copepoda,1304,202,1957,2017,FALSE,FALSE,available
168470,Isodictya rigida,Porifera,Demospongiae,243,201,1997,2016,FALSE,FALSE,NA
129943,Caulleriella alata,Annelida,Polychaeta,406,201,1971,2015,FALSE,FALSE,available
1590706,Sundstroemia setigera,Heterokontophyta,Bacillariophyceae,839,201,1934,2022,FALSE,FALSE,available
110533,Eudorella pusilla,Arthropoda,Malacostraca,1002,200,1873,2006,FALSE,FALSE,not available
877063,Phrontis alba,Mollusca,Gastropoda,392,197,1899,2015,FALSE,FALSE,NA
240633,Glycinde armigera,Annelida,Polychaeta,329,196,1890,2019,FALSE,FALSE,NA
273743,Chromis multilineata,Chordata,Teleostei,13128,196,1962,2021,FALSE,FALSE,available
138940,Bulla striata,Mollusca,Gastropoda,425,196,1878,2015,FALSE,FALSE,available
882559,Aricidea (Acmira) philbinae,Annelida,Polychaeta,431,195,1963,2015,FALSE,FALSE,available
149110,Corethron criophilum,Heterokontophyta,Bacillariophyceae,426,195,1934,2000,FALSE,FALSE,available
1392940,Balticina californica,Cnidaria,Octocorallia,5028,194,1888,2019,FALSE,FALSE,NA
158402,Pagurus arcuatus,Arthropoda,Malacostraca,458,194,1873,2009,FALSE,FALSE,NA
149219,Chaetoceros debilis,Heterokontophyta,Bacillariophyceae,431,193,1934,2012,FALSE,FALSE,available
328937,Lumbrineris cruzensis,Annelida,Polychaeta,517,192,1963,2004,FALSE,FALSE,NA
210378,Penaeus monodon,Arthropoda,Malacostraca,367,192,1988,2018,FALSE,FALSE,available
134391,Farrea occa,Porifera,Hexactinellida,13389,191,1879,2022,FALSE,FALSE,available
196771,Calanus pacificus,Arthropoda,Copepoda,342,191,1974,2020,FALSE,FALSE,NA
159231,Mycteroperca bonaci,Chordata,Teleostei,5656,191,1935,2019,TRUE,TRUE,available
149050,Odontella aurita,Heterokontophyta,Bacillariophyceae,225,191,1965,2017,FALSE,FALSE,available
157181,Aphrodita hastata,Annelida,Polychaeta,395,190,1955,2020,FALSE,FALSE,NA
158144,Pseudunciola obliquua,Arthropoda,Malacostraca,659,188,1962,2006,FALSE,FALSE,NA
254746,Leitoscoloplos pugettensis,Annelida,Polychaeta,328,188,1953,2003,FALSE,FALSE,available
102932,Westwoodilla caecula,Arthropoda,Malacostraca,241,187,1975,2008,FALSE,FALSE,available
409357,Squilla rugosa,Arthropoda,Malacostraca,245,186,1885,2021,FALSE,FALSE,NA
158338,Pleoticus robustus,Arthropoda,Malacostraca,279,186,1951,2023,FALSE,FALSE,NA
421046,Neanthes micromma,Annelida,Polychaeta,320,185,1976,2015,FALSE,FALSE,NA
152269,Tharyx killariensis,Annelida,Polychaeta,662,184,1971,2002,FALSE,FALSE,available
214982,Ficus ficus,Mollusca,Gastropoda,296,183,1902,2018,FALSE,FALSE,NA
157532,Podarkeopsis brevipalpa,Annelida,Polychaeta,393,183,1964,2004,FALSE,FALSE,available
837448,Tripos carriensis,Myzozoa,Dinophyceae,224,182,1967,2017,FALSE,FALSE,available
254490,Pagurus trigonocheirus,Arthropoda,Malacostraca,262,182,1890,2017,FALSE,FALSE,NA
326885,Decamastus gracilis,Annelida,Polychaeta,234,180,1975,2006,FALSE,FALSE,NA
158349,Alpheus normanni,Arthropoda,Malacostraca,2008,178,1900,2015,FALSE,FALSE,NA
110303,Prorocentrum micans,Myzozoa,Dinophyceae,316,177,1978,2023,FALSE,FALSE,available
743840,Xenophora conchyliophora,Mollusca,Gastropoda,426,176,1935,2020,FALSE,FALSE,NA
331132,Prionospio jubata,Annelida,Polychaeta,265,176,1986,2019,FALSE,FALSE,NA
422976,Ampelisca careyi,Arthropoda,Malacostraca,204,175,1987,2006,FALSE,FALSE,NA
211489,Caulerpa microphysa,Chlorophyta,Ulvophyceae,2102,175,2002,2008,FALSE,FALSE,NA
346433,Stylaster campylecus,Cnidaria,Hydrozoa,312,175,1888,2016,FALSE,FALSE,NA
157836,Pseudoleptocuma minus,Arthropoda,Malacostraca,537,173,1878,2006,FALSE,FALSE,NA
550625,Lithodes couesi,Arthropoda,Malacostraca,363,173,1890,2004,FALSE,FALSE,NA
130616,Eteone longa,Annelida,Polychaeta,504,171,1873,2021,FALSE,FALSE,available
157565,Scoloplos robustus,Annelida,Polychaeta,235,170,1883,2004,FALSE,FALSE,NA
254489,Pagurus capillatus,Arthropoda,Malacostraca,246,169,1884,2017,FALSE,FALSE,NA
286122,Chrysogorgia geniculata,Cnidaria,Octocorallia,2115,169,1987,2022,FALSE,FALSE,NA
148919,Thalassiosira decipiens,Heterokontophyta,Bacillariophyceae,627,169,1934,1984,FALSE,FALSE,available
547000,Ameroculodes edwardsi,Arthropoda,Malacostraca,530,169,1953,2006,FALSE,FALSE,NA
286154,Iridogorgia magnispiralis,Cnidaria,Octocorallia,1915,168,1988,2022,FALSE,FALSE,available
870272,Litocorsa ewingi,Annelida,Polychaeta,343,168,1966,2015,FALSE,FALSE,NA
157839,Tanaissus psammophilus,Arthropoda,Malacostraca,471,168,1975,2013,FALSE,FALSE,NA
107240,Pagurus pubescens,Arthropoda,Malacostraca,334,167,1885,2014,FALSE,FALSE,available
125355,Metallogorgia melanotrichos,Cnidaria,Octocorallia,2084,167,1902,2022,FALSE,FALSE,available
104642,Pleuromamma robusta,Arthropoda,Copepoda,204,167,1960,2016,FALSE,FALSE,NA
286365,Muriceides nigra,Cnidaria,Octocorallia,257,167,1906,2021,FALSE,FALSE,NA
423552,Neocrangon communis,Arthropoda,Malacostraca,206,166,1893,2022,FALSE,FALSE,NA
107531,Spirontocaris liljeborgii,Arthropoda,Malacostraca,266,165,1953,2019,FALSE,FALSE,available
124943,Stegophiura nodosa,Echinodermata,Ophiuroidea,249,164,1880,2017,FALSE,FALSE,available
149318,Nitzschia delicatissima,Heterokontophyta,Bacillariophyceae,497,163,1974,1999,FALSE,FALSE,available
511730,Cotonopsis lafresnayi,Mollusca,Gastropoda,262,163,1887,2010,FALSE,FALSE,NA
102385,Photis pollex,Arthropoda,Malacostraca,543,162,1873,2006,FALSE,FALSE,available
962003,Chaetoceros septentrionalis,Heterokontophyta,Bacillariophyceae,570,162,1974,2007,FALSE,FALSE,NA
328132,Glycera nana,Annelida,Polychaeta,200,160,2000,2019,FALSE,FALSE,NA
196784,Metridia pacifica,Arthropoda,Copepoda,500,160,1978,2022,FALSE,FALSE,NA
276514,Gobiosoma robustum,Chordata,Teleostei,4622,160,1887,2023,FALSE,FALSE,NA
234483,Saccharina latissima,Ochrophyta,Phaeophyceae,11635,160,1903,2018,FALSE,FALSE,available
103937,Styela rustica,Chordata,Ascidiacea,210,158,1884,2017,FALSE,FALSE,available
214397,Dictyosphaeria versluysii,Chlorophyta,Ulvophyceae,716,158,1923,2010,FALSE,FALSE,NA
157670,Eurytemora herdmani,Arthropoda,Copepoda,213,158,1934,2017,FALSE,FALSE,NA
242652,Amphiodia craterodmeta,Echinodermata,Ophiuroidea,240,158,1884,2017,FALSE,FALSE,NA
129984,Cossura longocirrata,Annelida,Polychaeta,945,158,1962,2001,FALSE,FALSE,available
289324,Acanthoptilum gracile,Cnidaria,Octocorallia,398,157,1889,2019,FALSE,FALSE,NA
275419,Fenestraja sinusmexicanus,Chordata,Elasmobranchii,261,157,1950,2007,TRUE,TRUE,NA
333592,Hemipodia simplex,Annelida,Polychaeta,595,156,1964,2022,FALSE,FALSE,NA
158503,Ophiothrix angulata,Echinodermata,Ophiuroidea,374,155,1879,2013,FALSE,FALSE,NA
254749,Magelona longicornis,Annelida,Polychaeta,1045,155,1960,2006,FALSE,FALSE,NA
149129,Chaetoceros compressus,Heterokontophyta,Bacillariophyceae,544,155,1934,1994,FALSE,FALSE,available
421198,Eusarsiella radiicosta,Arthropoda,Ostracoda,392,154,1965,2007,FALSE,FALSE,NA
254497,Asterias amurensis,Echinodermata,Asteroidea,218,153,1884,2017,FALSE,FALSE,available
376054,Microdictyon setchellianum,Chlorophyta,Ulvophyceae,9378,150,1936,2010,FALSE,FALSE,NA
149114,Rhizosolenia delicatula,Heterokontophyta,Bacillariophyceae,669,150,1934,2022,FALSE,FALSE,available
158072,Microphiopholis atra,Echinodermata,Ophiuroidea,398,149,1883,2015,FALSE,FALSE,NA
332521,Terebellides parvus,Annelida,Polychaeta,290,149,1996,2006,FALSE,FALSE,NA
119031,Chiridotea tuftsii,Arthropoda,Malacostraca,402,148,1878,2006,FALSE,FALSE,NA
127303,Vinciguerria nimbaria,Chordata,Teleostei,237,148,1952,2006,FALSE,FALSE,available
127896,Eusarsiella zostericola,Arthropoda,Ostracoda,312,148,1964,2010,FALSE,FALSE,available
1567760,Callistephanus pacificus,Cnidaria,Octocorallia,18972,147,1890,2022,FALSE,FALSE,NA
148969,Biddulphia sinensis,Heterokontophyta,Bacillariophyceae,359,147,1977,2015,FALSE,FALSE,available
409346,Squilla deceptrix,Arthropoda,Malacostraca,248,146,1961,2021,FALSE,FALSE,NA
102223,Pontogeneia inermis,Arthropoda,Malacostraca,429,145,1903,2000,FALSE,FALSE,NA
423508,Megamoera dentata,Arthropoda,Malacostraca,342,145,1953,2017,FALSE,FALSE,available
397383,Crassicorophium crassicorne,Arthropoda,Malacostraca,424,144,1969,2011,FALSE,FALSE,available
149126,Chaetoceros decipiens,Heterokontophyta,Bacillariophyceae,636,144,1934,2011,FALSE,FALSE,available
161344,Americamysis bigelowi,Arthropoda,Malacostraca,405,143,1885,2007,FALSE,FALSE,NA
152905,Mendicula ferruginosa,Mollusca,Bivalvia,339,142,1962,2019,FALSE,FALSE,available
169022,Monanchora pulchra,Porifera,Demospongiae,160,142,1890,2016,FALSE,FALSE,NA
123908,Psilaster andromeda,Echinodermata,Asteroidea,192,142,1879,2020,FALSE,FALSE,available
1507962,Scoletoma acicularum,Annelida,Polychaeta,845,141,1978,2008,FALSE,FALSE,available
124404,Brisaster fragilis,Echinodermata,Echinoidea,299,140,1873,1984,FALSE,FALSE,available
530927,Parasabella microphthalma,Annelida,Polychaeta,206,140,1871,2023,FALSE,FALSE,NA
130905,Euchone elegans,Annelida,Polychaeta,545,139,1905,2010,FALSE,FALSE,available
280790,Floridichthys carpio,Chordata,Teleostei,2344,139,1935,2023,FALSE,FALSE,NA
132468,Axinella blanca,Porifera,Demospongiae,154,138,2004,2016,FALSE,FALSE,NA
156264,Neptunea ventricosa,Mollusca,Gastropoda,154,138,1954,2023,FALSE,FALSE,available
1607102,Nereis riisei,Annelida,Polychaeta,509,137,1884,2018,FALSE,FALSE,NA
156611,Chaetoceros convolutus,Heterokontophyta,Bacillariophyceae,263,136,1934,1984,FALSE,FALSE,available
130470,Onuphis eremita,Annelida,Polychaeta,319,135,1963,2019,FALSE,FALSE,available
878513,Ameritella mitchelli,Mollusca,Bivalvia,190,135,1983,2007,FALSE,FALSE,NA
346398,Epilabidocera longipedata,Arthropoda,Copepoda,231,135,1912,2017,FALSE,FALSE,NA
346025,Acartia (Acanthacartia) tumida,Arthropoda,Copepoda,387,134,1975,1979,FALSE,FALSE,NA
158357,Eualus fabricii,Arthropoda,Malacostraca,177,134,1964,2022,FALSE,FALSE,NA
157679,Pseudocalanus newmani,Arthropoda,Copepoda,223,134,1997,2022,FALSE,FALSE,available
254527,Myoxocephalus jaok,Chordata,Teleostei,279,133,1890,2010,FALSE,FALSE,NA
181764,Cyclaspis unicornis,Arthropoda,Malacostraca,226,133,1976,2015,FALSE,FALSE,NA
149070,Rhizosolenia hebetata,Heterokontophyta,Bacillariophyceae,268,132,1966,2017,FALSE,FALSE,available
558839,Prionospio lighti,Annelida,Polychaeta,156,131,1986,2006,FALSE,FALSE,NA
334136,Nephtys caecoides,Annelida,Polychaeta,253,131,1890,2019,FALSE,FALSE,NA
160215,Colus stimpsoni,Mollusca,Gastropoda,231,131,1878,2018,FALSE,FALSE,available
149123,Chaetoceros socialis,Heterokontophyta,Bacillariophyceae,379,130,1975,2021,FALSE,FALSE,available
104784,Racovitzanus antarcticus,Arthropoda,Copepoda,189,129,1974,2022,FALSE,FALSE,NA
334275,Onuphis iridescens,Annelida,Polychaeta,161,129,1889,2006,FALSE,FALSE,NA
421159,Parasterope pollex,Arthropoda,Ostracoda,182,129,1982,2006,FALSE,FALSE,NA
224824,Polinices lacteus,Mollusca,Gastropoda,243,129,1889,2020,FALSE,FALSE,available
158877,Syacium micrurum,Chordata,Teleostei,159,128,1885,2002,FALSE,FALSE,NA
110535,Eudorella truncatula,Arthropoda,Malacostraca,359,128,1955,2001,FALSE,FALSE,available
405262,Siratus beauii,Mollusca,Gastropoda,203,128,1951,2017,FALSE,FALSE,NA
333037,Aricidea (Acmira) simplex,Annelida,Polychaeta,191,127,1975,2015,FALSE,FALSE,available
220786,Dictyota ceylanica,Ochrophyta,Phaeophyceae,535,126,1953,2010,FALSE,FALSE,NA
157394,Glycera robusta,Annelida,Polychaeta,323,126,1974,2022,FALSE,FALSE,NA
158077,Casco bigelowi,Arthropoda,Malacostraca,322,126,1873,2008,FALSE,FALSE,NA
158496,Leptasterias tenera,Echinodermata,Asteroidea,291,126,1873,1999,FALSE,FALSE,NA
330542,Pholoe glabra,Annelida,Polychaeta,181,125,1953,2019,FALSE,FALSE,NA
371993,Laminaria yezoensis,Ochrophyta,Phaeophyceae,11212,125,1987,2012,FALSE,FALSE,NA
156689,Porosira glacialis,Heterokontophyta,Bacillariophyceae,451,125,1974,2011,FALSE,FALSE,available
476484,Distorsio mcgintyi,Mollusca,Gastropoda,198,124,1939,2015,FALSE,FALSE,NA
488025,Stomozoa gigantea,Chordata,Ascidiacea,253,124,1885,2021,FALSE,FALSE,NA
124343,Phormosoma placenta,Echinodermata,Echinoidea,174,124,1883,2002,FALSE,FALSE,available
341796,Chiroteuthis calyx,Mollusca,Cephalopoda,345,124,1938,2015,FALSE,FALSE,NA
111361,Eucratea loricata,Bryozoa,Gymnolaemata,323,123,1840,2014,FALSE,FALSE,available
110208,Protoperidinium bipes,Myzozoa,Dinophyceae,289,123,1970,2016,FALSE,FALSE,available
289377,Alaskagorgia aleutiana,Cnidaria,Octocorallia,176,122,1984,2017,FALSE,FALSE,NA
532891,Granulina ovuliformis,Mollusca,Gastropoda,172,122,1883,2010,FALSE,FALSE,NA
421974,Macrocoeloma camptocerum,Arthropoda,Malacostraca,202,122,1965,2021,FALSE,FALSE,NA
124798,Molpadia borealis,Echinodermata,Holothuroidea,153,122,1955,2014,FALSE,FALSE,available
334344,Paradiopatra parva,Annelida,Polychaeta,175,122,1897,2006,FALSE,FALSE,NA
181923,Diastylis alaskensis,Arthropoda,Malacostraca,160,122,1884,2017,FALSE,FALSE,NA
440246,Raninoides laevis,Arthropoda,Malacostraca,228,122,1885,2021,FALSE,FALSE,NA
308885,Fundulus xenicus,Chordata,Teleostei,439,121,1951,2023,FALSE,FALSE,NA
451216,Euphilomedes carcharodonta,Arthropoda,Ostracoda,180,121,1999,2019,FALSE,FALSE,NA
152559,Caudina arenata,Echinodermata,Holothuroidea,237,121,1904,2019,FALSE,FALSE,NA
254758,Rhodine bitorquata,Annelida,Polychaeta,136,120,1971,2006,FALSE,FALSE,NA
281114,Hypoplectrus gemma,Chordata,Teleostei,3840,119,1994,2018,FALSE,FALSE,NA
182292,Eudorella pacifica,Arthropoda,Malacostraca,185,119,1972,2003,FALSE,FALSE,NA
110524,Eudorella emarginata,Arthropoda,Malacostraca,240,118,1955,2002,FALSE,FALSE,available
157815,Diastylis polita,Arthropoda,Malacostraca,288,118,1873,2013,FALSE,FALSE,NA
157472,Lumbrineris ernesti,Annelida,Polychaeta,193,118,1960,2007,FALSE,FALSE,NA
127993,Sarsicytheridea bradii,Arthropoda,Ostracoda,125,117,NA,NA,FALSE,FALSE,available
841190,Tripos bucephalus,Myzozoa,Dinophyceae,127,117,1963,2017,FALSE,FALSE,available
173701,Nephtys ferruginea,Annelida,Polychaeta,180,117,1971,2019,FALSE,FALSE,NA
1658668,Gracilipleustes inermis,Arthropoda,Malacostraca,642,116,1962,2008,FALSE,FALSE,NA
159325,Gambusia affinis,Chordata,Teleostei,273,116,1930,2023,FALSE,FALSE,available
869884,Micronephthys cornuta,Annelida,Polychaeta,292,116,1970,2006,FALSE,FALSE,NA
332990,Aphelochaeta monilaris,Annelida,Polychaeta,272,116,1973,2015,FALSE,FALSE,NA
254453,Themisto pacifica,Arthropoda,Malacostraca,165,115,1970,2022,FALSE,FALSE,NA
416523,Acartia clausii,Arthropoda,Copepoda,170,114,1876,2020,FALSE,FALSE,NA
127991,Heterocyprideis sorbyana,Arthropoda,Ostracoda,122,114,1976,1980,FALSE,FALSE,available
422127,Carpoporus papulosus,Arthropoda,Malacostraca,197,114,1963,2018,FALSE,FALSE,NA
841263,Tripos minutus,Myzozoa,Dinophyceae,124,114,1967,2017,FALSE,FALSE,available
158485,Leptosynapta tenuis,Echinodermata,Holothuroidea,255,114,1977,2023,FALSE,FALSE,NA
428630,Cyphocaris challengeri,Arthropoda,Malacostraca,214,113,1905,2022,FALSE,FALSE,NA
103312,Antipathes furcata,Cnidaria,Hexacorallia,693,113,1965,2019,FALSE,FALSE,available
167912,Echinoclathria beringensis,Porifera,Demospongiae,121,113,2006,2016,FALSE,FALSE,NA
374655,Dasya iridescens,Rhodophyta,Florideophyceae,260,113,1908,2010,FALSE,FALSE,NA
332504,Terebellides californica,Annelida,Polychaeta,153,113,1972,2021,FALSE,FALSE,NA
286505,Candidella gigantea,Cnidaria,Octocorallia,2565,112,1987,2022,FALSE,FALSE,NA
289768,Cyclohelia lamellata,Cnidaria,Hydrozoa,203,112,1994,2016,FALSE,FALSE,NA
326722,Chloeia pinnata,Annelida,Polychaeta,162,111,1965,2006,FALSE,FALSE,NA
491164,Neptunea decemcostata,Mollusca,Gastropoda,171,111,1881,2019,FALSE,FALSE,NA
117265,Aeginopsis laurentii,Cnidaria,Hydrozoa,148,111,1950,2017,FALSE,FALSE,available
160368,Melampus bidentatus,Mollusca,Gastropoda,181,111,1894,2019,FALSE,FALSE,NA
333624,Hobsonia florida,Annelida,Polychaeta,147,111,1973,2016,FALSE,FALSE,NA
567619,Pista estevanica,Annelida,Polychaeta,150,110,2003,2019,FALSE,FALSE,NA
399228,Nodulotrophon coronatus,Mollusca,Gastropoda,149,110,1974,2017,FALSE,FALSE,NA
489646,Dyopedos monacanthus,Arthropoda,Malacostraca,543,110,1953,2008,FALSE,FALSE,available
549769,Gracilipleustes gracilis,Arthropoda,Malacostraca,386,110,1953,2000,FALSE,FALSE,NA
158898,Lampanyctus tenuiformis,Chordata,Teleostei,123,110,1975,1975,FALSE,FALSE,NA
163243,Eucampia striata,Heterokontophyta,Bacillariophyceae,158,110,1978,2022,FALSE,FALSE,available
156859,Geukensia demissa,Mollusca,Bivalvia,163,110,1904,2020,FALSE,FALSE,available
107568,Sclerocrangon boreas,Arthropoda,Malacostraca,157,109,1890,2024,FALSE,FALSE,available
156607,Chaetoceros concavicornis,Heterokontophyta,Bacillariophyceae,237,109,1964,1984,FALSE,FALSE,available
163344,Pseudosolenia calcar-avis,Heterokontophyta,Bacillariophyceae,138,109,1976,2016,FALSE,FALSE,available
183372,Protankyra brychia,Echinodermata,Holothuroidea,246,109,1883,2007,FALSE,FALSE,available
149231,Rhizosolenia fragilissima,Heterokontophyta,Bacillariophyceae,359,109,1934,2016,FALSE,FALSE,NA
132507,Phakellia dalli,Porifera,Demospongiae,134,109,1997,2012,FALSE,FALSE,NA
421172,Pseudophilomedes ambon,Arthropoda,Ostracoda,199,109,1974,2010,FALSE,FALSE,NA
1507966,Scoletoma hebes,Annelida,Polychaeta,1020,108,1873,1997,FALSE,FALSE,NA
967836,Triceratium alternans,Heterokontophyta,Bacillariophyceae,223,108,1967,2022,FALSE,FALSE,NA
149150,Nitzschia longissima,Heterokontophyta,Bacillariophyceae,507,108,1964,2012,FALSE,FALSE,available
131398,Streptosyllis arenae,Annelida,Polychaeta,457,108,1974,2008,FALSE,FALSE,available
421429,Coifmanniella mexicana,Arthropoda,Malacostraca,222,108,1884,2015,FALSE,FALSE,NA
548649,Photis dentata,Arthropoda,Malacostraca,658,107,1953,1993,FALSE,FALSE,NA
241954,Pannychia moseleyi,Echinodermata,Holothuroidea,2923,107,1889,2014,FALSE,FALSE,available
254487,Argis lar,Arthropoda,Malacostraca,109,107,1890,2022,FALSE,FALSE,NA
102862,Acanthostepheia behringiensis,Arthropoda,Malacostraca,131,105,1932,2017,FALSE,FALSE,available
590147,Echidnocerus foraminatus,Arthropoda,Malacostraca,142,105,1888,2021,FALSE,FALSE,NA
292044,Callogorgia fraseri,Cnidaria,Octocorallia,132,105,1980,2016,FALSE,FALSE,NA
298828,Bathyraja kincaidii,Chordata,Elasmobranchii,162,104,1890,2019,TRUE,TRUE,NA
104514,Pseudocalanus acuspes,Arthropoda,Copepoda,187,104,2015,2017,FALSE,FALSE,available
423638,Paracyprideis pseudopunctillata,Arthropoda,Ostracoda,109,104,NA,NA,FALSE,FALSE,available
279603,Anarchopterus criniger,Chordata,Teleostei,867,104,1887,2023,TRUE,TRUE,NA
171636,Heterochone calyx,Porifera,Hexactinellida,4081,103,1888,2020,FALSE,FALSE,NA
158212,Actinauge longicornis,Cnidaria,Hexacorallia,168,103,1880,2010,FALSE,FALSE,NA
237870,Tessarabrachion oculatum,Arthropoda,Malacostraca,205,103,1963,2022,FALSE,FALSE,NA
796836,Synasterope setisparsa,Arthropoda,Ostracoda,235,102,1983,2007,FALSE,FALSE,NA
254479,Neptunea heros,Mollusca,Gastropoda,137,102,1965,2023,FALSE,FALSE,available
136486,Tanaissus lilljeborgi,Arthropoda,Malacostraca,1077,102,1974,2000,FALSE,FALSE,available
421184,Rutiderma mollitum,Arthropoda,Ostracoda,193,102,1974,2007,FALSE,FALSE,NA
254486,Crangon dalli,Arthropoda,Malacostraca,124,102,1890,2022,FALSE,FALSE,NA
195924,Plakina tanaga,Porifera,Homoscleromorpha,129,102,1997,2016,FALSE,FALSE,NA
130566,Aricidea neosuecica,Annelida,Polychaeta,553,102,1974,2002,FALSE,FALSE,available
156939,Periploma fragile,Mollusca,Bivalvia,241,102,1903,2000,FALSE,FALSE,NA
180759,Primno macropa,Arthropoda,Malacostraca,131,101,1967,2022,FALSE,FALSE,available
1608733,Callistephanus simplex,Cnidaria,Octocorallia,2826,101,1888,2020,FALSE,FALSE,NA
334789,Sigalion spinosus,Annelida,Polychaeta,191,101,1889,2019,FALSE,FALSE,NA
421153,Amboleberis americana,Arthropoda,Ostracoda,159,101,1924,2007,FALSE,FALSE,NA
607421,Leitoscoloplos acutus,Annelida,Polychaeta,250,101,1871,2008,FALSE,FALSE,available
138858,Buccinum angulosum,Mollusca,Gastropoda,119,100,1954,2017,FALSE,FALSE,not available
555856,Niveria maltbiana,Mollusca,Gastropoda,203,100,1940,2021,FALSE,FALSE,NA
126954,Tetrapturus pfluegeri,Chordata,Teleostei,140,100,1992,2005,TRUE,TRUE,NA
195929,Polymastia fluegeli,Porifera,Demospongiae,123,100,2006,2016,FALSE,FALSE,NA
137600,Saccoglossus kowalevskii,Hemichordata,Enteropneusta,125,100,1871,2017,FALSE,FALSE,NA
243274,Hemipholis cordifera,Echinodermata,Ophiuroidea,125,100,1964,2013,FALSE,FALSE,NA
130473,Onuphis opalina,Annelida,Polychaeta,181,99,1955,1985,FALSE,FALSE,available
257108,Caecognathia crenulatifrons,Arthropoda,Malacostraca,139,99,1956,2019,FALSE,FALSE,NA
126617,Lampanyctus macdonaldi,Chordata,Teleostei,121,99,1883,2005,FALSE,FALSE,available
160552,Dinobryon balticum,Ochrophyta,Chrysophyceae,267,99,1974,1984,FALSE,FALSE,available
1488528,Danaus plexippus,Arthropoda,Hexapoda,163,99,2006,2010,FALSE,FALSE,NA
172439,Nitzschia grunowii,Heterokontophyta,Bacillariophyceae,381,99,1974,1980,FALSE,FALSE,available
372502,Egregia menziesii,Ochrophyta,Phaeophyceae,19277,99,1999,2023,FALSE,FALSE,NA
145635,Hypnea spinella,Rhodophyta,Florideophyceae,171,99,1934,2007,FALSE,FALSE,available
247177,Mesokalliapseudes bahamensis,Arthropoda,Malacostraca,176,98,1980,2015,FALSE,FALSE,NA
195953,Erinaceusyllis erinaceus,Annelida,Polychaeta,246,98,1881,2004,FALSE,FALSE,available
286515,Narella dichotoma,Cnidaria,Octocorallia,787,98,1902,2022,FALSE,FALSE,NA
214429,Haloplegma duperreyi,Rhodophyta,Florideophyceae,259,98,1962,2010,FALSE,FALSE,NA
444171,Pseudomedaeus agassizi,Arthropoda,Malacostraca,158,98,1965,2015,FALSE,FALSE,NA
884311,Hoplopolemius propinquus,Arthropoda,Malacostraca,160,98,1908,2015,FALSE,FALSE,NA
104560,Paraeuchaeta glacialis,Arthropoda,Copepoda,364,98,1957,1998,FALSE,FALSE,available
276134,Gambusia holbrooki,Chordata,Teleostei,269,97,1948,2023,FALSE,FALSE,available
103251,Hyperia galba,Arthropoda,Malacostraca,308,97,1954,2019,FALSE,FALSE,available
590118,Placetron wosnessenskii,Arthropoda,Malacostraca,126,97,1890,2005,FALSE,FALSE,NA
178718,Tethyaster vestitus,Echinodermata,Asteroidea,143,97,1965,2021,FALSE,FALSE,NA
288900,Porites evermanni,Cnidaria,Hexacorallia,3635,96,2006,2010,TRUE,TRUE,NA
129840,Aphrodita aculeata,Annelida,Polychaeta,113,96,1978,2004,FALSE,FALSE,available
102722,Socarnes bidenticulatus,Arthropoda,Malacostraca,127,96,1932,2017,FALSE,FALSE,available
149288,Chaetoceros atlanticus,Heterokontophyta,Bacillariophyceae,166,95,1934,1984,FALSE,FALSE,available
137577,Tubificoides heterochaetus,Annelida,Clitellata,135,95,1991,2004,FALSE,FALSE,available
286152,Iridogorgia bella,Cnidaria,Octocorallia,676,95,1902,2022,FALSE,FALSE,NA
133874,Myxilla brunnea,Porifera,Demospongiae,120,95,2004,2016,FALSE,FALSE,available
158488,Stereoderma unisemita,Echinodermata,Holothuroidea,179,95,1883,2020,FALSE,FALSE,NA
349800,Candacia columbiae,Arthropoda,Copepoda,132,94,1906,2022,FALSE,FALSE,available
182209,Hemilamprops californicus,Arthropoda,Malacostraca,109,94,1987,2019,FALSE,FALSE,NA
158505,Molgula arenata,Chordata,Ascidiacea,234,94,1885,2021,FALSE,FALSE,NA
236056,Gephyrocapsa huxleyi,Haptophyta,Coccolithophyceae,730,94,1969,2022,FALSE,FALSE,NA
113434,Globigerina bulloides,Foraminifera,Globothalamea,1274,94,1959,2020,FALSE,FALSE,available
870267,Litocorsa acuminata,Annelida,Polychaeta,194,94,1976,2002,FALSE,FALSE,NA
149624,Chaetoceros furcellatus,Heterokontophyta,Bacillariophyceae,247,94,1934,1984,FALSE,FALSE,available
326478,Aphelochaeta glandaria,Annelida,Polychaeta,112,94,1991,2003,FALSE,FALSE,NA
102014,Arctolembos arcticus,Arthropoda,Malacostraca,123,94,1976,2017,FALSE,FALSE,available
490909,Clinopegma magnum,Mollusca,Gastropoda,110,94,1976,2014,FALSE,FALSE,NA
147322,Cerebratulus lacteus,Nemertea,Pilidiophora,304,93,1877,2021,FALSE,FALSE,available
441906,Ericerodes gracilipes,Arthropoda,Malacostraca,167,93,1885,2018,FALSE,FALSE,NA
113460,Orbulina universa,Foraminifera,Globothalamea,1192,93,1959,1997,FALSE,FALSE,available
131402,Streptosyllis websteri,Annelida,Polychaeta,161,93,1963,2015,FALSE,FALSE,available
841193,Tripos candelabrum,Myzozoa,Dinophyceae,96,93,1978,2015,FALSE,FALSE,available
157463,Dictyocha fibula,Ochrophyta,Dictyochophyceae,199,93,1969,2016,FALSE,FALSE,available
131156,Prionospio ehlersi,Annelida,Polychaeta,214,92,1975,2003,FALSE,FALSE,available
139320,Oenopota harpa,Mollusca,Gastropoda,119,92,1978,2017,FALSE,FALSE,available
596553,Retifusus roseus,Mollusca,Gastropoda,108,92,2012,2023,FALSE,FALSE,NA
113473,Neogloboquadrina dutertrei,Foraminifera,Globothalamea,898,92,1959,2014,FALSE,FALSE,available
286222,Leptogorgia chilensis,Cnidaria,Octocorallia,2323,92,1888,2019,FALSE,FALSE,NA
334757,Scoletoma parvapedata,Annelida,Polychaeta,1475,91,1963,1983,FALSE,FALSE,NA
107502,Eualus belcheri,Arthropoda,Malacostraca,179,91,1975,2017,FALSE,FALSE,NA
178632,Luidia ludwigi,Echinodermata,Asteroidea,106,91,1889,2021,FALSE,FALSE,NA
113444,Globigerinoides ruber,Foraminifera,Globothalamea,1775,91,1959,1997,FALSE,FALSE,available
328380,Heteropodarke formalis,Annelida,Polychaeta,210,91,1965,2013,FALSE,FALSE,NA
170169,Geodia robusta,Porifera,Demospongiae,138,91,2004,2012,FALSE,FALSE,NA
421044,Paleaequor heteroseta,Annelida,Polychaeta,428,91,1885,2004,FALSE,FALSE,NA
285858,Stylaster brochi,Cnidaria,Hydrozoa,139,91,1906,2015,FALSE,FALSE,NA
134035,Geodia mesotriaena,Porifera,Demospongiae,107,91,1889,2016,FALSE,FALSE,NA
330596,Phyllodoce hartmanae,Annelida,Polychaeta,134,91,1973,2019,FALSE,FALSE,NA
490701,Anomalisipho verkruezeni,Mollusca,Gastropoda,117,91,2012,2017,FALSE,FALSE,available
130954,Potamilla neglecta,Annelida,Polychaeta,262,91,1955,2006,FALSE,FALSE,available
237872,Thysanoessa inspinata,Arthropoda,Malacostraca,172,90,1975,2022,FALSE,FALSE,NA
117912,Sertularia argentea,Cnidaria,Hydrozoa,265,90,1873,1982,FALSE,FALSE,available
329154,Magelona phyllisae,Annelida,Polychaeta,409,90,1974,2004,FALSE,FALSE,NA
576338,Admete solida,Mollusca,Gastropoda,114,90,1990,2017,FALSE,FALSE,NA
163261,Lauderia mediterranea,Heterokontophyta,Bacillariophyceae,95,90,1961,2017,FALSE,FALSE,available
582532,Adontorhina cyclia,Mollusca,Bivalvia,97,90,1987,2019,FALSE,FALSE,NA
422057,Euryplax nitida,Arthropoda,Malacostraca,130,89,1966,2019,FALSE,FALSE,NA
149099,Thalassiosira antarctica,Heterokontophyta,Bacillariophyceae,302,89,1976,1984,FALSE,FALSE,available
113464,Globigerinita glutinata,Foraminifera,Globothalamea,1262,89,1959,1997,FALSE,FALSE,available
102297,Gammarus wilkitzkii,Arthropoda,Malacostraca,111,89,1972,2014,FALSE,FALSE,available
130273,Magelona rosea,Annelida,Polychaeta,690,89,1969,1989,FALSE,FALSE,available
409345,Squilla chydaea,Arthropoda,Malacostraca,293,89,1938,2018,FALSE,FALSE,NA
574237,Plumarella superba,Cnidaria,Octocorallia,125,88,1893,2016,FALSE,FALSE,NA
276420,Eucinostomus harengulus,Chordata,Teleostei,434,88,1998,2017,FALSE,FALSE,NA
175400,Nitzschia frigida,Heterokontophyta,Bacillariophyceae,208,88,1974,1980,FALSE,FALSE,available
288923,Cyphastrea ocellina,Cnidaria,Hexacorallia,2933,88,2000,2010,TRUE,TRUE,NA
246741,Comactinia meridionalis,Echinodermata,Crinoidea,200,88,1889,2021,FALSE,FALSE,NA
158422,Heterocrypta granulata,Arthropoda,Malacostraca,125,88,1904,2021,FALSE,FALSE,NA
102125,Atylus carinatus,Arthropoda,Malacostraca,108,88,1976,2014,FALSE,FALSE,available
102690,Orchomenella minuta,Arthropoda,Malacostraca,260,88,1932,2006,FALSE,FALSE,available
354841,Pleuromamma scutullata,Arthropoda,Copepoda,127,88,1965,2022,FALSE,FALSE,NA
131568,Tomopteris septentrionalis,Annelida,Polychaeta,97,87,1920,2022,FALSE,FALSE,available
421158,Asteropterygion oculitristis,Arthropoda,Ostracoda,257,87,1973,2007,FALSE,FALSE,NA
1045634,Victorgorgia alba,Cnidaria,Octocorallia,855,87,1902,2022,FALSE,FALSE,NA
149884,Ophiomusium eburneum,Echinodermata,Ophiuroidea,170,87,1879,2014,FALSE,FALSE,NA
331210,Scalibregma californicum,Annelida,Polychaeta,126,87,1983,2019,FALSE,FALSE,NA
103256,Hyperoche medusarum,Arthropoda,Malacostraca,104,87,1955,2017,FALSE,FALSE,available
368275,Paguristes puncticeps,Arthropoda,Malacostraca,135,87,1902,2020,FALSE,FALSE,NA
421191,Eusarsiella disparalis,Arthropoda,Ostracoda,157,87,1964,2007,FALSE,FALSE,NA
288456,Palythoa caribaeorum,Cnidaria,Hexacorallia,1024,86,1999,2019,FALSE,FALSE,available
332415,Syllis ortizi,Annelida,Polychaeta,125,86,1980,2011,FALSE,FALSE,NA
816639,Syllis broomensis,Annelida,Polychaeta,227,86,1996,2011,FALSE,FALSE,NA
102707,Paratryphosites abyssi,Arthropoda,Malacostraca,102,86,1980,2017,FALSE,FALSE,NA
446438,Lampanella minima,Mollusca,Gastropoda,207,86,1864,2021,FALSE,FALSE,NA
328985,Lysidice notata,Annelida,Polychaeta,133,86,1997,2015,FALSE,FALSE,NA
841248,Tripos hexacanthus,Myzozoa,Dinophyceae,89,86,1967,2015,FALSE,FALSE,available
884701,Kirkegaardia cryptica,Annelida,Polychaeta,123,86,1986,2019,FALSE,FALSE,NA
353708,Neocalanus flemingeri,Arthropoda,Copepoda,159,86,2015,2022,FALSE,FALSE,NA
1673891,Praxillella pacifica,Annelida,Polychaeta,105,86,1970,2003,FALSE,FALSE,NA
1789435,Electra pilosa,Bryozoa,Gymnolaemata,278,86,1873,2008,FALSE,FALSE,NA
102513,Anonyx lilljeborgi,Arthropoda,Malacostraca,235,86,1877,2015,FALSE,FALSE,available
254559,Moenkhausia tridentata,Chordata,Teleostei,110,85,1993,2007,FALSE,FALSE,NA
131531,Polycirrus medusa,Annelida,Polychaeta,178,85,1972,2003,FALSE,FALSE,available
534698,Meximaera diffidentia,Arthropoda,Malacostraca,159,85,1971,2015,FALSE,FALSE,NA
130819,Melaenis loveni,Annelida,Polychaeta,102,85,1976,2015,FALSE,FALSE,not available
531617,Arrhoges occidentalis,Mollusca,Gastropoda,161,85,1881,1974,FALSE,FALSE,NA
366742,Pagurus ochotensis,Arthropoda,Malacostraca,92,85,1888,2004,FALSE,FALSE,NA
488770,Bemlos unifasciatus,Arthropoda,Malacostraca,161,84,1967,2015,FALSE,FALSE,NA
157573,Spio setosa,Annelida,Polychaeta,446,84,1871,2004,FALSE,FALSE,not available
240752,Nereocystis luetkeana,Ochrophyta,Phaeophyceae,18739,84,1999,2019,FALSE,FALSE,NA
163043,Chaetoceros distans,Heterokontophyta,Bacillariophyceae,276,84,1976,1984,FALSE,FALSE,NA
254499,Lethasterias nanimensis,Echinodermata,Asteroidea,93,84,1888,2017,FALSE,FALSE,NA
113452,Globorotalia scitula,Foraminifera,Globothalamea,1045,83,1959,1997,FALSE,FALSE,available
1287835,Stichopathes luetkeni,Cnidaria,Hexacorallia,929,83,1965,2017,FALSE,FALSE,NA
420170,Volvarina avena,Mollusca,Gastropoda,126,83,1928,2018,FALSE,FALSE,NA
124774,Psychropotes depressa,Echinodermata,Holothuroidea,119,83,1883,2000,FALSE,FALSE,available
760888,Mitrella gausapata,Mollusca,Gastropoda,115,83,1940,2010,FALSE,FALSE,NA
332394,Syllis danieli,Annelida,Polychaeta,119,83,1997,2011,FALSE,FALSE,NA
166666,Amphimedon compressa,Porifera,Demospongiae,300,82,1927,2021,FALSE,FALSE,NA
289661,Chrysopathes speciosa,Cnidaria,Hexacorallia,127,82,1961,2016,FALSE,FALSE,NA
371791,Alaria marginata,Ochrophyta,Phaeophyceae,18461,82,1999,2021,FALSE,FALSE,NA
289747,Cryogorgia koolsae,Cnidaria,Octocorallia,96,82,2000,2017,FALSE,FALSE,NA
1061759,Portunus sayi,Arthropoda,Malacostraca,114,82,1953,2019,FALSE,FALSE,NA
506847,Cochlodesma leanum,Mollusca,Bivalvia,388,82,1903,1985,FALSE,FALSE,NA
420640,Melampus coffea,Mollusca,Gastropoda,194,81,1899,2018,FALSE,FALSE,NA
589796,Cerataspis monstrosus,Arthropoda,Malacostraca,104,81,1884,2021,FALSE,FALSE,available
102314,Weyprechtia heuglini,Arthropoda,Malacostraca,97,81,1980,2014,FALSE,FALSE,NA
734529,Aricidea (Strelzovia) quadrilobata,Annelida,Polychaeta,233,81,1973,2011,FALSE,FALSE,available
394848,Balanus glandula,Arthropoda,Thecostraca,296,81,1923,2022,FALSE,FALSE,available
1436712,Pohleus septemspinosus,Arthropoda,Malacostraca,131,81,1965,2021,FALSE,FALSE,NA
333982,Marycarmenia gaspeensis,Annelida,Polychaeta,570,81,1972,1985,FALSE,FALSE,NA
233108,Stelodoryx oxeata,Porifera,Demospongiae,98,81,2004,2016,FALSE,FALSE,NA
326311,Ampharete americana,Annelida,Polychaeta,452,81,1965,1984,FALSE,FALSE,NA
488965,Nototropis smitti,Arthropoda,Malacostraca,96,80,2012,2014,FALSE,FALSE,available
130542,Myriochele heeri,Annelida,Polychaeta,102,80,1972,2002,FALSE,FALSE,available
158359,Eualus macilentus,Arthropoda,Malacostraca,113,80,1884,2017,FALSE,FALSE,NA
178806,Sclerasterias tanneri,Echinodermata,Asteroidea,115,80,1880,2020,FALSE,FALSE,available
271402,Hydrolagus alberti,Chordata,Holocephali,140,80,1951,2000,TRUE,TRUE,NA
156679,Travisia carnea,Annelida,Polychaeta,195,80,1955,2008,FALSE,FALSE,NA
113458,Neogloboquadrina pachyderma,Foraminifera,Globothalamea,1307,80,1959,1997,FALSE,FALSE,available
138903,Colus jeffreysianus,Mollusca,Gastropoda,96,80,2012,2014,FALSE,FALSE,available
116974,Notostomum laeve,Annelida,Clitellata,96,80,2012,2014,FALSE,FALSE,not available
106377,Mertensia ovum,Ctenophora,Tentaculata,162,80,2015,2021,FALSE,FALSE,available
1528954,Haliophasma geminatum,Arthropoda,Malacostraca,98,80,1956,2006,FALSE,FALSE,NA
423642,Paramphithoe cuspidata,Arthropoda,Malacostraca,96,80,2012,2014,FALSE,FALSE,available
442099,Macrocoeloma nodipes,Arthropoda,Malacostraca,114,79,1965,2021,FALSE,FALSE,NA
422348,Parasmittina nitida,Bryozoa,Gymnolaemata,538,79,1903,1994,FALSE,FALSE,available
1424662,Rathbunixa occidentalis,Arthropoda,Malacostraca,91,79,1970,2019,FALSE,FALSE,NA
409280,Meiosquilla quadridens,Arthropoda,Malacostraca,167,79,1885,2021,FALSE,FALSE,NA
878535,Oudardia iris,Mollusca,Bivalvia,115,79,1926,2010,FALSE,FALSE,NA
113453,Globorotalia truncatulinoides,Foraminifera,Globothalamea,1084,79,1959,1997,FALSE,FALSE,available
333895,Lumbrineris luti,Annelida,Polychaeta,83,79,1979,2003,FALSE,FALSE,NA
157675,Microcalanus pusillus,Arthropoda,Copepoda,528,79,1978,2019,FALSE,FALSE,available
195998,Syllis heterochaeta,Annelida,Polychaeta,94,79,1904,2006,FALSE,FALSE,available
128505,Anthoptilum murrayi,Cnidaria,Octocorallia,333,78,1881,2019,FALSE,FALSE,not available
196832,Zoothamnium pelagicum,Ciliophora,Oligohymenophorea,89,78,1971,2013,FALSE,FALSE,available
273848,Epinephelus drummondhayi,Chordata,Teleostei,178,78,1963,2000,FALSE,FALSE,NA
129113,Siboglinum angustum,Annelida,Polychaeta,160,78,1963,1986,FALSE,FALSE,not available
335875,Lysippe annectens,Annelida,Polychaeta,118,78,1974,2015,FALSE,FALSE,NA
421181,Rutiderma gyre,Arthropoda,Ostracoda,145,78,1971,2007,FALSE,FALSE,NA
371985,Costaria costata,Ochrophyta,Phaeophyceae,18400,78,1999,2020,FALSE,FALSE,NA
110536,Eudorellopsis deformis,Arthropoda,Malacostraca,193,78,1955,2001,FALSE,FALSE,available
289914,Errinopora nanneca,Cnidaria,Hydrozoa,164,78,1893,2016,FALSE,FALSE,NA
240748,Laminaria setchellii,Ochrophyta,Phaeophyceae,18340,78,1999,2022,FALSE,FALSE,NA
113440,Globigerinella siphonifera,Foraminifera,Globothalamea,856,77,1959,2011,FALSE,FALSE,available
288080,Calibelemnon symmetricum,Cnidaria,Octocorallia,1294,77,1891,2017,FALSE,FALSE,NA
159998,Siliqua costata,Mollusca,Bivalvia,173,77,1883,2009,FALSE,FALSE,NA
409348,Squilla edentata,Arthropoda,Malacostraca,86,77,1885,2010,FALSE,FALSE,NA
139190,Amphissa acutecostata,Mollusca,Gastropoda,157,77,1881,1984,FALSE,FALSE,available
506768,Entodesma brasiliense,Mollusca,Bivalvia,120,77,1944,2009,FALSE,FALSE,NA
1026410,Globoconella inflata,Foraminifera,Globothalamea,816,77,1959,1997,FALSE,FALSE,available
421903,Raninoides louisianensis,Arthropoda,Malacostraca,135,77,1885,2019,FALSE,FALSE,NA
423026,Ampelisca pugetica,Arthropoda,Malacostraca,103,77,1957,2019,FALSE,FALSE,NA
333182,Cenogenus brevipes,Annelida,Polychaeta,448,77,1975,2001,FALSE,FALSE,available
178635,Luidia sagamina,Echinodermata,Asteroidea,116,76,1959,2021,FALSE,FALSE,available
131155,Prionospio dubia,Annelida,Polychaeta,114,76,1984,2021,FALSE,FALSE,available
394994,Calappa sulcata,Arthropoda,Malacostraca,104,76,1965,2017,FALSE,FALSE,NA
102696,Orchomenella pinguis,Arthropoda,Malacostraca,161,76,1874,2015,FALSE,FALSE,available
275933,Menidia peninsulae,Chordata,Teleostei,912,76,1965,2008,FALSE,FALSE,NA
177920,Odontaster hispidus,Echinodermata,Asteroidea,107,76,1880,2004,FALSE,FALSE,NA
283882,Antipathes atlantica,Cnidaria,Hexacorallia,646,76,1967,2017,FALSE,FALSE,NA
329068,Myriochele gracilis,Annelida,Polychaeta,108,76,1973,2006,FALSE,FALSE,NA
290874,Pseudodrifa nigra,Cnidaria,Octocorallia,1168,76,1868,2011,FALSE,FALSE,NA
257332,Chiridotea arenicola,Arthropoda,Malacostraca,152,75,1954,2008,FALSE,FALSE,NA
102807,Eriopisa elongata,Arthropoda,Malacostraca,284,75,1962,2006,FALSE,FALSE,available
290965,Renilla reniformis,Cnidaria,Octocorallia,126,75,1851,2016,FALSE,FALSE,NA
240564,Goniada brunnea,Annelida,Polychaeta,126,75,1883,2021,FALSE,FALSE,NA
402646,Hemiemblemaria simula,Chordata,Teleostei,275,75,1962,2018,FALSE,FALSE,NA
1398883,Cheramoides marginata,Arthropoda,Malacostraca,129,75,1966,2015,FALSE,FALSE,NA
130185,Nereimyra punctata,Annelida,Polychaeta,246,75,1883,1986,FALSE,FALSE,available
712606,Hypoplectrus randallorum,Chordata,Teleostei,738,74,1995,2016,FALSE,FALSE,NA
589657,Bathypathes conferta,Cnidaria,Hexacorallia,653,74,1981,2022,FALSE,FALSE,NA
372698,Laminaria farlowii,Ochrophyta,Phaeophyceae,18838,74,1999,2019,FALSE,FALSE,NA
158633,Letharchus velifer,Chordata,Teleostei,101,74,1889,1981,TRUE,TRUE,NA
130577,Cirrophorus furcatus,Annelida,Polychaeta,413,74,1980,2013,FALSE,FALSE,available
130801,Lepidonotus squamatus,Annelida,Polychaeta,386,74,1903,2013,FALSE,FALSE,available
157516,Orbinia swani,Annelida,Polychaeta,147,73,1963,2021,FALSE,FALSE,NA
218395,Carangoides ferdau,Chordata,Teleostei,193,73,2001,2019,FALSE,FALSE,NA
597522,Felimare picta,Mollusca,Gastropoda,89,73,1965,2021,FALSE,FALSE,available
420223,Conus spurius,Mollusca,Gastropoda,128,73,1916,2016,FALSE,FALSE,NA
124455,Labidoplax buskii,Echinodermata,Holothuroidea,258,73,1957,2007,FALSE,FALSE,available
148922,Thalassiosira eccentrica,Heterokontophyta,Bacillariophyceae,830,72,1964,2014,FALSE,FALSE,available
130355,Nephtys caeca,Annelida,Polychaeta,120,72,1873,2006,FALSE,FALSE,available
255006,Arctocephalus philippii,Chordata,Mammalia,194,72,1977,2024,TRUE,TRUE,NA
144456,Bryopsis pennata,Chlorophyta,Ulvophyceae,217,72,1937,2010,FALSE,FALSE,available
251739,Aplidium stellatum,Chordata,Ascidiacea,194,72,1886,2021,FALSE,FALSE,NA
158136,Protohaustorius deichmannae,Arthropoda,Malacostraca,149,72,1955,2014,FALSE,FALSE,NA
341501,Proboscia inermis,Heterokontophyta,Bacillariophyceae,73,72,1992,2017,FALSE,FALSE,available
372517,Pleurophycus gardneri,Ochrophyta,Phaeophyceae,18377,72,1999,2012,FALSE,FALSE,NA
355067,Pseudocalanus mimus,Arthropoda,Copepoda,109,71,2015,2022,FALSE,FALSE,NA
128146,Normanicythere leioderma,Arthropoda,Ostracoda,75,71,NA,NA,FALSE,FALSE,not available
287206,Chrysaora fuscescens,Cnidaria,Scyphozoa,427,71,1969,2022,FALSE,FALSE,NA
149122,Chaetoceros didymus,Heterokontophyta,Bacillariophyceae,276,71,1934,2016,FALSE,FALSE,available
212110,Cheilea equestris,Mollusca,Gastropoda,204,71,1939,2001,FALSE,FALSE,available
369019,Hymenaster koehleri,Echinodermata,Asteroidea,117,71,1895,2000,FALSE,FALSE,NA
271969,Ophichthus melanoporus,Chordata,Teleostei,87,71,1974,1994,TRUE,TRUE,NA
161494,Anchialina typica,Arthropoda,Malacostraca,124,71,1953,2012,FALSE,FALSE,available
507442,Anomalocardia puella,Mollusca,Bivalvia,104,71,1928,2021,FALSE,FALSE,NA
149135,Lauderia annulata,Heterokontophyta,Bacillariophyceae,73,71,1968,2017,FALSE,FALSE,available
130326,Praxillella praetermissa,Annelida,Polychaeta,95,71,1955,1985,FALSE,FALSE,available
149158,Coscinodiscus radiatus,Heterokontophyta,Bacillariophyceae,322,71,1934,2016,FALSE,FALSE,available
332186,Sthenelais tertiaglabra,Annelida,Polychaeta,82,70,1972,2019,FALSE,FALSE,NA
423228,Byblis millsi,Arthropoda,Malacostraca,88,70,1987,2006,FALSE,FALSE,NA
514127,Eusergestes similis,Arthropoda,Malacostraca,3716,70,1957,2022,FALSE,FALSE,NA
125166,Porania (Porania) pulvillus,Echinodermata,Asteroidea,152,70,1879,2014,FALSE,FALSE,available
421199,Eusarsiella spinosa,Arthropoda,Ostracoda,92,70,1977,2007,FALSE,FALSE,NA
287671,Plumarella longispina,Cnidaria,Octocorallia,3115,70,1890,2019,FALSE,FALSE,NA
329725,Nereis procera,Annelida,Polychaeta,99,70,1978,2006,FALSE,FALSE,NA
334901,Tenonia priops,Annelida,Polychaeta,100,70,1971,2019,FALSE,FALSE,NA
715097,Kulamanamana haumeaae,Cnidaria,Hexacorallia,2976,70,1970,2019,FALSE,FALSE,NA
884716,Kirkegaardia tesselata,Annelida,Polychaeta,129,70,1972,2006,FALSE,FALSE,available
878544,Biflustra tenuis,Bryozoa,Gymnolaemata,294,70,1871,2018,FALSE,FALSE,available
418114,Globorotalia tumida,Foraminifera,Globothalamea,511,70,1970,1997,FALSE,FALSE,available
102404,Ericthonius fasciatus,Arthropoda,Malacostraca,477,70,1955,2008,FALSE,FALSE,not available
178133,Pseudarchaster gracilis,Echinodermata,Asteroidea,95,69,1885,2011,FALSE,FALSE,available
102514,Anonyx nugax,Arthropoda,Malacostraca,109,69,1910,2015,FALSE,FALSE,available
836687,Conasprella jaspidea,Mollusca,Gastropoda,176,69,1911,2004,TRUE,TRUE,NA
148701,Heteromysis (Heteromysis) formosa,Arthropoda,Malacostraca,110,69,1875,2018,FALSE,FALSE,available
130290,Euclymene collaris,Annelida,Polychaeta,171,69,1972,1977,FALSE,FALSE,available
128001,Rabilimis septentrionalis,Arthropoda,Ostracoda,76,69,1977,1977,FALSE,FALSE,not available
1059632,Siphonoecetes smithianus,Arthropoda,Malacostraca,169,69,1955,2006,FALSE,FALSE,NA
172836,Navicula pelagica,Heterokontophyta,Bacillariophyceae,210,68,1975,1980,FALSE,FALSE,available
1455327,Globorotalia (Truncorotalia) crassaformis,Foraminifera,Globothalamea,722,68,1959,1997,FALSE,FALSE,available
421796,Processa vicina,Arthropoda,Malacostraca,120,68,1885,2013,FALSE,FALSE,available
111397,Celleporella hyalina,Bryozoa,Gymnolaemata,169,68,1840,2010,FALSE,FALSE,available
371639,Chondria simpliciuscula,Rhodophyta,Florideophyceae,135,68,1991,2008,FALSE,FALSE,NA
113462,Turborotalita quinqueloba,Foraminifera,Globothalamea,858,68,1970,1997,FALSE,FALSE,available
131442,Syllis lutea,Annelida,Polychaeta,132,68,1963,2004,FALSE,FALSE,available
149880,Araeosoma fenestratum,Echinodermata,Echinoidea,76,68,1885,2018,FALSE,FALSE,available
221331,Pulleniatina obliquiloculata,Foraminifera,Globothalamea,551,68,1959,1997,FALSE,FALSE,available
181932,Diastylis bispinosa,Arthropoda,Malacostraca,169,67,1975,1977,FALSE,FALSE,NA
134194,Polymastia boletiformis,Porifera,Demospongiae,87,67,1873,2014,FALSE,FALSE,available
884699,Kirkegaardia baptisteae,Annelida,Polychaeta,90,67,1981,2013,FALSE,FALSE,not available
129124,Siboglinum pholidotum,Annelida,Polychaeta,172,67,1963,1986,FALSE,FALSE,available
787118,Kyphocythere limicola,Arthropoda,Ostracoda,69,67,NA,NA,FALSE,FALSE,not available
124802,Molpadia oolitica,Echinodermata,Holothuroidea,76,67,1878,1999,FALSE,FALSE,available
225434,Tedania (Tedania) kagalaskai,Porifera,Demospongiae,76,66,2004,2016,FALSE,FALSE,NA
421781,Lysmata rathbunae,Arthropoda,Malacostraca,87,66,1885,2019,FALSE,FALSE,NA
372515,Dictyoneurum californicum,Ochrophyta,Phaeophyceae,18190,66,1999,2020,FALSE,FALSE,NA
145129,Jania pumila,Rhodophyta,Florideophyceae,128,66,1933,2008,FALSE,FALSE,NA
124797,Molpadia blakei,Echinodermata,Holothuroidea,90,66,1884,2000,FALSE,FALSE,not available
103044,Dyopedos porrectus,Arthropoda,Malacostraca,111,66,1955,2010,FALSE,FALSE,available
332917,Amaeana occidentalis,Annelida,Polychaeta,155,66,1970,2006,FALSE,FALSE,NA
1671474,Parachrysogorgia stellata,Cnidaria,Octocorallia,280,66,1902,2022,FALSE,FALSE,NA
761520,Kurtzina beta,Mollusca,Gastropoda,93,66,1969,2019,FALSE,FALSE,NA
113450,Globorotalia menardii,Foraminifera,Globothalamea,738,65,1959,1997,FALSE,FALSE,available
422108,Speocarcinus lobatus,Arthropoda,Malacostraca,199,65,1974,2021,FALSE,FALSE,NA
1307579,Alamprops quadriplicatus,Arthropoda,Malacostraca,135,65,1873,2006,FALSE,FALSE,NA
113441,Globigerinoides conglobatus,Foraminifera,Globothalamea,637,65,1959,1997,FALSE,FALSE,available
1671461,Parachrysogorgia chryseis,Cnidaria,Octocorallia,437,65,1990,2022,FALSE,FALSE,NA
422503,Mellita tenuis,Echinodermata,Echinoidea,120,65,1952,2017,FALSE,FALSE,NA
548642,Photis brevipes,Arthropoda,Malacostraca,128,65,1957,2019,FALSE,FALSE,NA
149159,Coscinodiscus centralis,Heterokontophyta,Bacillariophyceae,865,65,1934,2013,FALSE,FALSE,available
421155,Asteropella maclaughlinae,Arthropoda,Ostracoda,117,65,1976,2003,FALSE,FALSE,NA
334355,Parahesione luteola,Annelida,Polychaeta,96,65,1963,2003,FALSE,FALSE,NA
423020,Ampelisca pacifica,Arthropoda,Malacostraca,82,65,1957,2019,FALSE,FALSE,NA
160478,Pleurobranchaea tarda,Mollusca,Gastropoda,175,65,1883,2001,FALSE,FALSE,NA
130356,Nephtys ciliata,Annelida,Polychaeta,79,65,1873,2004,FALSE,FALSE,available
149241,Chaetoceros affinis,Heterokontophyta,Bacillariophyceae,459,65,1975,2021,FALSE,FALSE,available
330792,Pista wui,Annelida,Polychaeta,74,65,2003,2019,FALSE,FALSE,NA
282552,Rastrinus scutiger,Chordata,Teleostei,133,64,1888,2016,FALSE,FALSE,NA
130512,Travisia forbesii,Annelida,Polychaeta,106,64,1975,2002,FALSE,FALSE,available
102579,Hippomedon propinqvus,Arthropoda,Malacostraca,196,64,1932,1985,FALSE,FALSE,available
1578714,Bathypathes pseudoalternata,Cnidaria,Hexacorallia,156,64,1902,2019,FALSE,FALSE,NA
276474,Opistognathus robinsi,Chordata,Teleostei,79,64,1963,2014,FALSE,FALSE,NA
103253,Hyperia medusarum,Arthropoda,Malacostraca,73,64,1956,2013,FALSE,FALSE,available
158113,Leptocheirus plumulosus,Arthropoda,Malacostraca,146,64,1963,2008,FALSE,FALSE,NA
131160,Prionospio multibranchiata,Annelida,Polychaeta,89,64,1996,2015,FALSE,FALSE,available
232230,Lomentaria hakodatensis,Rhodophyta,Florideophyceae,117,64,1963,2021,FALSE,FALSE,available
421192,Eusarsiella elofsoni,Arthropoda,Ostracoda,84,64,1976,2004,FALSE,FALSE,NA
724718,Bathyalcyon robustum,Cnidaria,Octocorallia,339,63,1984,2018,FALSE,FALSE,NA
405229,Vokesimurex sallasi,Mollusca,Gastropoda,96,63,1965,2019,FALSE,FALSE,NA
226869,Neomysis rayii,Arthropoda,Malacostraca,73,63,1890,2017,FALSE,FALSE,NA
124901,Ophiosphalma armigerum,Echinodermata,Ophiuroidea,112,63,1877,2000,FALSE,FALSE,available
963482,Nitzschia closterium,Heterokontophyta,Bacillariophyceae,523,63,1934,1982,FALSE,FALSE,NA
328822,Lepidonotus variabilis,Annelida,Polychaeta,89,63,1963,2011,FALSE,FALSE,NA
416573,Byblis gaimardii,Arthropoda,Malacostraca,129,63,1910,2002,FALSE,FALSE,available
418106,Globigerinella calida,Foraminifera,Globothalamea,438,63,1968,1997,FALSE,FALSE,available
131576,Trochochaeta multisetosa,Annelida,Polychaeta,106,63,1890,2006,FALSE,FALSE,available
110210,Protoperidinium brevipes,Myzozoa,Dinophyceae,95,63,1974,2013,FALSE,FALSE,available
329315,Melinna oculata,Annelida,Polychaeta,89,63,1971,2019,FALSE,FALSE,NA
729987,Podarkeopsis glabrus,Annelida,Polychaeta,75,63,1987,2006,FALSE,FALSE,NA
1741208,Paulinella gracilis,Cercozoa,Imbricatea,157,63,1974,1980,FALSE,FALSE,NA
158436,Panopeus herbstii,Arthropoda,Malacostraca,80,63,1905,2016,FALSE,FALSE,NA
1313053,Neoagarum fimbriatum,Ochrophyta,Phaeophyceae,18183,63,1999,2012,FALSE,FALSE,NA
816224,Eusarsiella cornuta,Arthropoda,Ostracoda,112,63,1983,2007,FALSE,FALSE,not available
102412,Ischyrocerus anguipes,Arthropoda,Malacostraca,252,63,1904,2022,FALSE,FALSE,available
876640,Ensis leei,Mollusca,Bivalvia,87,62,1929,2019,FALSE,FALSE,available
606835,Dipolydora concharum,Annelida,Polychaeta,120,62,1904,1985,FALSE,FALSE,available
378162,Hutchinsoniella macracantha,Arthropoda,Cephalocarida,149,62,1960,2002,FALSE,FALSE,NA
418108,Sphaeroidinella dehiscens,Foraminifera,Globothalamea,434,62,1971,1997,FALSE,FALSE,available
724712,Pseudoanthomastus fisheri,Cnidaria,Octocorallia,170,62,1902,2015,FALSE,FALSE,NA
326847,Cossura candida,Annelida,Polychaeta,96,62,1987,2006,FALSE,FALSE,NA
157842,Chiridotea coeca,Arthropoda,Malacostraca,134,62,1871,2018,FALSE,FALSE,NA
149220,Asterionella japonica,Heterokontophyta,Bacillariophyceae,924,62,1964,1983,FALSE,FALSE,available
372566,Endocladia muricata,Rhodophyta,Florideophyceae,1517,62,2001,2023,FALSE,FALSE,NA
421197,Eusarsiella pilipollicis,Arthropoda,Ostracoda,89,62,1965,2003,FALSE,FALSE,NA
886757,Aricidea (Strelzovia) ramosa,Annelida,Polychaeta,116,62,1975,2003,FALSE,FALSE,not available
102470,Leucothoe spinicarpa,Arthropoda,Malacostraca,82,62,1949,2013,FALSE,FALSE,available
158235,Edwardsia elegans,Cnidaria,Hexacorallia,268,62,1873,2012,FALSE,FALSE,NA
242781,Amphioplus (Amphioplus) macilentus,Echinodermata,Ophiuroidea,335,62,1881,1975,FALSE,FALSE,NA
878514,Ameritella modesta,Mollusca,Bivalvia,84,62,1987,2019,FALSE,FALSE,NA
289886,Elatopathes abietina,Cnidaria,Hexacorallia,1665,62,1971,2018,FALSE,FALSE,NA
712390,Bathyraja panthera,Chordata,Elasmobranchii,134,62,1997,2015,TRUE,TRUE,NA
148955,Asterionella glacialis,Heterokontophyta,Bacillariophyceae,182,61,1976,2017,FALSE,FALSE,available
131401,Streptosyllis varians,Annelida,Polychaeta,201,61,1880,2006,FALSE,FALSE,not available
961694,Cerataulina bergonii,Heterokontophyta,Bacillariophyceae,621,61,1964,2016,FALSE,FALSE,available
1026286,Trilobatus sacculifer,Foraminifera,Globothalamea,895,61,1978,1997,FALSE,FALSE,available
158379,Axius serratus,Arthropoda,Malacostraca,102,61,1900,2018,FALSE,FALSE,NA
172025,Aulosaccus schulzei,Porifera,Hexactinellida,67,61,1996,2016,FALSE,FALSE,NA
103929,Styela clava,Chordata,Ascidiacea,357,61,1906,2019,FALSE,FALSE,available
240634,Glycinde wireni,Annelida,Polychaeta,65,61,1950,2002,FALSE,FALSE,NA
366661,Pagurus brandti,Arthropoda,Malacostraca,81,61,1888,2008,FALSE,FALSE,NA
196782,Heterorhabdus tanneri,Arthropoda,Copepoda,103,61,1974,2022,FALSE,FALSE,NA
329161,Magelona sacculata,Annelida,Polychaeta,89,61,1969,2003,FALSE,FALSE,NA
157298,Cirrophorus brevicirratus,Annelida,Polychaeta,226,61,1978,2000,FALSE,FALSE,not available
254485,Spirontocaris arcuata,Arthropoda,Malacostraca,75,61,1906,2013,FALSE,FALSE,NA
441151,Ebalia stimpsonii,Arthropoda,Malacostraca,105,61,1966,2012,FALSE,FALSE,NA
962172,Gaillonella sulcata,Heterokontophyta,Bacillariophyceae,137,61,1975,1980,FALSE,FALSE,NA
734520,Aricidea (Strelzovia) antennata,Annelida,Polychaeta,97,60,1971,2006,FALSE,FALSE,NA
420952,Pitar fulminatus,Mollusca,Bivalvia,141,60,1937,2016,FALSE,FALSE,NA
102516,Anonyx sarsi,Arthropoda,Malacostraca,132,60,1955,1999,FALSE,FALSE,available
581066,Prunum bellulum,Mollusca,Gastropoda,73,60,1945,2015,FALSE,FALSE,NA
102367,Gammaropsis nitida,Arthropoda,Malacostraca,131,60,1905,1985,FALSE,FALSE,available
243182,Astrocyclus caecilia,Echinodermata,Ophiuroidea,145,60,1885,2021,FALSE,FALSE,NA
392518,Munidopsis erinacea,Arthropoda,Malacostraca,83,60,1963,2001,FALSE,FALSE,NA
1424885,Callianax alectona,Mollusca,Gastropoda,87,60,1938,2019,FALSE,FALSE,NA
737452,Cladocroce attu,Porifera,Demospongiae,65,60,2012,2016,FALSE,FALSE,NA
145070,Cladophora vagabunda,Chlorophyta,Ulvophyceae,129,60,1908,2012,FALSE,FALSE,available
128524,Distichoptilum gracile,Cnidaria,Octocorallia,531,60,1882,2018,FALSE,FALSE,available
345627,Poecilasma inaequilaterale,Arthropoda,Thecostraca,84,60,1930,2004,FALSE,FALSE,NA
107507,Eualus pusiolus,Arthropoda,Malacostraca,140,60,1906,2012,FALSE,FALSE,available
255425,Cyathura burbancki,Arthropoda,Malacostraca,106,60,1963,2004,FALSE,FALSE,NA
123922,Luidia sarsii,Echinodermata,Asteroidea,89,60,1880,1981,FALSE,FALSE,available
113454,Globoturborotalita rubescens,Foraminifera,Globothalamea,532,60,1959,1997,FALSE,FALSE,available
131327,Odontosyllis fulgurans,Annelida,Polychaeta,215,60,1881,2000,FALSE,FALSE,available
1672780,Holothuria whitmaei,Echinodermata,Holothuroidea,1437,60,1981,2010,FALSE,FALSE,NA
573590,Rhizosolenia truncata,Heterokontophyta,Bacillariophyceae,68,60,1976,2009,FALSE,FALSE,available
712742,Kyphosus sandwicensis,Chordata,Teleostei,416,59,1889,2015,FALSE,FALSE,NA
110529,Eudorella hispida,Arthropoda,Malacostraca,136,59,1873,2008,FALSE,FALSE,not available
1424278,Geodia carolae,Porifera,Demospongiae,67,59,1889,2016,FALSE,FALSE,NA
178770,Doraster constellatus,Echinodermata,Asteroidea,83,59,1885,2011,FALSE,FALSE,NA
240626,Glycinde polygnatha,Annelida,Polychaeta,236,59,1962,2003,FALSE,FALSE,NA
102387,Photis reinhardi,Arthropoda,Malacostraca,683,59,1955,2001,FALSE,FALSE,available
520653,Areopaguristes hummi,Arthropoda,Malacostraca,112,59,1938,2012,FALSE,FALSE,NA
581395,Acteocina cerealis,Mollusca,Gastropoda,103,59,1910,2006,FALSE,FALSE,NA
224442,Scoloplos capensis,Annelida,Polychaeta,133,59,1975,2015,FALSE,FALSE,NA
392555,Munidopsis longimanus,Arthropoda,Malacostraca,80,59,1933,2000,FALSE,FALSE,NA
288320,Distichopora borealis,Cnidaria,Hydrozoa,169,59,1893,2014,FALSE,FALSE,NA
130909,Euchone rubrocincta,Annelida,Polychaeta,171,59,1968,2001,FALSE,FALSE,available
131507,Nicolea venustula,Annelida,Polychaeta,183,59,1903,1989,FALSE,FALSE,available
131110,Aurospio dibranchiata,Annelida,Polychaeta,490,59,1976,2000,FALSE,FALSE,available
398363,Sigmops bathyphilus,Chordata,Teleostei,104,59,1885,2008,FALSE,FALSE,available
135479,Physalia physalis,Cnidaria,Hydrozoa,83,59,1885,2021,FALSE,FALSE,available
130174,Microphthalmus sczelkowii,Annelida,Polychaeta,74,59,1979,2012,FALSE,FALSE,available
156074,Eclysippe eliasoni,Annelida,Polychaeta,276,59,1965,1984,FALSE,FALSE,available
1310442,Octactis speculum,Ochrophyta,Dictyochophyceae,178,59,1975,2022,FALSE,FALSE,available
511686,Cosmioconcha calliglypta,Mollusca,Gastropoda,91,59,1962,2004,FALSE,FALSE,NA
214418,Rhipidosiphon javensis,Chlorophyta,Ulvophyceae,131,59,1951,2007,FALSE,FALSE,NA
172017,Asconema foliatum,Porifera,Hexactinellida,435,58,1882,2019,FALSE,FALSE,not available
549004,Rhepoxynius bicuspidatus,Arthropoda,Malacostraca,96,58,1957,2006,FALSE,FALSE,available
130624,Eulalia bilineata,Annelida,Polychaeta,109,58,1871,1984,FALSE,FALSE,available
719754,Scaphella dubia,Mollusca,Gastropoda,129,58,1940,2010,FALSE,FALSE,NA
242689,Amphiodia (Amphispina) digitata,Echinodermata,Ophiuroidea,125,58,1962,2003,FALSE,FALSE,NA
118051,Ebria tripartita,Cercozoa,Thecofilosea,135,58,1975,2021,FALSE,FALSE,available
148114,Paranemertes californica,Nemertea,Hoplonemertea,79,58,1999,2003,FALSE,FALSE,NA
529545,Molpadia intermedia,Echinodermata,Holothuroidea,83,58,1889,2024,FALSE,FALSE,NA
106642,Oithona atlantica,Arthropoda,Copepoda,70,58,1960,2022,FALSE,FALSE,available
161430,Mysidopsis furca,Arthropoda,Malacostraca,90,58,1953,2013,FALSE,FALSE,NA
1608731,Callistephanus kofoidi,Cnidaria,Octocorallia,2273,58,1890,2018,FALSE,FALSE,NA
1461135,Beringraja stellulata,Chordata,Elasmobranchii,89,58,1889,2019,FALSE,FALSE,NA
160553,Dinobryon faculiferum,Ochrophyta,Chrysophyceae,111,58,1974,1980,FALSE,FALSE,available
328381,Heteropodarke heteromorpha,Annelida,Polychaeta,165,58,1973,2003,FALSE,FALSE,NA
428665,Heterophoxus oculatus,Arthropoda,Malacostraca,227,58,1975,2015,FALSE,FALSE,NA
165801,Halichondria (Halichondria) bowerbanki,Porifera,Demospongiae,168,58,1904,2007,FALSE,FALSE,available
149876,Benthopecten spinosus,Echinodermata,Asteroidea,72,58,1874,2003,FALSE,FALSE,not available
334520,Pilargis berkeleyae,Annelida,Polychaeta,94,58,1975,2011,FALSE,FALSE,NA
113448,Globorotalia hirsuta,Foraminifera,Globothalamea,318,57,1971,1997,FALSE,FALSE,available
288454,Palythoa caesia,Cnidaria,Hexacorallia,370,57,2002,2008,FALSE,FALSE,NA
178239,Cheiraster (Cheiraster) planus,Echinodermata,Asteroidea,79,57,1885,2000,FALSE,FALSE,available
834044,Crisularia turrita,Bryozoa,Gymnolaemata,573,57,1840,2007,FALSE,FALSE,NA
423305,Cytheromorpha macchesneyi,Arthropoda,Ostracoda,59,57,NA,NA,FALSE,FALSE,NA
247208,Calozodion wadei,Arthropoda,Malacostraca,75,57,1983,2011,FALSE,FALSE,NA
532039,Gracilechinus affinis,Echinodermata,Echinoidea,94,57,1880,2003,FALSE,FALSE,not available
445754,Littorina sitkana,Mollusca,Gastropoda,139,57,1892,2004,FALSE,FALSE,available
409160,Parasquilla coccinea,Arthropoda,Malacostraca,80,57,1950,2021,FALSE,FALSE,NA
129886,Leiocapitella glabra,Annelida,Polychaeta,135,57,1975,2000,FALSE,FALSE,available
214315,Stypopodium flabelliforme,Ochrophyta,Phaeophyceae,642,57,1951,2010,FALSE,FALSE,NA
158601,Bascanichthys scuticaris,Chordata,Teleostei,83,57,1947,1979,TRUE,TRUE,NA
550544,Bathyporeia parkeri,Arthropoda,Malacostraca,112,57,1963,2013,FALSE,FALSE,NA
221249,Globigerina falconensis,Foraminifera,Globothalamea,290,56,1959,1997,FALSE,FALSE,available
367440,Calcinus hazletti,Arthropoda,Malacostraca,217,56,1976,2017,FALSE,FALSE,NA
124053,Paragonaster subtilis,Echinodermata,Asteroidea,80,56,1883,2002,FALSE,FALSE,not available
131424,Syllis corallicola,Annelida,Polychaeta,72,56,1964,2011,FALSE,FALSE,available
125411,Primnoa resedaeformis,Cnidaria,Octocorallia,2147,56,1885,2019,FALSE,FALSE,available
285799,Crypthelia trophostega,Cnidaria,Hydrozoa,107,56,1893,2010,FALSE,FALSE,NA
209864,Malacoceros indicus,Annelida,Polychaeta,143,56,1974,2017,FALSE,FALSE,available
286605,Paragorgia regalis,Cnidaria,Octocorallia,340,56,1902,2017,FALSE,FALSE,available
520678,Calcigorgia beringi,Cnidaria,Octocorallia,281,56,1906,2019,FALSE,FALSE,NA
254648,Aetideus pacificus,Arthropoda,Copepoda,67,56,1974,2022,FALSE,FALSE,NA
754194,Idunella clymenellae,Arthropoda,Malacostraca,79,56,1962,2004,FALSE,FALSE,NA
330529,Pherusa neopapillata,Annelida,Polychaeta,58,56,1971,2003,FALSE,FALSE,NA
129851,Apistobranchus tullbergi,Annelida,Polychaeta,70,56,1976,2011,FALSE,FALSE,available
333048,Armandia brevis,Annelida,Polychaeta,160,55,1961,2022,FALSE,FALSE,NA
332630,Travisia brevis,Annelida,Polychaeta,63,55,1965,2019,FALSE,FALSE,NA
326577,Arichlidon gathofi,Annelida,Polychaeta,111,55,1885,2015,FALSE,FALSE,NA
124703,Psolus fabricii,Echinodermata,Holothuroidea,87,55,1873,2010,FALSE,FALSE,NA
130989,Filograna implexa,Annelida,Polychaeta,172,55,1874,1984,FALSE,FALSE,available
489043,Hemipolygona carinifera,Mollusca,Gastropoda,99,55,1951,2005,FALSE,FALSE,NA
548655,Photis lacia,Arthropoda,Malacostraca,67,55,1957,2006,FALSE,FALSE,available
248138,Nitzschia cylindrus,Heterokontophyta,Bacillariophyceae,308,55,1975,1980,FALSE,FALSE,available
254491,Pagurus rathbuni,Arthropoda,Malacostraca,67,55,1890,2017,FALSE,FALSE,NA
123837,Benthopecten simplex,Echinodermata,Asteroidea,81,55,1959,2000,FALSE,FALSE,available
332194,Sthenelanella uniformis,Annelida,Polychaeta,74,55,1972,2019,FALSE,FALSE,NA
106213,Balanus balanus,Arthropoda,Thecostraca,84,55,1873,2010,FALSE,FALSE,available
1496012,Ramuligorgia militaris,Cnidaria,Octocorallia,2238,55,1902,2022,FALSE,FALSE,NA
131411,Syllides longocirratus,Annelida,Polychaeta,96,54,1974,2008,FALSE,FALSE,available
409566,Narella macrocalyx,Cnidaria,Octocorallia,292,54,1993,2021,FALSE,FALSE,NA
422509,Brissopsis alta,Echinodermata,Echinoidea,104,54,1877,2013,FALSE,FALSE,NA
235372,Glottidia pyramidata,Brachiopoda,Lingulata,117,54,1966,2016,FALSE,FALSE,NA
178700,Dytaster insignis,Echinodermata,Asteroidea,78,54,1959,2000,FALSE,FALSE,available
131362,Proceraea cornuta,Annelida,Polychaeta,127,54,1881,2015,FALSE,FALSE,available
490444,Dulzura schoenerae,Arthropoda,Malacostraca,87,54,1980,2010,FALSE,FALSE,NA
344476,Polyschides quadrifissatus,Mollusca,Scaphopoda,67,54,1938,2019,FALSE,FALSE,NA
286724,Caryophyllia (Caryophyllia) alaskensis,Cnidaria,Hexacorallia,85,54,1890,2012,FALSE,FALSE,NA
265748,Siboglinum bayeri,Annelida,Polychaeta,158,54,1964,1986,FALSE,FALSE,NA
232376,Prorocentrum cordatum,Myzozoa,Dinophyceae,342,54,1982,2022,FALSE,FALSE,available
178122,Litonotaster intermedius,Echinodermata,Asteroidea,77,54,1885,2000,FALSE,FALSE,not available
149224,Rhizosolenia stolterfothii,Heterokontophyta,Bacillariophyceae,397,54,1964,1999,FALSE,FALSE,available
345529,Thalassiosira aestivalis,Heterokontophyta,Bacillariophyceae,144,54,1975,2016,FALSE,FALSE,available
758592,Cerithideopsis scalariformis,Mollusca,Gastropoda,119,54,1918,2020,FALSE,FALSE,NA
593074,Liponema brevicorne,Cnidaria,Hexacorallia,470,54,1888,2001,FALSE,FALSE,NA
1476740,Malletia pianii,Mollusca,Bivalvia,89,54,1884,1974,FALSE,FALSE,available
600467,Saccella taphria,Mollusca,Bivalvia,90,54,1936,2019,FALSE,FALSE,NA
421138,Amphibalanus eburneus,Arthropoda,Thecostraca,161,54,1874,2010,FALSE,FALSE,available
149228,Chaetoceros laciniosus,Heterokontophyta,Bacillariophyceae,104,54,1934,1984,FALSE,FALSE,available
163224,Lauderia confervacea,Heterokontophyta,Bacillariophyceae,62,54,1974,2012,FALSE,FALSE,available
419690,Truncatella pulchella,Mollusca,Gastropoda,121,54,1921,2016,FALSE,FALSE,NA
423303,Cytheretta teshekpukensis,Arthropoda,Ostracoda,58,54,1976,1976,FALSE,FALSE,NA
495309,Sargassum obtusifolium,Ochrophyta,Phaeophyceae,144,53,1933,2009,FALSE,FALSE,available
345504,Pelagomonas calceolata,Ochrophyta,Pelagophyceae,432,53,2011,2022,FALSE,FALSE,NA
163451,Coscinodiscus polychordus,Heterokontophyta,Bacillariophyceae,112,53,1974,1980,FALSE,FALSE,available
157436,Hartmania moorei,Annelida,Polychaeta,182,53,1973,2006,FALSE,FALSE,NA
276327,Hypsoblennius ionthas,Chordata,Teleostei,156,53,1899,2004,FALSE,FALSE,NA
571648,Denticula seminae,Heterokontophyta,Bacillariophyceae,88,53,1964,1978,FALSE,FALSE,NA
287658,Calyptrophora wyvillei,Cnidaria,Octocorallia,565,53,1902,2022,FALSE,FALSE,NA
148820,Molpadia barbouri,Echinodermata,Holothuroidea,75,53,1954,2000,FALSE,FALSE,NA
139452,Cuspidaria parva,Mollusca,Bivalvia,101,53,1957,1984,FALSE,FALSE,available
549663,Polymesoda floridana,Mollusca,Bivalvia,106,53,1904,2019,FALSE,FALSE,NA
421156,Asteropella pax,Arthropoda,Ostracoda,102,53,1976,2007,FALSE,FALSE,NA
171352,Craniella spinosa,Porifera,Demospongiae,55,53,1976,2016,FALSE,FALSE,NA
1311260,Hemicorallium regale,Cnidaria,Octocorallia,748,53,1902,2011,FALSE,FALSE,NA
149221,Chaetoceros curvisetus,Heterokontophyta,Bacillariophyceae,366,53,1975,2016,FALSE,FALSE,available
332501,Terebellides atlantis,Annelida,Polychaeta,318,52,1962,2002,FALSE,FALSE,not available
286488,Callogorgia gilberti,Cnidaria,Octocorallia,540,52,1902,2017,FALSE,FALSE,NA
102944,Nicippe tumida,Arthropoda,Malacostraca,65,52,1958,2006,FALSE,FALSE,available
158258,Stephanauge nexilis,Cnidaria,Hexacorallia,77,52,1880,2000,FALSE,FALSE,NA
421196,Eusarsiella paniculata,Arthropoda,Ostracoda,69,52,1980,2007,FALSE,FALSE,NA
107550,Argis dentata,Arthropoda,Malacostraca,55,52,1975,2016,FALSE,FALSE,NA
408954,Neogonodactylus torus,Arthropoda,Malacostraca,106,52,1885,2019,FALSE,FALSE,NA
124853,Ophiocten gracilis,Echinodermata,Ophiuroidea,136,52,1873,2000,FALSE,FALSE,available
513043,Mellita isometra,Echinodermata,Echinoidea,76,52,1884,2016,FALSE,FALSE,NA
422326,Celleporaria magnifica,Bryozoa,Gymnolaemata,752,52,1885,2011,FALSE,FALSE,NA
525483,Aricidea (Acmira) finitima,Annelida,Polychaeta,71,52,1976,2008,FALSE,FALSE,NA
1321853,Scrippsiella acuminata,Myzozoa,Dinophyceae,145,52,1974,2013,FALSE,FALSE,available
117913,Sertularia cupressina,Cnidaria,Hydrozoa,105,52,1875,1984,FALSE,FALSE,available
423041,Ampelisca unsocalae,Arthropoda,Malacostraca,61,52,1953,2019,FALSE,FALSE,NA
247659,Araphura breviaria,Arthropoda,Malacostraca,60,52,1984,2006,FALSE,FALSE,NA
131170,Pygospio elegans,Annelida,Polychaeta,79,51,1975,2003,FALSE,FALSE,available
125335,Anthomastus grandiflorus,Cnidaria,Octocorallia,96,51,1880,2004,FALSE,FALSE,not available
157849,Metopella angusta,Arthropoda,Malacostraca,241,51,1979,2008,FALSE,FALSE,NA
238740,Grandidierella japonica,Arthropoda,Malacostraca,464,51,1971,2010,FALSE,FALSE,available
276490,Ctenogobius shufeldti,Chordata,Teleostei,220,51,1954,2006,FALSE,FALSE,NA
155127,Sphaerodoridium minutum,Annelida,Polychaeta,103,51,1955,2008,FALSE,FALSE,available
110035,Gonyaulax polygramma,Myzozoa,Dinophyceae,178,51,1978,2021,FALSE,FALSE,available
100917,Halcampa duodecimcirrata,Cnidaria,Hexacorallia,144,51,1873,1986,FALSE,FALSE,not available
849095,Tampaella tampaensis,Mollusca,Bivalvia,107,51,1899,2020,FALSE,FALSE,available
292713,Heterozonias alternatus,Echinodermata,Asteroidea,82,51,1888,2008,FALSE,FALSE,NA
148821,Molpadia parva,Echinodermata,Holothuroidea,72,51,1883,2000,FALSE,FALSE,NA
124783,Hedingia albicans,Echinodermata,Holothuroidea,62,51,1883,1987,FALSE,FALSE,available
344481,Polyschides tetraschistus,Mollusca,Scaphopoda,63,51,1884,2011,FALSE,FALSE,NA
1466422,Metasychis disparidentatus,Annelida,Polychaeta,65,51,1975,2019,FALSE,FALSE,NA
1566163,Bothrocara zestum,Chordata,Teleostei,57,51,1962,2012,FALSE,FALSE,NA
421152,Actinoseta chelisparsa,Arthropoda,Ostracoda,68,51,1974,2004,FALSE,FALSE,NA
102178,Calliopius laeviusculus,Arthropoda,Malacostraca,153,50,1904,2007,FALSE,FALSE,available
131292,Eusyllis lamelligera,Annelida,Polychaeta,153,50,1881,2000,FALSE,FALSE,available
157214,Arcteobia anticostiensis,Annelida,Polychaeta,70,50,1873,2017,FALSE,FALSE,available
422022,Tyche emarginata,Arthropoda,Malacostraca,66,50,1965,2021,FALSE,FALSE,NA
548802,Foxiphalus obtusidens,Arthropoda,Malacostraca,57,50,1958,2019,FALSE,FALSE,NA
160530,Rhizosolenia flaccida,Heterokontophyta,Bacillariophyceae,443,50,1977,2016,FALSE,FALSE,available
139123,Pseudochama radians,Mollusca,Bivalvia,68,50,1959,2005,FALSE,FALSE,NA
286307,Acanella weberi,Cnidaria,Octocorallia,1487,50,1987,2022,FALSE,FALSE,NA
378131,Paralomis multispina,Arthropoda,Malacostraca,71,50,1889,2004,FALSE,FALSE,NA
529439,Aslia pygmaea,Echinodermata,Holothuroidea,70,50,1936,2016,FALSE,FALSE,NA
1311253,Hemicorallium laauense,Cnidaria,Octocorallia,314,50,1902,2019,FALSE,FALSE,NA
181937,Diastylis crenellata,Arthropoda,Malacostraca,61,50,1986,2019,FALSE,FALSE,NA
413653,Ensis megistus,Mollusca,Bivalvia,78,50,1941,2016,FALSE,FALSE,available
134232,Weberella bursa,Porifera,Demospongiae,71,50,2008,2019,FALSE,FALSE,available
130147,Progoniada regularis,Annelida,Polychaeta,249,50,1975,2000,FALSE,FALSE,available
285143,Neoturris breviconis,Cnidaria,Hydrozoa,52,50,1950,1977,FALSE,FALSE,available
129985,Cossura pygodactylata,Annelida,Polychaeta,119,50,1971,2003,FALSE,FALSE,available
761612,Opisthodonta uraga,Annelida,Polychaeta,213,50,1963,2003,FALSE,FALSE,NA
334234,Notocirrus spiniferus,Annelida,Polychaeta,90,50,1958,2006,FALSE,FALSE,NA
281386,Lonchopisthus micrognathus,Chordata,Teleostei,68,50,1939,2010,FALSE,FALSE,NA
423472,Krithe glacialis,Arthropoda,Ostracoda,55,50,NA,NA,FALSE,FALSE,not available
419694,Strombus alatus,Mollusca,Gastropoda,100,50,1920,2019,FALSE,FALSE,NA
451018,Asteropella monambon,Arthropoda,Ostracoda,85,49,1996,1999,FALSE,FALSE,NA
178777,Ampheraster alaminos,Echinodermata,Asteroidea,73,49,1959,2000,FALSE,FALSE,NA
236763,Dayipsammolyce ctenidophora,Annelida,Polychaeta,87,49,1975,2012,FALSE,FALSE,NA
233037,Karlodinium veneficum,Myzozoa,Dinophyceae,339,49,1994,2021,FALSE,FALSE,available
271977,Ophichthus rex,Chordata,Teleostei,78,49,1965,1980,TRUE,TRUE,NA
131168,Pseudopolydora paucibranchiata,Annelida,Polychaeta,185,49,1973,2004,FALSE,FALSE,available
130141,Goniada norvegica,Annelida,Polychaeta,142,49,1961,1984,FALSE,FALSE,available
145123,Jania adhaerens,Rhodophyta,Florideophyceae,62,49,1923,2016,FALSE,FALSE,available
328927,Lumbrineris californiensis,Annelida,Polychaeta,68,49,1971,2003,FALSE,FALSE,NA
371723,Chondracanthus canaliculatus,Rhodophyta,Florideophyceae,558,49,2001,2023,FALSE,FALSE,NA
325384,Themisto gaudichaudii,Arthropoda,Malacostraca,763,49,1955,1999,FALSE,FALSE,available
178792,Leptasterias compta,Echinodermata,Asteroidea,71,49,1873,1884,FALSE,FALSE,NA
125414,Anthothela grandiflora,Cnidaria,Octocorallia,374,49,1873,2019,FALSE,FALSE,available
177823,Chrysogorgia elegans,Cnidaria,Octocorallia,108,49,1877,2000,FALSE,FALSE,not available
124339,Hygrosoma petersii,Echinodermata,Echinoidea,62,49,1883,2003,FALSE,FALSE,available
374386,Dictyota acutiloba,Ochrophyta,Phaeophyceae,123,49,1930,2010,FALSE,FALSE,NA
177902,Chaetaster nodosus,Echinodermata,Asteroidea,75,49,1955,2021,FALSE,FALSE,available
106273,Evadne nordmanni,Arthropoda,Branchiopoda,105,49,1970,2022,FALSE,FALSE,available
119039,Idotea balthica,Arthropoda,Malacostraca,121,49,1864,2018,FALSE,FALSE,available
144666,Polysiphonia sertularioides,Rhodophyta,Florideophyceae,76,49,1953,2007,FALSE,FALSE,available
196783,Metridia okhotensis,Arthropoda,Copepoda,101,49,1888,2022,FALSE,FALSE,NA
156995,Solen viridis,Mollusca,Bivalvia,74,49,1940,2006,FALSE,FALSE,NA
130286,Clymenura polaris,Annelida,Polychaeta,295,49,1976,1986,FALSE,FALSE,not available
282971,Thyriscus anoplus,Chordata,Teleostei,97,48,1906,2016,FALSE,FALSE,NA
149039,Leptocylindrus minimus,Heterokontophyta,Bacillariophyceae,144,48,1934,2014,FALSE,FALSE,available
1446522,Syllis anops,Annelida,Polychaeta,91,48,1965,2004,FALSE,FALSE,NA
211532,Neomeris vanbosseae,Chlorophyta,Ulvophyceae,90,48,1940,2007,FALSE,FALSE,NA
125170,Poraniomorpha (Poraniomorpha) hispida,Echinodermata,Asteroidea,69,48,1879,2019,FALSE,FALSE,available
836815,Tripos arcticus,Myzozoa,Dinophyceae,57,48,1964,1999,FALSE,FALSE,available
495579,Palisada parvipapillata,Rhodophyta,Florideophyceae,73,48,1900,2007,FALSE,FALSE,NA
1379631,Ptilella inflata,Cnidaria,Octocorallia,245,48,1984,2022,FALSE,FALSE,available
247080,Apseudopsis olimpiae,Arthropoda,Malacostraca,126,48,1974,2013,FALSE,FALSE,NA
113474,Neogloboquadrina incompta,Foraminifera,Globothalamea,541,48,1959,1997,FALSE,FALSE,available
546990,Americhelidium shoemakeri,Arthropoda,Malacostraca,55,48,1983,2006,FALSE,FALSE,NA
287649,Calyptrophora angularis,Cnidaria,Octocorallia,367,48,1902,2021,FALSE,FALSE,NA
157891,Idotea phosphorea,Arthropoda,Malacostraca,206,48,1871,2007,FALSE,FALSE,NA
418107,Globigerinoides tenellus,Foraminifera,Globothalamea,355,48,1959,1997,FALSE,FALSE,available
109921,Noctiluca scintillans,Myzozoa,Dinophyceae,206,48,1978,2021,FALSE,FALSE,available
327551,Euchone hancocki,Annelida,Polychaeta,455,48,1977,2003,FALSE,FALSE,NA
102048,Microdeutopus gryllotalpa,Arthropoda,Malacostraca,92,48,1955,2008,FALSE,FALSE,available
283624,Calliactis tricolor,Cnidaria,Hexacorallia,63,48,1884,2021,FALSE,FALSE,NA
254498,Evasterias echinosoma,Echinodermata,Asteroidea,54,48,1888,2017,FALSE,FALSE,NA
276033,Fundulus pulvereus,Chordata,Teleostei,114,48,1961,2005,FALSE,FALSE,NA
292707,Crossaster borealis,Echinodermata,Asteroidea,57,48,1888,2015,FALSE,FALSE,NA
124764,Benthodytes lingua,Echinodermata,Holothuroidea,74,48,1885,2000,FALSE,FALSE,not available
566168,Microeulima terebralis,Mollusca,Gastropoda,66,47,1962,2001,FALSE,FALSE,NA
232028,Eurytemora pacifica,Arthropoda,Copepoda,65,47,1976,2017,FALSE,FALSE,NA
291175,Tanacetipathes hirta,Cnidaria,Hexacorallia,213,47,1957,2014,FALSE,FALSE,NA
104579,Heterorhabdus norvegicus,Arthropoda,Copepoda,107,47,1959,1998,FALSE,FALSE,available
104515,Pseudocalanus elongatus,Arthropoda,Copepoda,421,47,1954,2021,FALSE,FALSE,available
342069,Onychoteuthis borealijaponica,Mollusca,Cephalopoda,61,47,1956,2015,FALSE,FALSE,NA
994319,Alternatipathes alternata,Cnidaria,Hexacorallia,173,47,1902,2021,FALSE,FALSE,NA
582802,Agriopoma texasianum,Mollusca,Bivalvia,65,47,1969,2004,FALSE,FALSE,NA
423315,Cytheropteron montrosiense,Arthropoda,Ostracoda,49,47,NA,NA,FALSE,FALSE,not available
129800,Lysippe labiata,Annelida,Polychaeta,79,47,1975,2006,FALSE,FALSE,available
130494,Ophelia limacina,Annelida,Polychaeta,81,47,1969,2003,FALSE,FALSE,available
289502,Bathypsammia fallosocialis,Cnidaria,Hexacorallia,104,47,1885,2005,FALSE,FALSE,NA
346494,Gaetanus simplex,Arthropoda,Copepoda,77,47,1974,2022,FALSE,FALSE,NA
334084,Neanthes arenaceodentata,Annelida,Polychaeta,75,47,1902,2015,FALSE,FALSE,not available
456605,Lottia scutum,Mollusca,Gastropoda,95,47,1907,2022,FALSE,FALSE,NA
342222,Graneledone boreopacifica,Mollusca,Cephalopoda,152,47,2000,2000,FALSE,FALSE,NA
451226,Euphilomedes producta,Arthropoda,Ostracoda,80,47,1987,2006,FALSE,FALSE,NA
341484,Coscinodiscus oculus-iridis,Heterokontophyta,Bacillariophyceae,138,47,1969,2009,FALSE,FALSE,available
1522862,Sinistrofulgur contrarium,Mollusca,Gastropoda,91,46,1908,2019,FALSE,FALSE,NA
171357,Craniella villosa,Porifera,Demospongiae,54,46,1996,2016,FALSE,FALSE,NA
102224,Rhachotropis aculeata,Arthropoda,Malacostraca,80,46,1933,2017,FALSE,FALSE,available
430956,Mayerella banksia,Arthropoda,Malacostraca,48,46,1987,2013,FALSE,FALSE,NA
346179,Bradyidius saanichi,Arthropoda,Copepoda,105,46,1975,1980,FALSE,FALSE,NA
247787,Jaschnovia tolli,Arthropoda,Copepoda,177,46,1970,1998,FALSE,FALSE,NA
421201,Eusarsiella texana,Arthropoda,Ostracoda,54,46,1983,2006,FALSE,FALSE,NA
606573,Scaphella dohrni,Mollusca,Gastropoda,91,46,1940,2011,FALSE,FALSE,NA
123888,Dytaster grandis,Echinodermata,Asteroidea,66,46,1883,2000,FALSE,FALSE,available
283893,Antipathes dendrochristos,Cnidaria,Hexacorallia,2603,46,1995,2019,FALSE,FALSE,NA
418110,Candeina nitida,Foraminifera,Globothalamea,351,46,1959,1997,FALSE,FALSE,available
330867,Polycirrus californicus,Annelida,Polychaeta,124,46,1987,2022,FALSE,FALSE,NA
286334,Lepidisis olapa,Cnidaria,Octocorallia,924,46,1970,2015,FALSE,FALSE,NA
328935,Lumbrineris crassidentata,Annelida,Polychaeta,295,46,1976,1978,FALSE,FALSE,NA
573260,Halieutichthys intermedius,Chordata,Teleostei,69,46,1938,1957,FALSE,FALSE,NA
1391840,Ostrea permollis,Mollusca,Bivalvia,83,46,1928,2010,FALSE,FALSE,NA
243253,Dougaloplus amphacanthus,Echinodermata,Ophiuroidea,185,46,1889,2003,FALSE,FALSE,NA
511363,Amphissa undata,Mollusca,Gastropoda,54,46,1969,2019,FALSE,FALSE,NA
422000,Stenocionops spinosissimus,Arthropoda,Malacostraca,69,46,1965,2021,FALSE,FALSE,NA
130499,Ophelina abranchiata,Annelida,Polychaeta,325,46,1982,1986,FALSE,FALSE,available
882452,Dialychone veleronis,Annelida,Polychaeta,83,46,1978,2006,FALSE,FALSE,NA
163112,Chaetoceros radicans,Heterokontophyta,Bacillariophyceae,117,46,1934,2016,FALSE,FALSE,available
421165,Paracypridina floridaensis,Arthropoda,Ostracoda,54,45,1977,2007,FALSE,FALSE,NA
157570,Sphaerodoridium claparedii,Annelida,Polychaeta,60,45,1975,2010,FALSE,FALSE,available
290684,Parastenella ramosa,Cnidaria,Octocorallia,1075,45,2003,2020,FALSE,FALSE,NA
422303,Euginoma cavalieri,Bryozoa,Gymnolaemata,92,45,1983,1985,FALSE,FALSE,not available
330538,Phisidia sanctaemariae,Annelida,Polychaeta,54,45,1987,2006,FALSE,FALSE,NA
158090,Gammarus annulatus,Arthropoda,Malacostraca,101,45,1881,2006,FALSE,FALSE,NA
291841,Corallium tortuosum,Cnidaria,Octocorallia,198,45,1902,2009,FALSE,FALSE,NA
286506,Candidella helminthophora,Cnidaria,Octocorallia,137,45,1891,2022,FALSE,FALSE,NA
332915,Amaeana accraensis,Annelida,Polychaeta,118,45,1975,1981,FALSE,FALSE,NA
110687,Euphausia krohnii,Arthropoda,Malacostraca,200,45,1954,1999,FALSE,FALSE,available
548812,Foxiphalus similis,Arthropoda,Malacostraca,55,45,1958,2006,FALSE,FALSE,NA
366647,Pagurus aleuticus,Arthropoda,Malacostraca,46,45,1888,2015,FALSE,FALSE,NA
326833,Clymenura gracilis,Annelida,Polychaeta,50,45,1987,2003,FALSE,FALSE,NA
157534,Polycirrus phosphoreus,Annelida,Polychaeta,62,45,1973,1980,FALSE,FALSE,NA
111345,Cupuladria biporosa,Bryozoa,Gymnolaemata,371,45,1963,1984,FALSE,FALSE,NA
107533,Spirontocaris spinus,Arthropoda,Malacostraca,70,45,1906,2023,FALSE,FALSE,available
495074,Laurencia galtsoffii,Rhodophyta,Florideophyceae,496,45,1981,2010,FALSE,FALSE,NA
157560,Scolelepis (Parascolelepis) bousfieldi,Annelida,Polychaeta,79,45,1965,1997,FALSE,FALSE,NA
130364,Nephtys longosetosa,Annelida,Polychaeta,73,45,1975,2015,FALSE,FALSE,available
231750,Ruditapes philippinarum,Mollusca,Bivalvia,399,45,1918,2010,FALSE,FALSE,available
703701,Levinsenia uncinata,Annelida,Polychaeta,63,45,1976,2002,FALSE,FALSE,not available
335155,Typosyllis (Typosyllis) regulata,Annelida,Polychaeta,338,44,1974,1978,FALSE,FALSE,NA
100955,Monactis vestita,Cnidaria,Hexacorallia,66,44,1889,2000,FALSE,FALSE,not available
330510,Pettibonella multiuncinata,Annelida,Polychaeta,107,44,1996,2015,FALSE,FALSE,NA
113433,Beella digitata,Foraminifera,Globothalamea,281,44,1959,1997,FALSE,FALSE,available
332783,Eclysippe trilobata,Annelida,Polychaeta,56,44,1987,2019,FALSE,FALSE,NA
423752,Semicytherura complanata,Arthropoda,Ostracoda,44,44,NA,NA,FALSE,FALSE,NA
549015,Rhepoxynius stenodes,Arthropoda,Malacostraca,48,44,1958,2003,FALSE,FALSE,NA
332003,Sphaerosyllis californiensis,Annelida,Polychaeta,148,44,1973,2003,FALSE,FALSE,NA
445657,Littorina scutulata,Mollusca,Gastropoda,90,44,1911,2003,FALSE,FALSE,NA
287209,Chrysaora melanaster,Cnidaria,Scyphozoa,199,44,1890,2022,FALSE,FALSE,NA
549013,Rhepoxynius menziesi,Arthropoda,Malacostraca,61,44,1983,2019,FALSE,FALSE,NA
432375,Chlamydopleon dissimile,Arthropoda,Malacostraca,72,44,1953,2005,FALSE,FALSE,NA
156231,Magelona cincta,Annelida,Polychaeta,204,44,1975,1994,FALSE,FALSE,NA
419761,Neverita delessertiana,Mollusca,Gastropoda,79,44,1947,2019,FALSE,FALSE,NA
391732,Cyclopecten thalassinus,Mollusca,Bivalvia,100,44,1880,1981,FALSE,FALSE,NA
1393629,Stylatula gracilis,Cnidaria,Octocorallia,44,44,1975,2004,FALSE,FALSE,NA
329948,Ninoe gemmea,Annelida,Polychaeta,56,44,1975,2003,FALSE,FALSE,NA
106277,Podon leuckartii,Arthropoda,Branchiopoda,68,44,1970,2017,FALSE,FALSE,available
334137,Nephtys californiensis,Annelida,Polychaeta,71,44,1969,2006,FALSE,FALSE,NA
579233,Retilaskeya emersonii,Mollusca,Gastropoda,111,44,1903,2021,FALSE,FALSE,NA
240625,Glycinde picta,Annelida,Polychaeta,67,44,1975,2003,FALSE,FALSE,NA
1461354,Cirriformia grandis,Annelida,Polychaeta,66,44,1904,2013,FALSE,FALSE,NA
149320,Navicula transitans,Heterokontophyta,Bacillariophyceae,166,44,1979,2003,FALSE,FALSE,available
414662,Ficus papyratia,Mollusca,Gastropoda,96,44,1934,2021,FALSE,FALSE,NA
182001,Diastylopsis dawsoni,Arthropoda,Malacostraca,50,44,1964,2003,FALSE,FALSE,NA
426286,Conus abbreviatus,Mollusca,Gastropoda,182,43,1919,2018,TRUE,TRUE,NA
422349,Parasmittina spathulata,Bryozoa,Gymnolaemata,182,43,1962,2011,FALSE,FALSE,NA
239114,Ceramium macilentum,Rhodophyta,Florideophyceae,121,43,1991,2007,FALSE,FALSE,NA
607921,Cinctura lilium,Mollusca,Gastropoda,51,43,1950,2011,FALSE,FALSE,NA
286021,Anthomastus tahinodus,Cnidaria,Octocorallia,635,43,2003,2022,FALSE,FALSE,NA
582484,Barbatia domingensis,Mollusca,Bivalvia,96,43,1938,2012,FALSE,FALSE,NA
157554,Sabellaria floridensis,Annelida,Polychaeta,99,43,1963,1995,FALSE,FALSE,NA
283816,Pachycerianthus borealis,Cnidaria,Hexacorallia,86,43,1872,1999,FALSE,FALSE,NA
498205,Drouetia coalescens,Rhodophyta,Florideophyceae,86,43,1946,2006,FALSE,FALSE,NA
557882,Achelous floridanus,Arthropoda,Malacostraca,45,43,1960,2019,FALSE,FALSE,NA
120113,Mysis mixta,Arthropoda,Malacostraca,93,43,1873,1982,FALSE,FALSE,available
816801,Mesothuria verrilli,Echinodermata,Holothuroidea,65,43,1885,2000,FALSE,FALSE,available
111343,Cryptosula pallasiana,Bryozoa,Gymnolaemata,100,43,1871,2007,FALSE,FALSE,available
336409,Notomastus luridus,Annelida,Polychaeta,122,43,1972,1989,FALSE,FALSE,NA
549005,Rhepoxynius boreovariatus,Arthropoda,Malacostraca,47,43,2003,2006,FALSE,FALSE,NA
431437,Protomedeia articulata,Arthropoda,Malacostraca,45,43,1959,2003,FALSE,FALSE,NA
301914,Acanthurus tractus,Chordata,Teleostei,1701,43,1999,2020,FALSE,FALSE,NA
372140,Amphiroa valonioides,Rhodophyta,Florideophyceae,57,43,1936,2007,FALSE,FALSE,NA
1472329,Lampasopsis thomae,Mollusca,Gastropoda,82,42,1939,2004,FALSE,FALSE,available
128392,Robertsonites tuberculatus,Arthropoda,Ostracoda,45,42,1905,1905,FALSE,FALSE,not available
130890,Chone filicaudata,Annelida,Polychaeta,425,42,1975,1978,FALSE,FALSE,available
504861,Cardites floridanus,Mollusca,Bivalvia,68,42,1918,2021,FALSE,FALSE,NA
371521,Ptilothamnion cladophorae,Rhodophyta,Florideophyceae,62,42,1953,2007,FALSE,FALSE,NA
251400,Styela macrenteron,Chordata,Ascidiacea,43,42,1893,1976,FALSE,FALSE,NA
329156,Magelona polydentata,Annelida,Polychaeta,54,42,1975,2004,FALSE,FALSE,NA
328515,Jasmineira filiformis,Annelida,Polychaeta,224,42,1977,1985,FALSE,FALSE,NA
247676,Tanaella mclellandi,Arthropoda,Malacostraca,64,42,1985,1985,FALSE,FALSE,NA
371498,Griffithsia heteromorpha,Rhodophyta,Florideophyceae,70,42,1946,2007,FALSE,FALSE,NA
461022,Cytheropteron sulense,Arthropoda,Ostracoda,43,42,NA,NA,FALSE,FALSE,NA
133247,Isodictya palmata,Porifera,Demospongiae,49,42,1981,2016,FALSE,FALSE,available
279415,Bathymaster caeruleofasciatus,Chordata,Teleostei,91,42,1890,2015,FALSE,FALSE,NA
145281,Peyssonnelia inamoena,Rhodophyta,Florideophyceae,56,42,2000,2010,FALSE,FALSE,available
422532,Psolus tuberculosus,Echinodermata,Holothuroidea,62,42,1885,1991,FALSE,FALSE,NA
145017,Microdictyon umbilicatum,Chlorophyta,Ulvophyceae,173,42,1979,2008,FALSE,FALSE,available
369100,Henricia aspera,Echinodermata,Asteroidea,56,42,1888,2009,FALSE,FALSE,NA
345459,Bathycoccus prasinos,Chlorophyta,Mamiellophyceae,273,42,2006,2021,FALSE,FALSE,NA
504322,Anadara brasiliana,Mollusca,Bivalvia,52,42,1930,2014,FALSE,FALSE,NA
422030,Platylambrus serratus,Arthropoda,Malacostraca,53,42,1965,2021,FALSE,FALSE,NA
256613,Eurydice personata,Arthropoda,Malacostraca,90,42,1966,2013,FALSE,FALSE,NA
243637,Ophioderma holmesii,Echinodermata,Ophiuroidea,88,42,1983,1991,FALSE,FALSE,NA
574236,Plumarella aleutiana,Cnidaria,Octocorallia,86,42,1890,2014,FALSE,FALSE,NA
137604,Stereobalanus canadensis,Hemichordata,Enteropneusta,126,42,1974,1992,FALSE,FALSE,not available
371990,Eisenia arborea,Ochrophyta,Phaeophyceae,1444,42,2001,2021,FALSE,FALSE,NA
366699,Pagurus hirsutiusculus,Arthropoda,Malacostraca,159,42,1937,2022,FALSE,FALSE,NA
149233,Lauderia borealis,Heterokontophyta,Bacillariophyceae,148,42,1969,2016,FALSE,FALSE,available
156451,Themisto compressa,Arthropoda,Malacostraca,95,42,1953,2010,FALSE,FALSE,available
110537,Campylaspis affinis,Arthropoda,Malacostraca,195,42,1955,2006,FALSE,FALSE,not available
368459,Astropecten verrilli,Echinodermata,Asteroidea,55,42,1933,2003,FALSE,FALSE,NA
371703,Mazzaella affinis,Rhodophyta,Florideophyceae,236,42,2001,2023,FALSE,FALSE,NA
271844,Gymnothorax kolpos,Chordata,Teleostei,54,42,1938,2000,TRUE,TRUE,NA
330855,Poeobius meseres,Annelida,Polychaeta,3421,42,1938,2003,FALSE,FALSE,NA
332792,Eranno bicirrata,Annelida,Polychaeta,49,41,1949,2019,FALSE,FALSE,NA
102317,Haustorius arenarius,Arthropoda,Malacostraca,77,41,1903,1959,FALSE,FALSE,available
384681,Arctomelon stearnsii,Mollusca,Gastropoda,42,41,1965,2023,FALSE,FALSE,NA
207231,Porites rus,Cnidaria,Hexacorallia,2557,41,2005,2010,TRUE,TRUE,NA
125056,Amphilepis ingolfiana,Echinodermata,Ophiuroidea,69,41,1873,1984,FALSE,FALSE,available
420639,Melampus bullaoides,Mollusca,Gastropoda,79,41,1921,2010,FALSE,FALSE,NA
170652,Polymastia pachymastia,Porifera,Demospongiae,49,41,1930,2019,FALSE,FALSE,NA
366673,Pagurus cornutus,Arthropoda,Malacostraca,45,41,1888,2013,FALSE,FALSE,NA
240750,Pterygophora californica,Ochrophyta,Phaeophyceae,1661,41,2001,2019,FALSE,FALSE,NA
330017,Notomastus teres,Annelida,Polychaeta,182,41,1976,1986,FALSE,FALSE,NA
145359,Dictyopteris plagiogramma,Ochrophyta,Phaeophyceae,116,41,1933,2006,FALSE,FALSE,NA
283938,Aphanipathes pedata,Cnidaria,Hexacorallia,147,41,1967,2018,FALSE,FALSE,NA
742894,Trochus intextus,Mollusca,Gastropoda,90,41,1913,2017,FALSE,FALSE,NA
374707,Phyllospadix scouleri,Tracheophyta,Magnoliopsida,94,41,2001,2021,TRUE,TRUE,NA
421186,Eusarsiella bakeri,Arthropoda,Ostracoda,58,41,1976,2003,FALSE,FALSE,NA
422025,Mesorhoea sexspinosa,Arthropoda,Malacostraca,55,41,1966,2015,FALSE,FALSE,NA
420166,Prunum succineum,Mollusca,Gastropoda,67,41,1936,2016,FALSE,FALSE,NA
155194,Malmgrenia lunulata,Annelida,Polychaeta,158,41,1971,2017,FALSE,FALSE,available
326748,Chrysopetalum hernancortezae,Annelida,Polychaeta,95,41,1966,2015,FALSE,FALSE,NA
129745,Macrochaeta clavicornis,Annelida,Polychaeta,56,41,1977,2015,FALSE,FALSE,available
476531,Monoplex parthenopeus,Mollusca,Gastropoda,52,41,1896,2013,FALSE,FALSE,available
368460,Astropecten californicus,Echinodermata,Asteroidea,75,41,1889,2019,FALSE,FALSE,NA
506350,Nuculana hamata,Mollusca,Bivalvia,48,41,1938,2006,FALSE,FALSE,NA
284302,Calycopsis nematophora,Cnidaria,Hydrozoa,47,41,1890,1976,FALSE,FALSE,NA
329137,Magelona hartmanae,Annelida,Polychaeta,44,41,1957,2003,FALSE,FALSE,NA
100948,Chondrophellia coronata,Cnidaria,Hexacorallia,64,41,1989,2000,FALSE,FALSE,not available
160112,Beringius behringii,Mollusca,Gastropoda,40,40,1982,2017,FALSE,FALSE,NA
159770,Frigidoalvania brychia,Mollusca,Gastropoda,70,40,1962,1985,FALSE,FALSE,NA
373800,Antithamnionella breviramosa,Rhodophyta,Florideophyceae,81,40,1986,2008,FALSE,FALSE,NA
141166,Alvania carinata,Mollusca,Gastropoda,166,40,1962,1985,FALSE,FALSE,available
156934,Pandora inornata,Mollusca,Bivalvia,106,40,1955,2008,FALSE,FALSE,NA
451352,Eusarsiella absens,Arthropoda,Ostracoda,65,40,1996,1999,FALSE,FALSE,NA
130745,Eunoe nodosa,Annelida,Polychaeta,51,40,1955,2017,FALSE,FALSE,available
158034,Bathyporeia quoddyensis,Arthropoda,Malacostraca,144,40,1955,2006,FALSE,FALSE,NA
172496,Metaconchoecia alta,Arthropoda,Ostracoda,58,40,1950,1978,FALSE,FALSE,NA
111174,Dendrobeania murrayana,Bryozoa,Gymnolaemata,75,40,1840,1985,FALSE,FALSE,available
422419,Amathia convoluta,Bryozoa,Gymnolaemata,238,40,1885,1994,FALSE,FALSE,NA
102240,Rhachotropis oculata,Arthropoda,Malacostraca,55,40,1932,2017,FALSE,FALSE,available
160529,Nitzschia pungens,Heterokontophyta,Bacillariophyceae,430,40,1977,1991,FALSE,FALSE,available
100817,Bolocera tuediae,Cnidaria,Hexacorallia,86,40,1873,1976,FALSE,FALSE,available
334755,Scoletoma candida,Annelida,Polychaeta,69,40,1976,2015,FALSE,FALSE,NA
326317,Ampharete labrops,Annelida,Polychaeta,69,40,1971,2019,FALSE,FALSE,NA
421195,Eusarsiella ozotothrix,Arthropoda,Ostracoda,46,40,1994,2006,FALSE,FALSE,NA
503971,Neogastroclonium subarticulatum,Rhodophyta,Florideophyceae,272,40,2001,2022,FALSE,FALSE,NA
1056467,Sabaco carolinae,Annelida,Polychaeta,134,40,1965,2015,FALSE,FALSE,NA
158149,Stenothoe minuta,Arthropoda,Malacostraca,56,40,1904,2013,FALSE,FALSE,available
158154,Unciola dissimilis,Arthropoda,Malacostraca,74,40,1955,2008,FALSE,FALSE,NA
178260,Midgardia xandaros,Echinodermata,Asteroidea,61,40,1972,2000,FALSE,FALSE,NA
149262,Coscinodiscus lineatus,Heterokontophyta,Bacillariophyceae,56,40,1969,1984,FALSE,FALSE,available
884715,Kirkegaardia siblina,Annelida,Polychaeta,66,40,1999,2019,FALSE,FALSE,NA
178551,Hymenaster anomalus,Echinodermata,Asteroidea,61,40,1969,2000,FALSE,FALSE,available
106202,Neoscalpellum debile,Arthropoda,Thecostraca,61,40,2000,2000,FALSE,FALSE,not available
506960,Spondylus violacescens,Mollusca,Bivalvia,158,40,2002,2006,FALSE,FALSE,NA
139859,Melanella polita,Mollusca,Gastropoda,44,39,1941,2013,FALSE,FALSE,available
795067,Rutiderma licina,Arthropoda,Ostracoda,81,39,1973,1998,FALSE,FALSE,NA
372624,Osmundea spectabilis,Rhodophyta,Florideophyceae,213,39,2001,2022,FALSE,FALSE,NA
456596,Lottia limatula,Mollusca,Gastropoda,66,39,1922,2021,FALSE,FALSE,NA
372333,Acanthophora pacifica,Rhodophyta,Florideophyceae,108,39,1951,2010,FALSE,FALSE,NA
491185,Neptunea pribiloffensis,Mollusca,Gastropoda,43,39,1971,2015,FALSE,FALSE,NA
113091,Globocassidulina subglobosa,Foraminifera,Globothalamea,173,39,1971,1997,FALSE,FALSE,available
171329,Craniella craniana,Porifera,Demospongiae,42,39,1949,2016,FALSE,FALSE,NA
161354,Promysis atlantica,Arthropoda,Malacostraca,56,39,1953,2003,FALSE,FALSE,NA
372621,Odonthalia floccosa,Rhodophyta,Florideophyceae,328,39,2001,2022,FALSE,FALSE,NA
244666,Phylo felix,Annelida,Polychaeta,49,39,1884,2003,FALSE,FALSE,NA
106210,Semibalanus balanoides,Arthropoda,Thecostraca,96,39,1865,2018,FALSE,FALSE,available
127421,Zenion hololepis,Chordata,Teleostei,48,39,1886,1987,FALSE,FALSE,available
1318060,Aristofusus helenae,Mollusca,Gastropoda,70,39,1953,1984,FALSE,FALSE,NA
507459,Cooperella subdiaphana,Mollusca,Bivalvia,63,39,1969,2003,FALSE,FALSE,NA
247284,Pagurotanais largoensis,Arthropoda,Malacostraca,103,39,1983,2015,FALSE,FALSE,NA
148932,Thalassiosira pacifica,Heterokontophyta,Bacillariophyceae,68,39,1971,2014,FALSE,FALSE,available
113461,Turborotalita humilis,Foraminifera,Globothalamea,74,39,1959,1996,FALSE,FALSE,available
254751,Nephtys punctata,Annelida,Polychaeta,41,39,1890,2003,FALSE,FALSE,NA
934827,Reussirella doma,Bryozoa,Gymnolaemata,529,39,1962,1995,FALSE,FALSE,NA
380342,Dytaster gilberti,Echinodermata,Asteroidea,46,39,1904,1996,FALSE,FALSE,NA
135310,Poralia rufescens,Cnidaria,Scyphozoa,571,39,2000,2000,FALSE,FALSE,available
876557,Hydroides parva,Annelida,Polychaeta,177,39,1964,1991,FALSE,FALSE,NA
232546,Akashiwo sanguinea,Myzozoa,Dinophyceae,450,39,1975,2020,FALSE,FALSE,available
660754,Lyngbya majuscula,Cyanobacteria,Cyanophyceae,50,39,1950,2007,FALSE,FALSE,NA
366758,Pagurus gymnodactylus,Arthropoda,Malacostraca,41,39,1966,2001,FALSE,FALSE,NA
322571,Ophioplinthus inornata,Echinodermata,Ophiuroidea,64,39,2000,2000,FALSE,FALSE,available
409037,Lysiosquilla scabricauda,Arthropoda,Malacostraca,43,38,1875,2019,FALSE,FALSE,NA
157378,Eunice websteri,Annelida,Polychaeta,94,38,1975,2012,FALSE,FALSE,NA
944595,Gersemia juliepackardae,Cnidaria,Octocorallia,563,38,1991,2020,FALSE,FALSE,NA
131405,Syllides benedicti,Annelida,Polychaeta,239,38,1977,1984,FALSE,FALSE,available
547098,Monoculodes emarginatus,Arthropoda,Malacostraca,45,38,1955,2006,FALSE,FALSE,available
290927,Pterogorgia guadalupensis,Cnidaria,Octocorallia,85,38,1948,2013,FALSE,FALSE,NA
332800,Euchone limnicola,Annelida,Polychaeta,155,38,1973,2003,FALSE,FALSE,available
342326,Gonatopsis borealis,Mollusca,Cephalopoda,63,38,1888,2022,FALSE,FALSE,NA
158251,Metridium dianthus,Cnidaria,Hexacorallia,67,38,1875,1905,FALSE,FALSE,available
111230,Caberea ellisii,Bryozoa,Gymnolaemata,66,38,1872,1965,FALSE,FALSE,available
102166,Apherusa glacialis,Arthropoda,Malacostraca,56,38,1972,1980,FALSE,FALSE,available
129128,Diplobrachia similis,Annelida,Polychaeta,68,38,1963,1985,FALSE,FALSE,available
149322,Lithodesmium undulatum,Heterokontophyta,Bacillariophyceae,118,38,1977,2014,FALSE,FALSE,available
418547,Melosira moniliformis,Heterokontophyta,Bacillariophyceae,77,38,1975,2013,FALSE,FALSE,available
182302,Eudorellopsis longirostris,Arthropoda,Malacostraca,40,38,1987,2006,FALSE,FALSE,NA
110217,Protoperidinium depressum,Myzozoa,Dinophyceae,86,38,1969,2016,FALSE,FALSE,available
876425,Kelliopsis texasiana,Mollusca,Bivalvia,61,38,1951,2011,FALSE,FALSE,NA
107183,Munidopsis subsquamosa,Arthropoda,Malacostraca,59,38,1965,2000,FALSE,FALSE,available
372539,Callithamnion pikeanum,Rhodophyta,Florideophyceae,171,38,2001,2022,FALSE,FALSE,NA
419584,Caecum circumvolutum,Mollusca,Gastropoda,51,38,1972,2021,FALSE,FALSE,NA
157894,Livoneca ovalis,Arthropoda,Malacostraca,1049,38,1871,2007,FALSE,FALSE,NA
440889,Chasmocarcinus mississipiensis,Arthropoda,Malacostraca,124,38,1974,2011,FALSE,FALSE,NA
130207,Heterospio longissima,Annelida,Polychaeta,94,38,1975,2011,FALSE,FALSE,available
124020,Ceramaster granularis,Echinodermata,Asteroidea,64,38,1882,2019,FALSE,FALSE,available
396707,Petrolisthes armatus,Arthropoda,Malacostraca,56,38,1965,2017,FALSE,FALSE,NA
169346,Phorbas paucistylifer,Porifera,Demospongiae,41,38,2002,2016,FALSE,FALSE,NA
513144,Brisaster townsendi,Echinodermata,Echinoidea,58,38,1888,2019,FALSE,FALSE,NA
334557,Platynereis bicanaliculata,Annelida,Polychaeta,509,38,1889,2022,FALSE,FALSE,NA
214216,Herposiphonia parca,Rhodophyta,Florideophyceae,50,38,1979,2007,FALSE,FALSE,NA
409564,Narella muzikae,Cnidaria,Octocorallia,430,38,1970,2017,FALSE,FALSE,NA
1765892,Paracratis minuta,Mollusca,Bivalvia,49,37,1886,1992,FALSE,FALSE,NA
581402,Cylichna diegensis,Mollusca,Gastropoda,55,37,1984,2019,FALSE,FALSE,NA
491900,Amphideutopus oculatus,Arthropoda,Malacostraca,66,37,1999,2019,FALSE,FALSE,NA
1737226,Stirkia codii,Rhodophyta,Florideophyceae,52,37,1990,2007,FALSE,FALSE,NA
210499,Alpheus deuteropus,Arthropoda,Malacostraca,368,37,2003,2017,FALSE,FALSE,NA
1381154,Tripos teres,Myzozoa,Dinophyceae,37,37,1974,2012,FALSE,FALSE,available
129899,Notomastus lineatus,Annelida,Polychaeta,56,37,1975,2015,FALSE,FALSE,available
404208,Nucella emarginata,Mollusca,Gastropoda,85,37,1922,2022,FALSE,FALSE,NA
110293,Prorocentrum balticum,Myzozoa,Dinophyceae,96,37,1974,1984,FALSE,FALSE,available
327424,Chaetozone lunula,Annelida,Polychaeta,39,37,1991,2003,FALSE,FALSE,NA
841256,Tripos karstenii,Myzozoa,Dinophyceae,40,37,1977,1997,FALSE,FALSE,available
250968,Oligotrema psammites,Chordata,Ascidiacea,58,37,2000,2000,FALSE,FALSE,NA
533413,Sconsia grayi,Mollusca,Gastropoda,41,37,1950,2002,FALSE,FALSE,available
758590,Cerithideopsis costata,Mollusca,Gastropoda,68,37,1921,2016,FALSE,FALSE,NA
710683,Oxydromus agilis,Annelida,Polychaeta,109,37,1975,2000,FALSE,FALSE,not available
123898,Persephonaster leptactis,Echinodermata,Asteroidea,58,37,2000,2000,FALSE,FALSE,NA
254727,Barantolla americana,Annelida,Polychaeta,49,37,1959,2002,FALSE,FALSE,NA
329126,Magelona californica,Annelida,Polychaeta,260,37,1969,1976,FALSE,FALSE,NA
1379630,Ptilella grandis,Cnidaria,Octocorallia,86,37,1881,2014,FALSE,FALSE,available
420736,Isognomon alatus,Mollusca,Bivalvia,86,37,1928,2020,FALSE,FALSE,NA
398460,Careproctus comus,Chordata,Teleostei,100,37,1980,2016,FALSE,FALSE,NA
558285,Hermundura ocularis,Annelida,Polychaeta,37,37,2001,2003,FALSE,FALSE,NA
429079,Conus floridanus,Mollusca,Gastropoda,53,37,1927,2012,FALSE,FALSE,NA
106207,Chirona hameri,Arthropoda,Thecostraca,47,37,1878,1996,FALSE,FALSE,available
341616,Geminigera cryophila,Cryptophyta,Cryptophyceae,201,37,2006,2021,FALSE,FALSE,NA
123692,Freyella elegans,Echinodermata,Asteroidea,51,37,1883,2000,FALSE,FALSE,available
254690,Oridorsalis umbonatus,Foraminifera,Globothalamea,238,37,1971,1997,FALSE,FALSE,available
110041,Gonyaulax spinifera,Myzozoa,Dinophyceae,201,37,1976,2021,FALSE,FALSE,available
156433,Spio limicola,Annelida,Polychaeta,54,37,1955,2008,FALSE,FALSE,available
877052,Phrontis hotessieriana,Mollusca,Gastropoda,68,36,1938,1980,FALSE,FALSE,NA
371485,Corallophila kleiwegii,Rhodophyta,Florideophyceae,52,36,1986,2008,FALSE,FALSE,NA
196779,Paraeuchaeta elongata,Arthropoda,Copepoda,112,36,1977,2022,FALSE,FALSE,NA
495310,Sargassum polyphyllum,Ochrophyta,Phaeophyceae,96,36,1934,2006,FALSE,FALSE,NA
1497956,Caesia perpinguis,Mollusca,Gastropoda,52,36,1938,2003,FALSE,FALSE,NA
419483,Eulithidium affine,Mollusca,Gastropoda,58,36,1935,2008,FALSE,FALSE,NA
375677,Cylindrotheca fusiformis,Heterokontophyta,Bacillariophyceae,70,36,1969,1980,FALSE,FALSE,available
843658,Kinberginereis inermis,Annelida,Polychaeta,305,36,1975,1977,FALSE,FALSE,NA
371784,Cladophora columbiana,Chlorophyta,Ulvophyceae,768,36,1950,2023,FALSE,FALSE,NA
233820,Pentapharsodinium tyrrhenicum,Myzozoa,Dinophyceae,153,36,2006,2021,FALSE,FALSE,not available
376055,Dictyota sandvicensis,Ochrophyta,Phaeophyceae,90,36,1900,2010,FALSE,FALSE,NA
699648,Feldmannia mitchelliae,Ochrophyta,Phaeophyceae,60,36,1908,2007,FALSE,FALSE,available
183321,Paelopatides gigantea,Echinodermata,Holothuroidea,49,36,1883,1985,FALSE,FALSE,available
1673564,Scoletoma erecta,Annelida,Polychaeta,137,36,1975,2019,FALSE,FALSE,NA
1345055,Savoiea bipinnata,Rhodophyta,Florideophyceae,179,36,1999,2020,FALSE,FALSE,NA
376347,Dasya anastomosans,Rhodophyta,Florideophyceae,69,36,1936,2006,FALSE,FALSE,NA
333157,Brania rugulosa,Annelida,Polychaeta,59,36,1996,2001,FALSE,FALSE,NA
177726,Siphonenteron bilineatum,Nemertea,Pilidiophora,42,36,1987,2003,FALSE,FALSE,available
274368,Cottus asper,Chordata,Teleostei,82,36,1919,1992,FALSE,FALSE,NA
286310,Isidella trichotoma,Cnidaria,Octocorallia,804,36,1962,2021,FALSE,FALSE,NA
441253,Persephona aquilonaris,Arthropoda,Malacostraca,41,36,1963,2016,FALSE,FALSE,NA
422675,Bemlos spinicarpus,Arthropoda,Malacostraca,84,36,1965,2015,FALSE,FALSE,NA
333044,Aricidea (Aricidea) pseudoarticulata,Annelida,Polychaeta,71,36,1952,2003,FALSE,FALSE,available
254745,Laonome kroyeri,Annelida,Polychaeta,85,36,1976,2004,FALSE,FALSE,available
423010,Ampelisca milleri,Arthropoda,Malacostraca,224,36,1961,2003,FALSE,FALSE,not available
158134,Proboloides holmesi,Arthropoda,Malacostraca,187,36,1975,1989,FALSE,FALSE,NA
156745,Astarte quadrans,Mollusca,Bivalvia,83,36,1903,1982,FALSE,FALSE,NA
528843,Pentamera pseudocalcigera,Echinodermata,Holothuroidea,43,36,1888,2003,FALSE,FALSE,NA
370644,Notostomum cyclostomum,Annelida,Clitellata,36,36,1888,2003,FALSE,FALSE,NA
274366,Cottus aleuticus,Chordata,Teleostei,58,36,1917,2007,FALSE,FALSE,NA
286728,Caryophyllia (Caryophyllia) arnoldi,Cnidaria,Hexacorallia,65,36,1888,2016,FALSE,FALSE,NA
421026,Allia alisdairi,Annelida,Polychaeta,38,36,1976,2000,FALSE,FALSE,NA
113773,Uvigerina peregrina,Foraminifera,Globothalamea,234,36,1971,2021,FALSE,FALSE,available
760560,Nannodiella melanitica,Mollusca,Gastropoda,54,36,1886,1995,FALSE,FALSE,NA
132833,Haliclona (Haliclona) oculata,Porifera,Demospongiae,78,36,1873,2020,FALSE,FALSE,available
433447,Cryoturris citronella,Mollusca,Gastropoda,38,36,1940,2000,FALSE,FALSE,NA
1608978,Dacrygorgia modesta,Cnidaria,Octocorallia,120,36,1880,2018,FALSE,FALSE,not available
1511178,Angustassiminea succinea,Mollusca,Gastropoda,49,36,1927,2021,FALSE,FALSE,NA
145677,Agardhiella subulata,Rhodophyta,Florideophyceae,199,36,1903,2010,FALSE,FALSE,NA
465718,Stephanollona contracta,Bryozoa,Gymnolaemata,169,35,1903,1989,FALSE,FALSE,available
423324,Deflexilodes norvegicus,Arthropoda,Malacostraca,40,35,1958,2003,FALSE,FALSE,not available
131388,Sphaerosyllis hystrix,Annelida,Polychaeta,107,35,1975,2003,FALSE,FALSE,available
467577,Einhornia crustulenta,Bryozoa,Gymnolaemata,93,35,1873,1982,FALSE,FALSE,available
1322723,Eupyxidicula nipponica,Heterokontophyta,Bacillariophyceae,64,35,1934,2016,FALSE,FALSE,not available
332522,Terebellides reishi,Annelida,Polychaeta,42,35,1972,2006,FALSE,FALSE,NA
555544,Garosyrrhoe bigarra,Arthropoda,Malacostraca,40,35,1980,2015,FALSE,FALSE,NA
234904,Eremicaster pacificus,Echinodermata,Asteroidea,41,35,1888,1992,FALSE,FALSE,NA
195997,Syllis beneliahuae,Annelida,Polychaeta,42,35,1999,2008,FALSE,FALSE,not available
366676,Pagurus dalli,Arthropoda,Malacostraca,46,35,1888,2004,FALSE,FALSE,NA
1055877,Callogorgia kinoshitai,Cnidaria,Octocorallia,639,35,1967,2017,FALSE,FALSE,NA
233903,Theora lubrica,Mollusca,Bivalvia,155,35,1986,2019,FALSE,FALSE,available
279094,Genicanthus personatus,Chordata,Teleostei,305,35,1975,2017,FALSE,FALSE,NA
334498,Pholoides asperus,Annelida,Polychaeta,60,35,1949,2022,FALSE,FALSE,NA
332645,Travisia parva,Annelida,Polychaeta,81,35,1965,2013,FALSE,FALSE,NA
127767,Boroecia maxima,Arthropoda,Ostracoda,46,35,1950,1955,FALSE,FALSE,available
366670,Pagurus confragosus,Arthropoda,Malacostraca,38,35,1888,2011,FALSE,FALSE,NA
220838,Acrocalanus gracilis,Arthropoda,Copepoda,185,35,1902,2021,FALSE,FALSE,NA
394864,Caprella californica,Arthropoda,Malacostraca,80,35,1971,2019,FALSE,FALSE,NA
130717,Polygordius triestinus,Annelida,Polychaeta,60,35,1974,1980,FALSE,FALSE,not available
1311283,Pleurocorallium niveum,Cnidaria,Octocorallia,439,35,1902,2013,FALSE,FALSE,NA
110152,Heterocapsa rotundata,Myzozoa,Dinophyceae,387,35,1980,2022,FALSE,FALSE,available
326622,Aricidea tetrabranchia,Annelida,Polychaeta,380,35,1964,1985,FALSE,FALSE,not available
374658,Dotyella hawaiiensis,Rhodophyta,Florideophyceae,77,35,1959,2010,FALSE,FALSE,NA
149306,Bellerochea malleus,Heterokontophyta,Bacillariophyceae,79,35,1967,2017,FALSE,FALSE,available
1735073,Herpochondria borealis,Rhodophyta,Florideophyceae,115,35,2001,2022,FALSE,FALSE,NA
337052,Travisia gravieri,Annelida,Polychaeta,345,35,1983,1986,FALSE,FALSE,not available
111631,Anguinella palmata,Bryozoa,Gymnolaemata,117,35,1909,2019,FALSE,FALSE,available
241032,Ranilia constricta,Arthropoda,Malacostraca,39,35,1975,2011,FALSE,FALSE,NA
175326,Navicula vanhoeffenii,Heterokontophyta,Bacillariophyceae,66,35,1975,1977,FALSE,FALSE,available
292350,Mitrocoma cellularia,Cnidaria,Hydrozoa,4734,35,1905,2022,FALSE,FALSE,NA
421977,Macrocoeloma eutheca,Arthropoda,Malacostraca,47,35,1960,2021,FALSE,FALSE,NA
332022,Sphaerosyllis perkinsi,Annelida,Polychaeta,49,35,1984,2015,FALSE,FALSE,NA
287204,Chrysaora colorata,Cnidaria,Scyphozoa,121,35,1990,2022,FALSE,FALSE,NA
329206,Malmgreniella macginitiei,Annelida,Polychaeta,40,35,1999,2003,FALSE,FALSE,NA
130272,Magelona papillicornis,Annelida,Polychaeta,51,35,1975,2010,FALSE,FALSE,available
334725,Scalibregma stenocerum,Annelida,Polychaeta,42,35,1977,2015,FALSE,FALSE,available
144664,Polysiphonia scopulorum,Rhodophyta,Florideophyceae,56,35,1953,2005,FALSE,FALSE,available
286512,Narella bowersi,Cnidaria,Octocorallia,185,35,1902,2021,FALSE,FALSE,NA
372327,Ceramium clarionense,Rhodophyta,Florideophyceae,48,35,1981,2007,FALSE,FALSE,NA
1704259,Collophidium serpentinum,Radiozoa,Polycystina,170,35,2016,2021,FALSE,FALSE,NA
451195,Harbansus dayi,Arthropoda,Ostracoda,72,35,1964,1977,FALSE,FALSE,NA
146768,Caprella mutica,Arthropoda,Malacostraca,155,35,1973,2019,FALSE,FALSE,available
275386,Narcine bancroftii,Chordata,Elasmobranchii,36,34,1883,2011,TRUE,TRUE,NA
149266,Coscinodiscus curvatulus,Heterokontophyta,Bacillariophyceae,62,34,1934,2012,FALSE,FALSE,available
182361,Nippoleucon hinumensis,Arthropoda,Malacostraca,137,34,1991,2010,FALSE,FALSE,available
418846,Chironephthya caribaea,Cnidaria,Octocorallia,237,34,1972,2018,FALSE,FALSE,NA
107206,Neolithodes grimaldii,Arthropoda,Malacostraca,36,34,1883,2005,FALSE,FALSE,available
250126,Didemnum vexillum,Chordata,Ascidiacea,80,34,1997,2019,FALSE,FALSE,available
366320,Elassochirus cavimanus,Arthropoda,Malacostraca,39,34,1888,2006,FALSE,FALSE,NA
102199,Eusirus cuspidatus,Arthropoda,Malacostraca,51,34,1911,2021,FALSE,FALSE,available
214295,Sphacelaria novae-hollandiae,Ochrophyta,Phaeophyceae,48,34,1953,2007,FALSE,FALSE,NA
1739403,Ceramothamnion dumosertum,Rhodophyta,Florideophyceae,64,34,1954,2007,FALSE,FALSE,NA
372563,Cryptosiphonia woodii,Rhodophyta,Florideophyceae,109,34,2001,2022,FALSE,FALSE,NA
238203,Myrianida dentalia,Annelida,Polychaeta,60,34,1905,2019,FALSE,FALSE,available
395036,Pyromaia tuberculata,Arthropoda,Malacostraca,125,34,1889,2019,FALSE,FALSE,NA
573878,Hemiselmis rufescens,Cryptophyta,Cryptophyceae,198,34,2006,2021,FALSE,FALSE,available
1766042,Polyschides quadridentatus,Mollusca,Scaphopoda,85,34,1975,2004,FALSE,FALSE,NA
220915,Candacia bispinosa,Arthropoda,Copepoda,39,34,1914,2016,FALSE,FALSE,available
195996,Syllis alosae,Annelida,Polychaeta,75,34,1995,2008,FALSE,FALSE,not available
374692,Polysiphonia homoia,Rhodophyta,Florideophyceae,52,34,1959,2007,FALSE,FALSE,NA
549068,Metaphoxus frequens,Arthropoda,Malacostraca,58,34,1955,2003,FALSE,FALSE,NA
333515,Gymnonereis crosslandi,Annelida,Polychaeta,40,34,1976,2019,FALSE,FALSE,NA
451187,Pseudophilomedes ferulana,Arthropoda,Ostracoda,47,34,1972,1999,FALSE,FALSE,NA
371057,Grinnellia americana,Rhodophyta,Florideophyceae,266,34,1903,2003,FALSE,FALSE,NA
120193,Pseudomma truncatum,Arthropoda,Malacostraca,43,34,1883,1987,FALSE,FALSE,available
158245,Haloclava producta,Cnidaria,Hexacorallia,106,34,1964,1986,FALSE,FALSE,NA
374120,Silvetia compressa,Ochrophyta,Phaeophyceae,932,34,2001,2023,FALSE,FALSE,NA
568045,Heterocentrotus mamillatus,Echinodermata,Echinoidea,418,34,1902,2017,FALSE,FALSE,available
234851,Alitta virens,Annelida,Polychaeta,67,34,1873,2001,FALSE,FALSE,available
834720,Halitholus yoldiaearcticae,Cnidaria,Hydrozoa,52,34,1972,1987,FALSE,FALSE,not available
421143,Balanus calidus,Arthropoda,Thecostraca,34,34,1885,1995,FALSE,FALSE,NA
373037,Aglaothamnion boergesenii,Rhodophyta,Florideophyceae,51,34,1944,2007,FALSE,FALSE,NA
127995,Sarsicytheridea punctillata,Arthropoda,Ostracoda,35,34,1905,1905,FALSE,FALSE,not available
878521,Ameritella tenella,Mollusca,Bivalvia,34,34,1875,2019,FALSE,FALSE,available
742166,Leodice americana,Annelida,Polychaeta,39,34,2003,2004,FALSE,FALSE,NA
214222,Herposiphonia secunda,Rhodophyta,Florideophyceae,59,34,2000,2008,FALSE,FALSE,available
130514,Leitoscoloplos mammosus,Annelida,Polychaeta,146,34,1978,1988,FALSE,FALSE,available
129844,Laetmonice filicornis,Annelida,Polychaeta,49,34,1955,2005,FALSE,FALSE,available
371938,Petrospongium rugosum,Ochrophyta,Phaeophyceae,79,34,2001,2022,FALSE,FALSE,NA
613429,Phaeocystis cordata,Haptophyta,Coccolithophyceae,170,34,2006,2021,FALSE,FALSE,NA
103885,Dendrodoa pulchella,Chordata,Ascidiacea,40,34,1958,2000,FALSE,FALSE,NA
558283,Hermundura americana,Annelida,Polychaeta,51,34,1980,2004,FALSE,FALSE,NA
345322,Acanthohaustorius spinosus,Arthropoda,Malacostraca,67,34,1953,1985,FALSE,FALSE,NA
360051,Parvocalanus crassirostris,Arthropoda,Copepoda,131,34,1953,1998,FALSE,FALSE,available
132251,Sycon ciliatum,Porifera,Calcarea,127,33,1877,2016,FALSE,FALSE,available
334327,Owenia collaris,Annelida,Polychaeta,47,33,1971,2006,FALSE,FALSE,NA
247537,Mesotanais vadicola,Arthropoda,Malacostraca,77,33,1977,1985,FALSE,FALSE,NA
171508,Hyalonema (Oonema) bianchoratum,Porifera,Hexactinellida,332,33,1965,2013,FALSE,FALSE,NA
113110,Pullenia bulloides,Foraminifera,Globothalamea,157,33,1971,1997,FALSE,FALSE,available
376073,Pycnococcus provasolii,Chlorophyta,Pyramimonadophyceae,129,33,1978,2022,FALSE,FALSE,NA
421040,Mexieulepis weberi,Annelida,Polychaeta,44,33,1970,2007,FALSE,FALSE,NA
332700,Cirriformia spirabrancha,Annelida,Polychaeta,82,33,1919,2001,FALSE,FALSE,NA
233084,Takayama pulchella,Myzozoa,Dinophyceae,116,33,1996,2021,FALSE,FALSE,available
841200,Tripos contortus,Myzozoa,Dinophyceae,33,33,1976,2015,FALSE,FALSE,available
238377,Cistenides granulata,Annelida,Polychaeta,46,33,1976,2016,FALSE,FALSE,available
139036,Cuvierina columnella,Mollusca,Gastropoda,68,33,1941,2020,FALSE,FALSE,available
395016,Pachygrapsus crassipes,Arthropoda,Malacostraca,66,33,1975,2022,FALSE,FALSE,NA
363905,Delius nudus,Arthropoda,Copepoda,95,33,1964,2021,FALSE,FALSE,available
327415,Chaetozone columbiana,Annelida,Polychaeta,37,33,1980,2003,FALSE,FALSE,NA
158041,Mayerella limicola,Arthropoda,Malacostraca,69,33,1961,2011,FALSE,FALSE,NA
145541,Ascophyllum nodosum,Ochrophyta,Phaeophyceae,113,33,1903,2020,FALSE,FALSE,available
421133,Conopea galeata,Arthropoda,Thecostraca,34,33,1936,2019,FALSE,FALSE,NA
162810,Actinocyclus senarius,Heterokontophyta,Bacillariophyceae,284,33,1964,2014,FALSE,FALSE,available
555052,Thalassionema frauenfeldii,Heterokontophyta,Bacillariophyceae,160,33,1974,2013,FALSE,FALSE,available
529599,Pentamera populifera,Echinodermata,Holothuroidea,41,33,1889,2014,FALSE,FALSE,NA
451384,Eusarsiella nodimarginis,Arthropoda,Ostracoda,47,33,1977,2007,FALSE,FALSE,NA
178242,Cheiraster (Barbadosaster) echinulatus,Echinodermata,Asteroidea,54,33,1950,2017,FALSE,FALSE,NA
238200,Myrianida prolifera,Annelida,Polychaeta,66,33,1881,2007,FALSE,FALSE,available
376147,Chlorarachnion reptans,Chlorarachniophyta,Chlorarachniophyceae,158,33,2021,2023,FALSE,FALSE,NA
327523,Eteone californica,Annelida,Polychaeta,156,33,1932,2003,FALSE,FALSE,NA
254734,Dyopedos arcticus,Arthropoda,Malacostraca,38,33,1955,2003,FALSE,FALSE,NA
125348,Acanthogorgia armata,Cnidaria,Octocorallia,126,33,1879,2019,FALSE,FALSE,available
494947,Antithamnion antillanum,Rhodophyta,Florideophyceae,49,33,1979,2006,FALSE,FALSE,available
157485,Meiodorvillea minuta,Annelida,Polychaeta,130,33,1976,1986,FALSE,FALSE,NA
527881,Fissurella volcano,Mollusca,Gastropoda,66,33,1916,2021,FALSE,FALSE,NA
130981,Sclerobregma branchiatum,Annelida,Polychaeta,242,33,1961,1985,FALSE,FALSE,available
330868,Polycirrus carolinensis,Annelida,Polychaeta,80,33,1965,2015,FALSE,FALSE,NA
464195,Lucinisca centrifuga,Mollusca,Bivalvia,38,33,1922,2010,FALSE,FALSE,NA
265761,Siboglinum fulgens,Annelida,Polychaeta,48,33,1964,1986,FALSE,FALSE,NA
491531,Parahaustorius attenuatus,Arthropoda,Malacostraca,105,33,1955,1997,FALSE,FALSE,NA
232731,Lepidodinium viride,Myzozoa,Dinophyceae,264,33,2006,2021,FALSE,FALSE,available
136903,Paulinella ovalis,Cercozoa,Imbricatea,49,33,1974,1980,FALSE,FALSE,available
145544,Fucus distichus,Ochrophyta,Phaeophyceae,1140,33,1905,2023,FALSE,FALSE,available
759947,Megasyllis nipponica,Annelida,Polychaeta,148,33,2000,2019,FALSE,FALSE,NA
208944,Madracis kauaiensis,Cnidaria,Hexacorallia,126,32,1902,2009,FALSE,FALSE,NA
109578,Amoebophrya ceratii,Myzozoa,Dinophyceae,96,32,2021,2021,FALSE,FALSE,available
422543,Eusynstyela floridana,Chordata,Ascidiacea,69,32,1885,2019,FALSE,FALSE,NA
107537,Trachycaris restricta,Arthropoda,Malacostraca,53,32,1885,2016,FALSE,FALSE,available
102403,Ericthonius difformis,Arthropoda,Malacostraca,46,32,1955,2017,FALSE,FALSE,available
124989,Ophiacantha fraterna,Echinodermata,Ophiuroidea,47,32,1873,1985,FALSE,FALSE,available
126745,Normichthys operosus,Chordata,Teleostei,65,32,2002,2008,FALSE,FALSE,available
1356824,Symphyocladiella dendroidea,Rhodophyta,Florideophyceae,58,32,2001,2021,FALSE,FALSE,NA
158266,Clavularia modesta,Cnidaria,Octocorallia,88,32,1873,2009,FALSE,FALSE,NA
113042,Bulimina marginata,Foraminifera,Globothalamea,201,32,1983,1997,FALSE,FALSE,available
464142,Divaricella dentata,Mollusca,Bivalvia,61,32,1926,2011,FALSE,FALSE,NA
615468,Chrysochromulina campanulifera,Haptophyta,Coccolithophyceae,150,32,2021,2021,FALSE,FALSE,NA
418046,Melonis affinis,Foraminifera,Globothalamea,165,32,1978,1997,FALSE,FALSE,available
327421,Chaetozone hartmanae,Annelida,Polychaeta,39,32,2003,2003,FALSE,FALSE,NA
423170,Augeneria albidentata,Annelida,Polychaeta,96,32,1975,1983,FALSE,FALSE,not available
171875,Regadrella okinoseana,Porifera,Hexactinellida,32,32,2004,2015,FALSE,FALSE,NA
338345,Fimbriosthenelais hobbsi,Annelida,Polychaeta,59,32,1994,2015,FALSE,FALSE,NA
330087,Odontosyllis phosphorea,Annelida,Polychaeta,48,32,1914,2019,FALSE,FALSE,NA
1313606,Melanothamnus sphaerocarpus,Rhodophyta,Florideophyceae,72,32,1942,2004,FALSE,FALSE,available
380745,Benthopecten acanthonotus,Echinodermata,Asteroidea,35,32,1889,1984,FALSE,FALSE,NA
423554,Neptunea amianta,Mollusca,Gastropoda,216,32,1961,2009,FALSE,FALSE,NA
131494,Lanassa venusta,Annelida,Polychaeta,55,32,1976,2006,FALSE,FALSE,available
730683,Tanseimaruana vestis,Annelida,Polychaeta,185,32,1983,1986,FALSE,FALSE,not available
181931,Diastylis bidentata,Arthropoda,Malacostraca,41,32,1975,2003,FALSE,FALSE,NA
471745,Discoporella umbellata,Bryozoa,Gymnolaemata,295,32,1885,1995,FALSE,FALSE,available
1423136,Regioscalpellum regium,Arthropoda,Thecostraca,34,32,2000,2000,FALSE,FALSE,not available
418845,Chironephthya agassizii,Cnidaria,Octocorallia,105,32,1879,2017,FALSE,FALSE,NA
329125,Magelona berkeleyi,Annelida,Polychaeta,36,32,1978,2003,FALSE,FALSE,NA
419546,Vermicularia knorrii,Mollusca,Gastropoda,59,32,1939,2019,FALSE,FALSE,NA
111186,Amphiblestrum auritum,Bryozoa,Gymnolaemata,67,32,1882,1982,FALSE,FALSE,available
376277,Bigelowiella natans,Chlorarachniophyta,Chlorarachniophyceae,228,32,2014,2023,FALSE,FALSE,NA
514112,Allosergestes pectinatus,Arthropoda,Malacostraca,33,32,1965,1984,FALSE,FALSE,available
261333,Munnogonium tillerae,Arthropoda,Malacostraca,38,32,1987,2019,FALSE,FALSE,NA
493304,Astrosphaera hexagonalis,Radiozoa,Polycystina,212,32,2011,2021,FALSE,FALSE,NA
397131,Macoma petalum,Mollusca,Bivalvia,338,32,1962,2003,FALSE,FALSE,NA
730482,Favartia macgintyi,Mollusca,Gastropoda,42,32,1940,1982,FALSE,FALSE,NA
130402,Nereis lamellosa,Annelida,Polychaeta,73,32,1975,1994,FALSE,FALSE,available
155928,Tarrhomyos luridus,Nemertea,Pilidiophora,85,32,1873,1982,FALSE,FALSE,NA
112990,Bolivina subaenariensis,Foraminifera,Globothalamea,88,32,1983,1997,FALSE,FALSE,available
328370,Heteromastus filobranchus,Annelida,Polychaeta,64,32,1970,2006,FALSE,FALSE,NA
280222,Clinocottus recalvus,Chordata,Teleostei,169,32,1930,2022,FALSE,FALSE,NA
730751,Paradoneis forticirrata,Annelida,Polychaeta,36,32,1976,2015,FALSE,FALSE,NA
158230,Diadumene leucolena,Cnidaria,Hexacorallia,48,32,1976,2023,FALSE,FALSE,NA
128024,Cytheropteron nodosoalatum,Arthropoda,Ostracoda,34,32,NA,NA,FALSE,FALSE,not available
507661,Globivenus strigillina,Mollusca,Bivalvia,41,32,1949,2014,FALSE,FALSE,NA
328914,Lumbrineriopsis gardineri,Annelida,Polychaeta,39,32,1963,2011,FALSE,FALSE,NA
145310,Desmarestia viridis,Ochrophyta,Phaeophyceae,199,32,1903,2010,FALSE,FALSE,available
110618,Leucon (Leucon) nasica,Arthropoda,Malacostraca,34,32,1975,2004,FALSE,FALSE,available
574096,Ecrobia truncata,Mollusca,Gastropoda,60,32,1904,1998,FALSE,FALSE,available
291180,Tanacetipathes tanacetum,Cnidaria,Hexacorallia,107,32,1878,2017,FALSE,FALSE,NA
409563,Narella gigas,Cnidaria,Octocorallia,458,31,1971,2015,FALSE,FALSE,NA
155171,Amphicorina armandi,Annelida,Polychaeta,164,31,1975,1977,FALSE,FALSE,available
136336,Neotanais micromopher,Arthropoda,Malacostraca,47,31,1884,1964,FALSE,FALSE,not available
355663,Sinocalanus sinensis,Arthropoda,Copepoda,146,31,2021,2021,FALSE,FALSE,NA
409567,Narella alata,Cnidaria,Octocorallia,148,31,1971,2019,FALSE,FALSE,NA
102059,Unciola leucopis,Arthropoda,Malacostraca,73,31,1955,2015,FALSE,FALSE,available
119077,Leucocryptos marina,Cryptophyta,Cryptophyta incertae sedis,157,31,2005,2023,FALSE,FALSE,available
1649784,Hansarsia difficilis,Arthropoda,Malacostraca,75,31,1892,1997,FALSE,FALSE,not available
102443,Protomedeia fasciata,Arthropoda,Malacostraca,61,31,1954,1982,FALSE,FALSE,available
863033,Lirophora varicosa,Mollusca,Bivalvia,39,31,1951,2019,FALSE,FALSE,NA
130367,Ceratocephale loveni,Annelida,Polychaeta,76,31,1878,2003,FALSE,FALSE,available
106382,Hormiphora cucumis,Ctenophora,Tentaculata,33,31,1976,2022,FALSE,FALSE,available
467486,Retimohnia caelata,Mollusca,Gastropoda,51,31,1884,1989,FALSE,FALSE,available
422997,Ampelisca indentata,Arthropoda,Malacostraca,38,31,1957,2019,FALSE,FALSE,NA
278449,Dascyllus auripinnis,Chordata,Teleostei,996,31,2001,2018,FALSE,FALSE,NA
110244,Protoperidinium pallidum,Myzozoa,Dinophyceae,47,31,1974,2011,FALSE,FALSE,available
334727,Schistomeringos annulata,Annelida,Polychaeta,142,31,1973,2003,FALSE,FALSE,NA
329960,Ninoe tridentata,Annelida,Polychaeta,36,31,1987,2019,FALSE,FALSE,NA
214332,Chnoospora minima,Ochrophyta,Phaeophyceae,114,31,1943,2006,FALSE,FALSE,NA
113077,Cassidulina laevigata,Foraminifera,Globothalamea,71,31,1980,2021,FALSE,FALSE,available
404477,Acanthinucella spirata,Mollusca,Gastropoda,42,31,1956,2003,FALSE,FALSE,NA
275329,Ictalurus furcatus,Chordata,Teleostei,708,31,1970,2013,FALSE,FALSE,NA
495068,Jania subulata,Rhodophyta,Florideophyceae,152,31,1908,2010,FALSE,FALSE,NA
366786,Pagurus samuelis,Arthropoda,Malacostraca,59,31,1972,2023,FALSE,FALSE,NA
158417,Hemigrapsus sanguineus,Arthropoda,Malacostraca,77,31,2000,2018,FALSE,FALSE,available
1116761,Trachythela rudis,Cnidaria,Octocorallia,207,31,1885,2019,FALSE,FALSE,available
283565,Halcampa decemtentaculata,Cnidaria,Hexacorallia,32,31,1979,2006,FALSE,FALSE,NA
113341,Hoeglundina elegans,Foraminifera,Globothalamea,101,31,1978,1997,FALSE,FALSE,available
183413,Scleroptilum grandiflorum,Cnidaria,Octocorallia,88,31,1883,1986,FALSE,FALSE,not available
103740,Chelyosoma macleayanum,Chordata,Ascidiacea,48,31,1978,2017,FALSE,FALSE,available
1255501,Wecomedon nobilis,Arthropoda,Malacostraca,55,31,1954,2006,FALSE,FALSE,NA
130044,Schistomeringos neglecta,Annelida,Polychaeta,204,31,1975,1978,FALSE,FALSE,available
128252,Roundstonia globulifera,Arthropoda,Ostracoda,32,31,NA,NA,FALSE,FALSE,available
547044,Deflexilodes intermedius,Arthropoda,Malacostraca,60,31,1973,2008,FALSE,FALSE,available
125413,Thouarella (Euthouarella) hilgendorfi,Cnidaria,Octocorallia,532,31,1906,2019,FALSE,FALSE,available
731610,Mesokalliapseudes macsweenyi,Arthropoda,Malacostraca,46,31,1981,2015,FALSE,FALSE,NA
420128,Gibberula catenata,Mollusca,Gastropoda,82,31,1938,2010,FALSE,FALSE,NA
821610,Polycirrus dubius,Annelida,Polychaeta,39,31,1975,2015,FALSE,FALSE,NA
330781,Pista percyi,Annelida,Polychaeta,47,31,2003,2003,FALSE,FALSE,NA
156629,Coscinodiscus marginatus,Heterokontophyta,Bacillariophyceae,78,31,1964,2013,FALSE,FALSE,available
168989,Lissodendoryx (Anomodoryx) sigmata,Porifera,Demospongiae,45,31,1955,2015,FALSE,FALSE,NA
750375,Siphonaria naufragum,Mollusca,Gastropoda,62,31,1927,2015,FALSE,FALSE,NA
548940,Heterophoxus ellisi,Arthropoda,Malacostraca,38,31,2003,2003,FALSE,FALSE,NA
374656,Dasya kristeniae,Rhodophyta,Florideophyceae,58,31,1981,2007,FALSE,FALSE,NA
144782,Taenioma perpusillum,Rhodophyta,Florideophyceae,58,30,1963,2007,FALSE,FALSE,NA
582522,Isidella tentaculum,Cnidaria,Octocorallia,689,30,2002,2020,FALSE,FALSE,NA
1346683,Kryptoperidinium triquetrum,Myzozoa,Dinophyceae,273,30,1976,2021,FALSE,FALSE,available
285846,Stylaster alaskanus,Cnidaria,Hydrozoa,56,30,1893,2016,FALSE,FALSE,NA
1338678,Solella monniotae,Bryozoa,Gymnolaemata,96,30,1984,1985,FALSE,FALSE,not available
130781,Harmothoe spinifera,Annelida,Polychaeta,179,30,1975,1983,FALSE,FALSE,available
149127,Chaetoceros similis,Heterokontophyta,Bacillariophyceae,35,30,1975,1996,FALSE,FALSE,available
333651,Hypereteone fauchaldi,Annelida,Polychaeta,34,30,1975,2011,FALSE,FALSE,NA
417221,Eutintinnus tenuis,Ciliophora,Oligotrichea,64,30,2006,2016,FALSE,FALSE,NA
879965,Macoploma extenuata,Mollusca,Bivalvia,41,30,1976,2015,FALSE,FALSE,NA
157207,Agarum clathratum,Ochrophyta,Phaeophyceae,801,30,2003,2012,FALSE,FALSE,NA
104292,Chiridius obtusifrons,Arthropoda,Copepoda,61,30,1957,1998,FALSE,FALSE,available
111285,Turbicellepora avicularis,Bryozoa,Gymnolaemata,270,30,1903,1967,FALSE,FALSE,available
1729712,Chaetocirratulus gayheadius,Annelida,Polychaeta,55,30,1975,1978,FALSE,FALSE,NA
451193,Harbansus bowenae,Arthropoda,Ostracoda,57,30,1975,2006,FALSE,FALSE,NA
247376,Neotanais armiger,Arthropoda,Malacostraca,57,30,1963,2019,FALSE,FALSE,NA
157898,Olencira praegustator,Arthropoda,Malacostraca,35,30,1894,1990,FALSE,FALSE,NA
120111,Mysis litoralis,Arthropoda,Malacostraca,45,30,1880,1980,FALSE,FALSE,available
423307,Cytheropteron champlainum,Arthropoda,Ostracoda,31,30,NA,NA,FALSE,FALSE,NA
224909,Trachypollia turricula,Mollusca,Gastropoda,35,30,1966,2010,FALSE,FALSE,NA
247514,Salemia coeca,Arthropoda,Malacostraca,55,30,1972,2003,FALSE,FALSE,NA
333782,Leiochrides pallidior,Annelida,Polychaeta,49,30,1975,1982,FALSE,FALSE,NA
329073,Myriochele olgae,Annelida,Polychaeta,58,30,1988,2006,FALSE,FALSE,available
125083,Amphiura (Amphiura) grandisquama,Echinodermata,Ophiuroidea,90,30,1877,2008,FALSE,FALSE,not available
149291,Chaetoceros brevis,Heterokontophyta,Bacillariophyceae,200,30,1934,2016,FALSE,FALSE,available
637672,Vertebrata fucoides,Rhodophyta,Florideophyceae,193,30,1904,2000,FALSE,FALSE,available
113047,Bulimina striata,Foraminifera,Globothalamea,132,30,1983,1997,FALSE,FALSE,available
536683,Siliqua lucida,Mollusca,Bivalvia,45,30,1939,2003,FALSE,FALSE,NA
178911,Lasaea adansoni,Mollusca,Bivalvia,55,30,1939,2021,FALSE,FALSE,available
327952,Exallopus cropion,Annelida,Polychaeta,57,30,1983,1986,FALSE,FALSE,NA
130697,Litocorsa stremma,Annelida,Polychaeta,225,30,1975,1978,FALSE,FALSE,not available
420361,Stellatoma stellata,Mollusca,Gastropoda,41,30,1918,2019,FALSE,FALSE,NA
1420845,Coanicardita ventricosa,Mollusca,Bivalvia,31,30,1938,2017,FALSE,FALSE,NA
1361158,Chloroparvula pacifica,Chlorophyta,Chloropicophyceae,709,30,2021,2022,FALSE,FALSE,NA
130294,Euclymene oerstedii,Annelida,Polychaeta,134,30,1975,1978,FALSE,FALSE,available
441520,Chorilia longipes,Arthropoda,Malacostraca,411,30,1965,2024,FALSE,FALSE,NA
157927,Corymorpha pendula,Cnidaria,Hydrozoa,46,30,1877,1985,FALSE,FALSE,NA
103560,Didemnum albidum,Chordata,Ascidiacea,33,30,1873,2015,FALSE,FALSE,available
1356750,Gymnogongrus durvillei,Rhodophyta,Florideophyceae,69,30,1900,2005,FALSE,FALSE,NA
515551,Crangon nigricauda,Arthropoda,Malacostraca,67,30,1912,2003,FALSE,FALSE,NA
220914,Candacia simplex,Arthropoda,Copepoda,38,30,1889,2006,FALSE,FALSE,available
457631,Niteomica captainkiddae,Mollusca,Caudofoveata,55,30,1981,2000,FALSE,FALSE,NA
327589,Eulalia levicornuta,Annelida,Polychaeta,35,30,2003,2003,FALSE,FALSE,NA
111592,Watersipora subtorquata,Bryozoa,Gymnolaemata,168,30,1963,2022,FALSE,FALSE,available
158412,Dissodactylus mellitae,Arthropoda,Malacostraca,46,30,1900,2006,FALSE,FALSE,NA
